Facility Name,Facility ID,State,Measure Name,Number of Discharges,Footnote,Excess Readmission Ratio,Predicted Readmission Rate,Expected Readmission Rate,Number of Readmissions,Start Date,End Date,excess_readmissions
SOUTHEAST HEALTH MEDICAL CENTER,010001,AL,READM-30-HF-HRRP,653.0,,1.0233,20.5695,20.101,136.0,07/01/2021,06/30/2024,4.740470000000016
MARSHALL MEDICAL CENTERS,010005,AL,READM-30-HF-HRRP,164.0,,1.0087,20.9512,20.77,35.0,07/01/2021,06/30/2024,0.9372000000000043
NORTH ALABAMA MEDICAL CENTER,010006,AL,READM-30-COPD-HRRP,174.0,,1.052,19.1045,18.1604,37.0,07/01/2021,06/30/2024,5.400904000000001
MIZELL MEMORIAL HOSPITAL,010007,AL,READM-30-PN-HRRP,84.0,,1.0345,16.336,15.7913,16.0,07/01/2021,06/30/2024,2.735308
MIZELL MEMORIAL HOSPITAL,010007,AL,READM-30-HF-HRRP,39.0,,1.062,19.6947,18.5446,12.0,07/01/2021,06/30/2024,4.767606
ST. VINCENT'S EAST,010011,AL,READM-30-CABG-HRRP,63.0,29,1.1213,12.5649,11.2054,11.0,07/01/2021,06/30/2024,3.9405980000000005
ST. VINCENT'S EAST,010011,AL,READM-30-HF-HRRP,268.0,29,1.0373,19.906,19.1894,56.0,07/01/2021,06/30/2024,4.572408000000003
ST. VINCENT'S EAST,010011,AL,READM-30-PN-HRRP,281.0,29,1.0102,16.1282,15.9654,46.0,07/01/2021,06/30/2024,1.1372259999999983
DEKALB REGIONAL MEDICAL CENTER,010012,AL,READM-30-HF-HRRP,98.0,,1.084,19.6001,18.0817,25.0,07/01/2021,06/30/2024,7.279934000000001
DEKALB REGIONAL MEDICAL CENTER,010012,AL,READM-30-PN-HRRP,142.0,,1.0206,15.253,14.9444,23.0,07/01/2021,06/30/2024,1.7789520000000003
SHELBY BAPTIST MEDICAL CENTER,010016,AL,READM-30-PN-HRRP,216.0,,1.0292,16.7023,16.2284,38.0,07/01/2021,06/30/2024,2.9466559999999973
SHELBY BAPTIST MEDICAL CENTER,010016,AL,READM-30-HF-HRRP,212.0,,1.0053,20.1019,19.9957,43.0,07/01/2021,06/30/2024,0.6091160000000002
HELEN KELLER HOSPITAL,010019,AL,READM-30-COPD-HRRP,169.0,,1.0327,17.547,16.991,32.0,07/01/2021,06/30/2024,3.2852099999999993
HELEN KELLER HOSPITAL,010019,AL,READM-30-PN-HRRP,235.0,,1.0061,13.8755,13.7919,33.0,07/01/2021,06/30/2024,0.5890349999999955
BAPTIST MEDICAL CENTER SOUTH,010023,AL,READM-30-HF-HRRP,289.0,,1.0589,22.0595,20.8335,68.0,07/01/2021,06/30/2024,7.791184999999992
BAPTIST MEDICAL CENTER SOUTH,010023,AL,READM-30-PN-HRRP,162.0,,1.049,18.3401,17.4837,33.0,07/01/2021,06/30/2024,4.676406
BAPTIST MEDICAL CENTER SOUTH,010023,AL,READM-30-COPD-HRRP,64.0,,1.0436,19.9666,19.1329,16.0,07/01/2021,06/30/2024,3.754944
BAPTIST MEDICAL CENTER SOUTH,010023,AL,READM-30-AMI-HRRP,186.0,,1.0084,14.2828,14.1632,27.0,07/01/2021,06/30/2024,0.6564479999999975
JACKSON HOSPITAL & CLINIC INC,010024,AL,READM-30-PN-HRRP,260.0,,1.0066,15.9827,15.8774,42.0,07/01/2021,06/30/2024,0.7187600000000032
JACKSON HOSPITAL & CLINIC INC,010024,AL,READM-30-AMI-HRRP,141.0,,1.0203,14.862,14.5665,22.0,07/01/2021,06/30/2024,1.461235000000002
JACKSON HOSPITAL & CLINIC INC,010024,AL,READM-30-HF-HRRP,321.0,,1.0207,19.7846,19.3825,65.0,07/01/2021,06/30/2024,2.7821750000000023
THE EAST ALABAMA HEALTHCARE AUTHORITY,010029,AL,READM-30-HF-HRRP,253.0,29,1.0273,18.6111,18.1163,49.0,07/01/2021,06/30/2024,3.1657610000000034
THE EAST ALABAMA HEALTHCARE AUTHORITY,010029,AL,READM-30-AMI-HRRP,91.0,29,1.0521,11.5674,10.9948,13.0,07/01/2021,06/30/2024,2.994732000000001
UNIVERSITY OF ALABAMA HOSPITAL,010033,AL,READM-30-PN-HRRP,343.0,,1.0983,17.1081,15.5775,65.0,07/01/2021,06/30/2024,11.569175000000001
UNIVERSITY OF ALABAMA HOSPITAL,010033,AL,READM-30-CABG-HRRP,358.0,,1.2863,15.142,11.7722,61.0,07/01/2021,06/30/2024,18.855524000000003
UNIVERSITY OF ALABAMA HOSPITAL,010033,AL,READM-30-AMI-HRRP,295.0,,1.1901,17.2513,14.4954,60.0,07/01/2021,06/30/2024,17.238570000000003
CULLMAN REGIONAL MEDICAL CENTER,010035,AL,READM-30-COPD-HRRP,137.0,,1.0725,17.5077,16.3246,29.0,07/01/2021,06/30/2024,6.635297999999999
ANDALUSIA HEALTH,010036,AL,READM-30-HF-HRRP,133.0,,1.0426,21.7269,20.8389,32.0,07/01/2021,06/30/2024,4.284263000000003
GADSDEN REGIONAL MEDICAL CENTER,010040,AL,READM-30-PN-HRRP,248.0,,1.0159,16.9093,16.6453,43.0,07/01/2021,06/30/2024,1.7196560000000005
GADSDEN REGIONAL MEDICAL CENTER,010040,AL,READM-30-CABG-HRRP,47.0,,1.1728,14.2767,12.1729,11.0,07/01/2021,06/30/2024,5.278737
RIVERVIEW REGIONAL MEDICAL CENTER,010046,AL,READM-30-HF-HRRP,275.0,,1.106,23.0676,20.8569,71.0,07/01/2021,06/30/2024,13.643524999999997
RIVERVIEW REGIONAL MEDICAL CENTER,010046,AL,READM-30-PN-HRRP,322.0,,1.1181,17.8297,15.9464,65.0,07/01/2021,06/30/2024,13.652591999999999
RIVERVIEW REGIONAL MEDICAL CENTER,010046,AL,READM-30-COPD-HRRP,99.0,,1.0628,18.6955,17.591,23.0,07/01/2021,06/30/2024,5.584910000000001
MEDICAL CENTER ENTERPRISE,010049,AL,READM-30-COPD-HRRP,58.0,,1.0197,16.5552,16.2357,11.0,07/01/2021,06/30/2024,1.5832940000000004
FLOWERS HOSPITAL,010055,AL,READM-30-PN-HRRP,302.0,,1.0375,15.4196,14.8628,49.0,07/01/2021,06/30/2024,4.114343999999996
FLOWERS HOSPITAL,010055,AL,READM-30-CABG-HRRP,106.0,,1.1266,12.1697,10.802,16.0,07/01/2021,06/30/2024,4.549880000000002
FLOWERS HOSPITAL,010055,AL,READM-30-HIP-KNEE-HRRP,182.0,,1.3851,6.2042,4.4792,15.0,07/01/2021,06/30/2024,6.847856
FLOWERS HOSPITAL,010055,AL,READM-30-AMI-HRRP,264.0,,1.083,12.511,11.5523,37.0,07/01/2021,06/30/2024,6.5019279999999995
ST VINCENT'S BIRMINGHAM,010056,AL,READM-30-AMI-HRRP,122.0,29,1.0865,13.7718,12.6757,21.0,07/01/2021,06/30/2024,5.535646
ST VINCENT'S BIRMINGHAM,010056,AL,READM-30-PN-HRRP,393.0,29,1.0772,16.2944,15.1266,69.0,07/01/2021,06/30/2024,9.552461999999998
ST VINCENT'S BIRMINGHAM,010056,AL,READM-30-CABG-HRRP,75.0,29,1.0823,11.8986,10.994,11.0,07/01/2021,06/30/2024,2.7545
NORTHEAST ALABAMA REGIONAL MEDICAL CENTER,010078,AL,READM-30-HIP-KNEE-HRRP,195.0,,1.3369,6.4864,4.8517,16.0,07/01/2021,06/30/2024,6.539185
NORTHEAST ALABAMA REGIONAL MEDICAL CENTER,010078,AL,READM-30-AMI-HRRP,189.0,,1.1594,16.516,14.2458,39.0,07/01/2021,06/30/2024,12.075437999999998
ATHENS LIMESTONE HOSPITAL,010079,AL,READM-30-PN-HRRP,176.0,,1.0846,15.178,13.9945,32.0,07/01/2021,06/30/2024,7.369679999999999
ATHENS LIMESTONE HOSPITAL,010079,AL,READM-30-COPD-HRRP,104.0,,1.0154,17.2155,16.9544,19.0,07/01/2021,06/30/2024,1.3674239999999998
BALDWIN HEALTH,010083,AL,READM-30-HF-HRRP,270.0,,1.0208,19.4535,19.058,54.0,07/01/2021,06/30/2024,2.5433999999999983
BALDWIN HEALTH,010083,AL,READM-30-PN-HRRP,257.0,,1.0109,14.8978,14.7365,39.0,07/01/2021,06/30/2024,1.1271950000000004
USA HEALTH UNIVERSITY HOSPITAL,010087,AL,READM-30-HF-HRRP,55.0,29,1.0179,19.5004,19.1582,12.0,07/01/2021,06/30/2024,1.4629899999999996
WALKER BAPTIST MEDICAL CENTER,010089,AL,READM-30-COPD-HRRP,92.0,,1.0294,17.2788,16.7853,18.0,07/01/2021,06/30/2024,2.557523999999999
WALKER BAPTIST MEDICAL CENTER,010089,AL,READM-30-HF-HRRP,150.0,,1.02,19.0566,18.6834,30.0,07/01/2021,06/30/2024,1.9749000000000017
"USA HEALTH HCA PROVIDENCE HOSPITAL, LLC",010090,AL,READM-30-AMI-HRRP,104.0,29,1.1374,13.972,12.2844,21.0,07/01/2021,06/30/2024,8.224224000000001
"USA HEALTH HCA PROVIDENCE HOSPITAL, LLC",010090,AL,READM-30-PN-HRRP,221.0,29,1.1208,16.4961,14.7188,44.0,07/01/2021,06/30/2024,11.471452000000006
DCH REGIONAL MEDICAL CENTER,010092,AL,READM-30-PN-HRRP,584.0,,1.066,16.3941,15.3797,100.0,07/01/2021,06/30/2024,10.182552000000001
DCH REGIONAL MEDICAL CENTER,010092,AL,READM-30-HF-HRRP,604.0,,1.0331,19.315,18.6969,119.0,07/01/2021,06/30/2024,6.0707239999999985
DCH REGIONAL MEDICAL CENTER,010092,AL,READM-30-COPD-HRRP,270.0,,1.1728,21.7994,18.5871,71.0,07/01/2021,06/30/2024,20.81483
DCH REGIONAL MEDICAL CENTER,010092,AL,READM-30-AMI-HRRP,143.0,,1.05,12.9555,12.3382,21.0,07/01/2021,06/30/2024,3.356373999999999
THOMAS HOSPITAL,010100,AL,READM-30-PN-HRRP,365.0,,1.071,15.4713,14.4454,61.0,07/01/2021,06/30/2024,8.27429
THOMAS HOSPITAL,010100,AL,READM-30-HF-HRRP,342.0,,1.0637,20.3273,19.1099,74.0,07/01/2021,06/30/2024,8.644142000000002
THOMAS HOSPITAL,010100,AL,READM-30-CABG-HRRP,191.0,,1.0243,11.191,10.9258,22.0,07/01/2021,06/30/2024,1.131722
THOMAS HOSPITAL,010100,AL,READM-30-COPD-HRRP,86.0,,1.0706,19.6305,18.3367,22.0,07/01/2021,06/30/2024,6.2304379999999995
CITIZENS BAPTIST MEDICAL CENTER,010101,AL,READM-30-PN-HRRP,50.0,,1.1161,18.9243,16.9559,17.0,07/01/2021,06/30/2024,8.52205
PRINCETON BAPTIST MEDICAL CENTER,010103,AL,READM-30-AMI-HRRP,129.0,,1.0841,15.3506,14.1595,24.0,07/01/2021,06/30/2024,5.734245000000001
GRANDVIEW MEDICAL CENTER,010104,AL,READM-30-HF-HRRP,621.0,,1.0113,20.3192,20.0927,127.0,07/01/2021,06/30/2024,2.2243330000000014
GRANDVIEW MEDICAL CENTER,010104,AL,READM-30-CABG-HRRP,121.0,,1.1539,12.6147,10.9322,19.0,07/01/2021,06/30/2024,5.772038
GRANDVIEW MEDICAL CENTER,010104,AL,READM-30-AMI-HRRP,190.0,,1.1078,15.1086,13.6381,34.0,07/01/2021,06/30/2024,8.087609999999998
PRATTVILLE BAPTIST HOSPITAL,010108,AL,READM-30-HF-HRRP,140.0,,1.0447,19.887,19.0366,31.0,07/01/2021,06/30/2024,4.348759999999999
WHITFIELD REGIONAL HOSPITAL,010112,AL,READM-30-HF-HRRP,51.0,,1.0366,20.3663,19.6465,13.0,07/01/2021,06/30/2024,2.9802850000000003
MOBILE INFIRMARY MEDICAL CENTER,010113,AL,READM-30-HF-HRRP,384.0,,1.0838,21.8907,20.198,90.0,07/01/2021,06/30/2024,12.43968000000001
MOBILE INFIRMARY MEDICAL CENTER,010113,AL,READM-30-COPD-HRRP,152.0,,1.096,21.1142,19.2645,39.0,07/01/2021,06/30/2024,9.717959999999998
MOBILE INFIRMARY MEDICAL CENTER,010113,AL,READM-30-AMI-HRRP,126.0,,1.028,13.9653,13.585,19.0,07/01/2021,06/30/2024,1.8828999999999994
VAUGHAN REGIONAL MEDICAL CENTER PARKWAY CAMPUS,010118,AL,READM-30-PN-HRRP,95.0,,1.0838,17.4446,16.0952,22.0,07/01/2021,06/30/2024,6.7095600000000015
ST VINCENT'S ST CLAIR,010130,AL,READM-30-PN-HRRP,121.0,29,1.0352,14.6532,14.1547,20.0,07/01/2021,06/30/2024,2.8728130000000007
ST VINCENT'S ST CLAIR,010130,AL,READM-30-HF-HRRP,53.0,29,1.0602,18.614,17.5569,14.0,07/01/2021,06/30/2024,4.6948430000000005
CRESTWOOD MEDICAL CENTER,010131,AL,READM-30-PN-HRRP,362.0,,1.0923,15.7908,14.4561,63.0,07/01/2021,06/30/2024,10.668918000000005
CRESTWOOD MEDICAL CENTER,010131,AL,READM-30-HF-HRRP,255.0,,1.0878,20.7261,19.0534,59.0,07/01/2021,06/30/2024,10.413829999999997
CRESTWOOD MEDICAL CENTER,010131,AL,READM-30-AMI-HRRP,123.0,,1.1265,15.3487,13.6249,25.0,07/01/2021,06/30/2024,8.241373
BROOKWOOD BAPTIST MEDICAL CENTER,010139,AL,READM-30-HF-HRRP,138.0,,1.0023,19.4458,19.4015,27.0,07/01/2021,06/30/2024,0.22593000000000174
SPRINGHILL MEDICAL CENTER,010144,AL,READM-30-HF-HRRP,233.0,,1.0267,20.6312,20.0939,50.0,07/01/2021,06/30/2024,3.1812129999999996
SPRINGHILL MEDICAL CENTER,010144,AL,READM-30-COPD-HRRP,73.0,,1.0659,17.0108,15.9587,17.0,07/01/2021,06/30/2024,5.350149
EVERGREEN MEDICAL CENTER,010148,AL,READM-30-PN-HRRP,80.0,,1.0231,11.9557,11.6855,11.0,07/01/2021,06/30/2024,1.651600000000002
BAPTIST MEDICAL CENTER EAST,010149,AL,READM-30-PN-HRRP,242.0,,1.04,15.456,14.8609,40.0,07/01/2021,06/30/2024,4.036621999999994
BAPTIST MEDICAL CENTER EAST,010149,AL,READM-30-HF-HRRP,269.0,,1.1038,21.4628,19.4438,65.0,07/01/2021,06/30/2024,12.696178000000003
RUSSELLVILLE HOSPITAL,010158,AL,READM-30-PN-HRRP,92.0,,1.0278,14.3681,13.9797,15.0,07/01/2021,06/30/2024,2.1386760000000002
COOSA VALLEY MEDICAL CENTER,010164,AL,READM-30-HF-HRRP,76.0,,1.0182,16.7733,16.474,14.0,07/01/2021,06/30/2024,1.4797600000000006
COOSA VALLEY MEDICAL CENTER,010164,AL,READM-30-PN-HRRP,104.0,,1.1292,16.3326,14.4636,25.0,07/01/2021,06/30/2024,9.957856000000001
MAT-SU REGIONAL MEDICAL CENTER,020006,AK,READM-30-AMI-HRRP,167.0,,1.0635,14.2744,13.422,27.0,07/01/2021,06/30/2024,4.585259999999998
BARTLETT REGIONAL HOSPITAL,020008,AK,READM-30-COPD-HRRP,51.0,,1.0332,16.9642,16.4194,11.0,07/01/2021,06/30/2024,2.626106
BARTLETT REGIONAL HOSPITAL,020008,AK,READM-30-HF-HRRP,68.0,,1.0125,16.3844,16.1823,12.0,07/01/2021,06/30/2024,0.9960359999999984
ALASKA REGIONAL HOSPITAL,020017,AK,READM-30-COPD-HRRP,75.0,,1.1043,19.4912,17.6508,22.0,07/01/2021,06/30/2024,8.7619
ALASKA REGIONAL HOSPITAL,020017,AK,READM-30-PN-HRRP,296.0,,1.0835,16.432,15.1656,54.0,07/01/2021,06/30/2024,9.109824000000003
ALASKA REGIONAL HOSPITAL,020017,AK,READM-30-HF-HRRP,226.0,,1.0988,20.8572,18.982,54.0,07/01/2021,06/30/2024,11.100680000000004
ALASKA REGIONAL HOSPITAL,020017,AK,READM-30-HIP-KNEE-HRRP,427.0,,1.1659,4.9774,4.269,23.0,07/01/2021,06/30/2024,4.771370000000001
CENTRAL PENINSULA GENERAL HOSPITAL,020024,AK,READM-30-PN-HRRP,169.0,,1.0009,15.3481,15.3338,26.0,07/01/2021,06/30/2024,0.08587800000000101
CENTRAL PENINSULA GENERAL HOSPITAL,020024,AK,READM-30-COPD-HRRP,120.0,,1.1171,19.7889,17.7151,32.0,07/01/2021,06/30/2024,10.741879999999998
CENTRAL PENINSULA GENERAL HOSPITAL,020024,AK,READM-30-HF-HRRP,181.0,,1.2271,23.1068,18.8301,57.0,07/01/2021,06/30/2024,22.917519
ALASKA NATIVE MEDICAL CENTER,020026,AK,READM-30-HF-HRRP,124.0,,1.0516,18.8819,17.9553,27.0,07/01/2021,06/30/2024,4.735427999999999
BANNER - UNIVERSITY MEDICAL CENTER PHOENIX,030002,AZ,READM-30-HF-HRRP,290.0,,1.0702,23.0685,21.5548,72.0,07/01/2021,06/30/2024,9.491080000000004
BANNER - UNIVERSITY MEDICAL CENTER PHOENIX,030002,AZ,READM-30-PN-HRRP,239.0,,1.0239,17.3193,16.9157,43.0,07/01/2021,06/30/2024,2.5714770000000016
TUCSON MEDICAL CENTER,030006,AZ,READM-30-HF-HRRP,628.0,,1.1397,20.781,18.234,140.0,07/01/2021,06/30/2024,25.490479999999977
TUCSON MEDICAL CENTER,030006,AZ,READM-30-HIP-KNEE-HRRP,186.0,,1.1705,5.4806,4.6822,12.0,07/01/2021,06/30/2024,3.2911079999999995
TUCSON MEDICAL CENTER,030006,AZ,READM-30-AMI-HRRP,314.0,,1.2525,14.2316,11.3621,56.0,07/01/2021,06/30/2024,20.323006
VERDE VALLEY MEDICAL CENTER,030007,AZ,READM-30-AMI-HRRP,73.0,,1.0567,12.6559,11.9767,12.0,07/01/2021,06/30/2024,3.257009
ST. MARY'S HOSPITAL,030010,AZ,READM-30-AMI-HRRP,184.0,,1.023,13.5077,13.2038,26.0,07/01/2021,06/30/2024,1.705008000000003
ST JOSEPH'S HOSPITAL,030011,AZ,READM-30-AMI-HRRP,121.0,,1.0497,12.8711,12.2621,18.0,07/01/2021,06/30/2024,3.162858999999999
YAVAPAI REGIONAL MEDICAL CENTER,030012,AZ,READM-30-HF-HRRP,483.0,,1.0576,18.6356,17.6209,94.0,07/01/2021,06/30/2024,8.891053000000014
YAVAPAI REGIONAL MEDICAL CENTER,030012,AZ,READM-30-PN-HRRP,687.0,,1.0532,13.7789,13.0835,98.0,07/01/2021,06/30/2024,8.116354999999999
YAVAPAI REGIONAL MEDICAL CENTER,030012,AZ,READM-30-CABG-HRRP,129.0,,1.0627,10.4113,9.7967,15.0,07/01/2021,06/30/2024,2.3622569999999996
YUMA REGIONAL MEDICAL CENTER,030013,AZ,READM-30-HF-HRRP,530.0,,1.1265,20.4546,18.1572,117.0,07/01/2021,06/30/2024,20.766840000000002
HONOR HEALTH JOHN C. LINCOLN MEDICAL CENTER,030014,AZ,READM-30-HF-HRRP,222.0,,1.0705,19.8571,18.5487,49.0,07/01/2021,06/30/2024,7.821885999999999
BANNER CASA GRANDE MEDICAL CENTER,030016,AZ,READM-30-PN-HRRP,329.0,,1.0745,16.471,15.3286,59.0,07/01/2021,06/30/2024,8.568905999999998
BANNER CASA GRANDE MEDICAL CENTER,030016,AZ,READM-30-HF-HRRP,197.0,,1.0672,19.4575,18.2317,43.0,07/01/2021,06/30/2024,7.083551
VALLEYWISE HEALTH MEDICAL CENTER,030022,AZ,READM-30-HF-HRRP,38.0,,1.0638,19.7462,18.5614,12.0,07/01/2021,06/30/2024,4.946668
FLAGSTAFF MEDICAL CENTER,030023,AZ,READM-30-PN-HRRP,260.0,,1.0491,14.565,13.8834,41.0,07/01/2021,06/30/2024,4.90316
ST JOSEPHS HOSPITAL AND MEDICAL CENTER,030024,AZ,READM-30-PN-HRRP,241.0,,1.0131,14.994,14.7996,37.0,07/01/2021,06/30/2024,1.332964000000004
ST JOSEPHS HOSPITAL AND MEDICAL CENTER,030024,AZ,READM-30-COPD-HRRP,108.0,,1.0173,14.6274,14.378,17.0,07/01/2021,06/30/2024,1.4717600000000015
ABRAZO CENTRAL CAMPUS,030030,AZ,READM-30-PN-HRRP,74.0,,1.0229,15.5245,15.1774,13.0,07/01/2021,06/30/2024,1.7687240000000006
CHANDLER REGIONAL MEDICAL CENTER,030036,AZ,READM-30-CABG-HRRP,163.0,,1.0055,9.73,9.6766,16.0,07/01/2021,06/30/2024,0.22714199999999884
CHANDLER REGIONAL MEDICAL CENTER,030036,AZ,READM-30-AMI-HRRP,396.0,,1.0949,13.9811,12.7693,60.0,07/01/2021,06/30/2024,9.433571999999998
HONORHEALTH SCOTTSDALE OSBORN MEDICAL CENTER,030038,AZ,READM-30-HF-HRRP,387.0,,1.06,19.5874,18.4783,80.0,07/01/2021,06/30/2024,8.488979
HONORHEALTH SCOTTSDALE OSBORN MEDICAL CENTER,030038,AZ,READM-30-PN-HRRP,438.0,,1.023,15.408,15.0609,69.0,07/01/2021,06/30/2024,3.0332580000000036
HONORHEALTH SCOTTSDALE OSBORN MEDICAL CENTER,030038,AZ,READM-30-AMI-HRRP,132.0,,1.0426,12.8003,12.277,19.0,07/01/2021,06/30/2024,2.794360000000001
CANYON VISTA MEDICAL CENTER,030043,AZ,READM-30-PN-HRRP,301.0,,1.0555,14.4482,13.6882,47.0,07/01/2021,06/30/2024,5.798518000000001
CANYON VISTA MEDICAL CENTER,030043,AZ,READM-30-HF-HRRP,172.0,,1.0009,18.5686,18.5526,32.0,07/01/2021,06/30/2024,0.08952799999999428
CANYON VISTA MEDICAL CENTER,030043,AZ,READM-30-AMI-HRRP,99.0,,1.0669,10.9087,10.2243,14.0,07/01/2021,06/30/2024,3.877943
CANYON VISTA MEDICAL CENTER,030043,AZ,READM-30-COPD-HRRP,89.0,,1.0169,15.5041,15.2467,15.0,07/01/2021,06/30/2024,1.4304369999999977
KINGMAN REGIONAL MEDICAL CENTER,030055,AZ,READM-30-HF-HRRP,263.0,,1.007,19.2004,19.0667,51.0,07/01/2021,06/30/2024,0.8545790000000011
KINGMAN REGIONAL MEDICAL CENTER,030055,AZ,READM-30-PN-HRRP,363.0,,1.0141,15.172,14.9609,56.0,07/01/2021,06/30/2024,1.691933000000006
BANNER BOSWELL MEDICAL CENTER,030061,AZ,READM-30-HF-HRRP,770.0,,1.0647,21.0911,19.8096,167.0,07/01/2021,06/30/2024,14.466080000000005
BANNER BOSWELL MEDICAL CENTER,030061,AZ,READM-30-PN-HRRP,895.0,,1.0319,16.301,15.7963,148.0,07/01/2021,06/30/2024,6.623115000000013
BANNER BOSWELL MEDICAL CENTER,030061,AZ,READM-30-AMI-HRRP,260.0,,1.0917,14.0562,12.8757,41.0,07/01/2021,06/30/2024,7.523179999999996
BANNER BOSWELL MEDICAL CENTER,030061,AZ,READM-30-CABG-HRRP,166.0,,1.0321,10.9507,10.6097,19.0,07/01/2021,06/30/2024,1.3878979999999999
BANNER DESERT MEDICAL CENTER,030065,AZ,READM-30-PN-HRRP,619.0,,1.1307,17.8738,15.8076,119.0,07/01/2021,06/30/2024,21.150956000000008
BANNER DESERT MEDICAL CENTER,030065,AZ,READM-30-COPD-HRRP,130.0,,1.0177,18.9941,18.6641,26.0,07/01/2021,06/30/2024,1.7366700000000002
BANNER DESERT MEDICAL CENTER,030065,AZ,READM-30-AMI-HRRP,207.0,,1.0183,12.6018,12.3755,27.0,07/01/2021,06/30/2024,1.3827149999999975
HAVASU REGIONAL MEDICAL CENTER,030069,AZ,READM-30-HF-HRRP,218.0,,1.0174,19.6104,19.2741,44.0,07/01/2021,06/30/2024,1.9824619999999982
HAVASU REGIONAL MEDICAL CENTER,030069,AZ,READM-30-PN-HRRP,241.0,,1.0129,15.0031,14.8127,37.0,07/01/2021,06/30/2024,1.3013929999999974
HAVASU REGIONAL MEDICAL CENTER,030069,AZ,READM-30-CABG-HRRP,77.0,,1.037,14.2846,13.7753,12.0,07/01/2021,06/30/2024,1.3930190000000007
ABRAZO SCOTTSDALE CAMPUS,030083,AZ,READM-30-HF-HRRP,63.0,,1.0001,19.032,19.0294,12.0,07/01/2021,06/30/2024,0.011478000000000321
CHINLE COMPREHENSIVE HEALTH CARE FACILITY,030084,AZ,READM-30-PN-HRRP,82.0,,1.0551,10.6106,10.0569,12.0,07/01/2021,06/30/2024,3.753342
NORTHWEST MEDICAL CENTER,030085,AZ,READM-30-CABG-HRRP,119.0,,1.0329,9.3933,9.0942,12.0,07/01/2021,06/30/2024,1.1779019999999996
NORTHWEST MEDICAL CENTER,030085,AZ,READM-30-COPD-HRRP,94.0,,1.0291,16.9487,16.4695,18.0,07/01/2021,06/30/2024,2.5186699999999984
HONORHEALTH SCOTTSDALE SHEA MEDICAL CENTER,030087,AZ,READM-30-HF-HRRP,745.0,,1.0378,19.3729,18.6664,147.0,07/01/2021,06/30/2024,7.93531999999999
HONORHEALTH SCOTTSDALE SHEA MEDICAL CENTER,030087,AZ,READM-30-COPD-HRRP,127.0,,1.0635,17.715,16.6577,27.0,07/01/2021,06/30/2024,5.844721000000003
HONORHEALTH SCOTTSDALE SHEA MEDICAL CENTER,030087,AZ,READM-30-PN-HRRP,689.0,,1.0559,15.299,14.4884,109.0,07/01/2021,06/30/2024,9.17492399999999
HONORHEALTH SCOTTSDALE SHEA MEDICAL CENTER,030087,AZ,READM-30-CABG-HRRP,139.0,,1.1982,10.3798,8.6628,19.0,07/01/2021,06/30/2024,6.958707999999998
HONORHEALTH SCOTTSDALE SHEA MEDICAL CENTER,030087,AZ,READM-30-AMI-HRRP,287.0,,1.0043,12.1212,12.0699,35.0,07/01/2021,06/30/2024,0.3593869999999981
BANNER THUNDERBIRD MEDICAL CENTER,030089,AZ,READM-30-COPD-HRRP,121.0,,1.0189,17.8763,17.5455,23.0,07/01/2021,06/30/2024,1.7699449999999999
BANNER THUNDERBIRD MEDICAL CENTER,030089,AZ,READM-30-PN-HRRP,578.0,,1.0071,16.6993,16.5822,97.0,07/01/2021,06/30/2024,1.1548839999999956
BANNER THUNDERBIRD MEDICAL CENTER,030089,AZ,READM-30-AMI-HRRP,148.0,,1.0136,13.7237,13.5399,21.0,07/01/2021,06/30/2024,0.9609480000000019
HONORHEALTH DEER VALLEY MEDICAL CENTER,030092,AZ,READM-30-HF-HRRP,349.0,,1.0534,20.4076,19.374,75.0,07/01/2021,06/30/2024,7.384740000000008
HONORHEALTH DEER VALLEY MEDICAL CENTER,030092,AZ,READM-30-COPD-HRRP,89.0,,1.0243,17.1545,16.7472,17.0,07/01/2021,06/30/2024,2.0949920000000013
HONORHEALTH DEER VALLEY MEDICAL CENTER,030092,AZ,READM-30-AMI-HRRP,158.0,,1.0147,12.1937,12.0165,20.0,07/01/2021,06/30/2024,1.0139299999999984
BANNER DEL E. WEBB MEDICAL CENTER,030093,AZ,READM-30-COPD-HRRP,223.0,,1.0316,18.2539,17.6951,43.0,07/01/2021,06/30/2024,3.5399269999999987
BANNER DEL E. WEBB MEDICAL CENTER,030093,AZ,READM-30-PN-HRRP,1054.0,,1.0877,17.0138,15.6417,185.0,07/01/2021,06/30/2024,20.136482
ABRAZO ARROWHEAD HOSPITAL,030094,AZ,READM-30-HF-HRRP,423.0,,1.0098,19.4552,19.2664,83.0,07/01/2021,06/30/2024,1.5031280000000038
ABRAZO ARROWHEAD HOSPITAL,030094,AZ,READM-30-COPD-HRRP,60.0,,1.0175,16.267,15.9867,11.0,07/01/2021,06/30/2024,1.4079800000000002
ABRAZO ARROWHEAD HOSPITAL,030094,AZ,READM-30-AMI-HRRP,339.0,,1.028,13.159,12.8011,46.0,07/01/2021,06/30/2024,2.604271000000004
ABRAZO ARROWHEAD HOSPITAL,030094,AZ,READM-30-CABG-HRRP,150.0,,1.0222,10.2899,10.0663,16.0,07/01/2021,06/30/2024,0.9005499999999991
WESTERN ARIZONA REGIONAL MEDICAL CENTER,030101,AZ,READM-30-COPD-HRRP,103.0,,1.0444,17.3301,16.5935,21.0,07/01/2021,06/30/2024,3.9086950000000016
MAYO CLINIC HOSPITAL,030103,AZ,READM-30-HIP-KNEE-HRRP,157.0,,1.152,6.602,5.7311,12.0,07/01/2021,06/30/2024,3.002173000000001
MAYO CLINIC HOSPITAL,030103,AZ,READM-30-CABG-HRRP,91.0,,1.0827,10.9369,10.1015,12.0,07/01/2021,06/30/2024,2.807635000000001
MAYO CLINIC HOSPITAL,030103,AZ,READM-30-AMI-HRRP,253.0,,1.0191,13.4536,13.2018,35.0,07/01/2021,06/30/2024,1.5994460000000004
BANNER HEART HOSPITAL,030105,AZ,READM-30-CABG-HRRP,190.0,,1.1004,10.8029,9.8176,23.0,07/01/2021,06/30/2024,4.34656
ABRAZO WEST CAMPUS,030110,AZ,READM-30-PN-HRRP,319.0,,1.0396,15.8074,15.2057,53.0,07/01/2021,06/30/2024,4.493817
ABRAZO WEST CAMPUS,030110,AZ,READM-30-AMI-HRRP,148.0,,1.0025,11.4018,11.3729,17.0,07/01/2021,06/30/2024,0.16810800000000015
ARIZONA ORTHOPEDIC AND SURGICAL SPECIALTY HOSPITAL,030112,AZ,READM-30-HIP-KNEE-HRRP,261.0,,1.2591,5.131,4.075,16.0,07/01/2021,06/30/2024,5.36425
BANNER ESTRELLA MEDICAL CENTER,030115,AZ,READM-30-HF-HRRP,303.0,,1.0283,20.4477,19.8841,64.0,07/01/2021,06/30/2024,3.7511770000000055
BANNER ESTRELLA MEDICAL CENTER,030115,AZ,READM-30-COPD-HRRP,72.0,,1.0232,17.1642,16.7755,14.0,07/01/2021,06/30/2024,1.9216399999999982
BANNER ESTRELLA MEDICAL CENTER,030115,AZ,READM-30-PN-HRRP,304.0,,1.0038,16.363,16.3007,50.0,07/01/2021,06/30/2024,0.4458720000000014
MERCY GILBERT MEDICAL CENTER,030119,AZ,READM-30-HF-HRRP,459.0,,1.0685,21.5966,20.2116,104.0,07/01/2021,06/30/2024,11.22875599999999
MERCY GILBERT MEDICAL CENTER,030119,AZ,READM-30-AMI-HRRP,146.0,,1.0629,14.9451,14.0603,25.0,07/01/2021,06/30/2024,4.471961999999998
HONORHEALTH SCOTTSDALE THOMPSON PEAK MED CTR,030123,AZ,READM-30-HIP-KNEE-HRRP,250.0,,1.1533,6.1436,5.3268,17.0,07/01/2021,06/30/2024,3.683
HONORHEALTH SCOTTSDALE THOMPSON PEAK MED CTR,030123,AZ,READM-30-AMI-HRRP,122.0,,1.0471,11.261,10.7548,16.0,07/01/2021,06/30/2024,2.879144000000002
HONORHEALTH SCOTTSDALE THOMPSON PEAK MED CTR,030123,AZ,READM-30-PN-HRRP,379.0,,1.0306,15.0413,14.5946,59.0,07/01/2021,06/30/2024,3.686466000000003
BANNER IRONWOOD MEDICAL CENTER,030130,AZ,READM-30-PN-HRRP,245.0,,1.0082,15.2896,15.1657,38.0,07/01/2021,06/30/2024,0.8440350000000052
BANNER IRONWOOD MEDICAL CENTER,030130,AZ,READM-30-COPD-HRRP,41.0,,1.0849,19.4761,17.9519,14.0,07/01/2021,06/30/2024,6.639721000000001
HONORHEALTH SONORAN CROSSING MEDICAL CENTER,030146,AZ,READM-30-PN-HRRP,155.0,,1.062,14.8581,13.99,27.0,07/01/2021,06/30/2024,5.3155
HONORHEALTH SONORAN CROSSING MEDICAL CENTER,030146,AZ,READM-30-HF-HRRP,97.0,,1.1137,19.8981,17.8665,27.0,07/01/2021,06/30/2024,9.669495000000001
BANNER OCOTILLO MEDICAL CENTER,030147,AZ,READM-30-PN-HRRP,201.0,,1.138,15.6475,13.7498,40.0,07/01/2021,06/30/2024,12.362901999999998
BANNER OCOTILLO MEDICAL CENTER,030147,AZ,READM-30-HF-HRRP,109.0,,1.0448,19.1458,18.3251,24.0,07/01/2021,06/30/2024,4.025641
NORTHWEST MEDICAL CENTER SAHUARITA,030148,AZ,READM-30-PN-HRRP,244.0,,1.0261,12.8499,12.5228,33.0,07/01/2021,06/30/2024,2.444367999999997
NORTHWEST MEDICAL CENTER SAHUARITA,030148,AZ,READM-30-HF-HRRP,172.0,,1.002,16.779,16.7453,29.0,07/01/2021,06/30/2024,0.19808400000000148
SILOAM SPRINGS REGIONAL HOSPITAL,040001,AR,READM-30-PN-HRRP,78.0,,1.0123,13.102,12.9429,11.0,07/01/2021,06/30/2024,0.9045380000000005
JOHNSON REGIONAL MEDICAL CENTER,040002,AR,READM-30-PN-HRRP,103.0,,1.0783,13.6726,12.6793,19.0,07/01/2021,06/30/2024,5.940321000000001
CHI-ST VINCENT INFIRMARY,040007,AR,READM-30-HF-HRRP,455.0,,1.0205,20.1138,19.709,93.0,07/01/2021,06/30/2024,3.3240499999999997
CHI-ST VINCENT INFIRMARY,040007,AR,READM-30-PN-HRRP,304.0,,1.0172,16.3978,16.1203,51.0,07/01/2021,06/30/2024,1.9942879999999974
MERCY HOSPITAL NORTHWEST ARKANSAS,040010,AR,READM-30-PN-HRRP,452.0,,1.0527,15.8404,15.0469,75.0,07/01/2021,06/30/2024,6.988011999999998
CHAMBERS MEMORIAL HOSPITAL,040011,AR,READM-30-PN-HRRP,131.0,,1.007,14.9215,14.8183,20.0,07/01/2021,06/30/2024,0.5880270000000003
WHITE COUNTY MEDICAL CENTER,040014,AR,READM-30-HF-HRRP,357.0,,1.0044,18.9598,18.877,68.0,07/01/2021,06/30/2024,0.6091100000000012
WHITE COUNTY MEDICAL CENTER,040014,AR,READM-30-COPD-HRRP,216.0,,1.1132,20.3474,18.2783,52.0,07/01/2021,06/30/2024,12.518871999999995
WHITE COUNTY MEDICAL CENTER,040014,AR,READM-30-PN-HRRP,545.0,,1.1147,17.7368,15.9116,104.0,07/01/2021,06/30/2024,17.281779999999998
University of Arkansas Medical Sciences,040016,AR,READM-30-AMI-HRRP,53.0,,1.0489,15.955,15.2108,11.0,07/01/2021,06/30/2024,2.9382759999999983
NORTH ARKANSAS REGIONAL MEDICAL CENTER,040017,AR,READM-30-PN-HRRP,217.0,,1.0204,13.2275,12.9626,30.0,07/01/2021,06/30/2024,1.8711580000000012
ST BERNARDS MEDICAL CENTER,040020,AR,READM-30-AMI-HRRP,246.0,,1.0224,13.7661,13.4644,35.0,07/01/2021,06/30/2024,1.8775760000000048
ST BERNARDS MEDICAL CENTER,040020,AR,READM-30-COPD-HRRP,413.0,,1.0715,19.3312,18.041,85.0,07/01/2021,06/30/2024,10.490669999999994
ST BERNARDS MEDICAL CENTER,040020,AR,READM-30-HF-HRRP,399.0,,1.0926,21.1812,19.3857,91.0,07/01/2021,06/30/2024,13.651056999999994
ST BERNARDS MEDICAL CENTER,040020,AR,READM-30-CABG-HRRP,118.0,,1.2153,13.431,11.0516,21.0,07/01/2021,06/30/2024,7.959111999999999
CHI ST. VINCENT HOSPITAL HOT SPRINGS,040026,AR,READM-30-HF-HRRP,605.0,,1.0713,20.4965,19.1327,129.0,07/01/2021,06/30/2024,13.247164999999995
CHI ST. VINCENT HOSPITAL HOT SPRINGS,040026,AR,READM-30-PN-HRRP,569.0,,1.0263,15.6897,15.2872,91.0,07/01/2021,06/30/2024,4.015831999999989
CHI ST. VINCENT HOSPITAL HOT SPRINGS,040026,AR,READM-30-COPD-HRRP,126.0,,1.0836,19.0479,17.5779,30.0,07/01/2021,06/30/2024,7.851846000000002
BAXTER HEALTH,040027,AR,READM-30-HIP-KNEE-HRRP,170.0,,1.1658,5.446,4.6713,11.0,07/01/2021,06/30/2024,3.05879
BAXTER HEALTH,040027,AR,READM-30-HF-HRRP,448.0,,1.0098,17.0351,16.8698,77.0,07/01/2021,06/30/2024,1.4232959999999935
BAXTER HEALTH,040027,AR,READM-30-COPD-HRRP,194.0,,1.0863,16.0558,14.7801,37.0,07/01/2021,06/30/2024,8.326606000000002
BAXTER HEALTH,040027,AR,READM-30-PN-HRRP,484.0,,1.0432,14.1021,13.5186,71.0,07/01/2021,06/30/2024,5.569975999999997
BAXTER HEALTH,040027,AR,READM-30-CABG-HRRP,84.0,,1.2015,14.3784,11.9674,17.0,07/01/2021,06/30/2024,6.947384
BAXTER HEALTH,040027,AR,READM-30-AMI-HRRP,233.0,,1.0924,13.118,12.0088,35.0,07/01/2021,06/30/2024,7.019495999999997
"CONWAY REGIONAL MEDICAL CENTER, INC",040029,AR,READM-30-HF-HRRP,241.0,,1.0037,20.2201,20.1458,49.0,07/01/2021,06/30/2024,0.4486219999999932
"CONWAY REGIONAL MEDICAL CENTER, INC",040029,AR,READM-30-AMI-HRRP,136.0,,1.0579,13.3517,12.6211,21.0,07/01/2021,06/30/2024,3.8353040000000007
BAPTIST HEALTH MEDICAL CENTER NORTH LITTLE ROCK,040036,AR,READM-30-HF-HRRP,477.0,,1.0886,21.1321,19.4125,107.0,07/01/2021,06/30/2024,14.402374999999992
BAPTIST HEALTH MEDICAL CENTER NORTH LITTLE ROCK,040036,AR,READM-30-AMI-HRRP,236.0,,1.0075,12.1299,12.0395,29.0,07/01/2021,06/30/2024,0.586780000000001
OUACHITA COUNTY MEDICAL CENTER,040050,AR,READM-30-PN-HRRP,78.0,,1.045,14.2889,13.6735,14.0,07/01/2021,06/30/2024,3.334670000000001
BAPTIST HEALTH MEDICAL CENTER-DREW COUNTY,040051,AR,READM-30-HF-HRRP,152.0,,1.1109,20.671,18.6082,39.0,07/01/2021,06/30/2024,10.715536
BAPTIST HEALTH MEDICAL CENTER-DREW COUNTY,040051,AR,READM-30-COPD-HRRP,98.0,,1.0225,16.7144,16.3472,18.0,07/01/2021,06/30/2024,1.9797440000000002
BAPTIST HEALTH - FORT SMITH,040055,AR,READM-30-COPD-HRRP,260.0,,1.0275,19.6018,19.0777,53.0,07/01/2021,06/30/2024,3.397979999999997
BAPTIST HEALTH - FORT SMITH,040055,AR,READM-30-AMI-HRRP,254.0,,1.0269,14.4241,14.0459,38.0,07/01/2021,06/30/2024,2.3234139999999996
BAPTIST HEALTH - FORT SMITH,040055,AR,READM-30-HF-HRRP,601.0,,1.1182,25.0332,22.3871,159.0,07/01/2021,06/30/2024,24.453529000000003
MERCY HOSPITAL FORT SMITH,040062,AR,READM-30-COPD-HRRP,193.0,,1.061,19.4538,18.3356,42.0,07/01/2021,06/30/2024,6.612292000000004
MERCY HOSPITAL FORT SMITH,040062,AR,READM-30-AMI-HRRP,311.0,,1.0273,13.3883,13.033,43.0,07/01/2021,06/30/2024,2.4673700000000025
MERCY HOSPITAL FORT SMITH,040062,AR,READM-30-HF-HRRP,565.0,,1.0181,19.2397,18.897,110.0,07/01/2021,06/30/2024,3.231950000000012
GREAT RIVER MEDICAL CENTER,040069,AR,READM-30-PN-HRRP,64.0,,1.0847,16.5362,15.2443,16.0,07/01/2021,06/30/2024,6.243648
JEFFERSON REGIONAL MEDICAL CENTER,040071,AR,READM-30-PN-HRRP,215.0,,1.0637,16.6825,15.6838,40.0,07/01/2021,06/30/2024,6.279829999999997
NATIONAL PARK MEDICAL CENTER,040078,AR,READM-30-PN-HRRP,312.0,,1.0281,16.3935,15.9454,53.0,07/01/2021,06/30/2024,3.2503520000000066
NATIONAL PARK MEDICAL CENTER,040078,AR,READM-30-AMI-HRRP,92.0,,1.1365,14.6768,12.9142,20.0,07/01/2021,06/30/2024,8.118936000000001
SALINE MEMORIAL HOSPITAL,040084,AR,READM-30-PN-HRRP,189.0,,1.0638,14.7927,13.9055,32.0,07/01/2021,06/30/2024,5.718604999999997
BAPTIST HEALTH MEDICAL CENTER-LITTLE ROCK,040114,AR,READM-30-PN-HRRP,792.0,,1.053,16.3566,15.5339,133.0,07/01/2021,06/30/2024,9.97151199999999
BAPTIST HEALTH MEDICAL CENTER-LITTLE ROCK,040114,AR,READM-30-HF-HRRP,719.0,,1.0247,20.3366,19.8473,148.0,07/01/2021,06/30/2024,5.297912999999994
BAPTIST HEALTH MEDICAL CENTER-LITTLE ROCK,040114,AR,READM-30-AMI-HRRP,262.0,,1.0181,12.631,12.4066,34.0,07/01/2021,06/30/2024,1.4947080000000028
"BAPTIST MEMORIAL HOSPITAL JONESBORO, INC.",040118,AR,READM-30-PN-HRRP,671.0,,1.0269,15.9807,15.5622,109.0,07/01/2021,06/30/2024,4.577637999999993
"BAPTIST MEMORIAL HOSPITAL JONESBORO, INC.",040118,AR,READM-30-AMI-HRRP,183.0,,1.0422,11.9908,11.5054,24.0,07/01/2021,06/30/2024,2.945118000000001
"BAPTIST MEMORIAL HOSPITAL JONESBORO, INC.",040118,AR,READM-30-COPD-HRRP,149.0,,1.0146,16.7481,16.5063,26.0,07/01/2021,06/30/2024,1.4056130000000024
"BAPTIST MEMORIAL HOSPITAL JONESBORO, INC.",040118,AR,READM-30-HF-HRRP,657.0,,1.1125,20.2908,18.2395,141.0,07/01/2021,06/30/2024,21.166484999999994
WHITE RIVER MEDICAL CENTER,040119,AR,READM-30-AMI-HRRP,186.0,,1.0395,12.9343,12.4429,26.0,07/01/2021,06/30/2024,2.8562060000000002
WHITE RIVER MEDICAL CENTER,040119,AR,READM-30-PN-HRRP,328.0,,1.02,16.3638,16.0422,55.0,07/01/2021,06/30/2024,2.3815839999999966
"ARKANSAS HEART HOSPITAL, LLC",040134,AR,READM-30-HF-HRRP,509.0,,1.0787,19.5628,18.1356,105.0,07/01/2021,06/30/2024,12.689796000000001
"ARKANSAS HEART HOSPITAL, LLC",040134,AR,READM-30-PN-HRRP,175.0,,1.1337,16.3852,14.4523,37.0,07/01/2021,06/30/2024,11.708475000000004
ST VINCENT MEDICAL CENTER/NORTH,040137,AR,READM-30-PN-HRRP,78.0,,1.0116,14.4197,14.2536,12.0,07/01/2021,06/30/2024,0.8821919999999999
BAPTIST HEALTH MEDICAL CENTER- CONWAY,040154,AR,READM-30-PN-HRRP,300.0,,1.0129,15.7147,15.5144,48.0,07/01/2021,06/30/2024,1.4568000000000012
BAPTIST HEALTH MEDICAL CENTER- CONWAY,040154,AR,READM-30-AMI-HRRP,94.0,,1.006,12.4467,12.3728,12.0,07/01/2021,06/30/2024,0.36956799999999923
BAPTIST HEALTH MEDICAL CENTER- CONWAY,040154,AR,READM-30-COPD-HRRP,74.0,,1.0355,18.1164,17.496,16.0,07/01/2021,06/30/2024,3.0529600000000023
BAPTIST HEALTH MEDICAL CENTER- CONWAY,040154,AR,READM-30-HF-HRRP,207.0,,1.0337,20.0943,19.439,44.0,07/01/2021,06/30/2024,3.761269999999996
ARKANSAS HEART HOSPITAL-ENCORE,040161,AR,READM-30-PN-HRRP,108.0,,1.043,15.893,15.2375,20.0,07/01/2021,06/30/2024,3.543499999999998
ARKANSAS HEART HOSPITAL-ENCORE,040161,AR,READM-30-HF-HRRP,111.0,,1.0909,19.6203,17.9853,28.0,07/01/2021,06/30/2024,8.036317
ARKANSAS HEART HOSPITAL-ENCORE,040161,AR,READM-30-COPD-HRRP,57.0,,1.071,17.5794,16.4135,15.0,07/01/2021,06/30/2024,5.644304999999999
ST ROSE HOSPITAL,050002,CA,READM-30-HF-HRRP,135.0,,1.0765,20.4688,19.0138,33.0,07/01/2021,06/30/2024,7.33137
ST ROSE HOSPITAL,050002,CA,READM-30-COPD-HRRP,71.0,,1.0988,17.2387,15.6893,19.0,07/01/2021,06/30/2024,7.860597
ST ROSE HOSPITAL,050002,CA,READM-30-AMI-HRRP,49.0,,1.0905,17.0566,15.6413,13.0,07/01/2021,06/30/2024,5.335763
ST ROSE HOSPITAL,050002,CA,READM-30-PN-HRRP,153.0,,1.1105,16.3521,14.7252,32.0,07/01/2021,06/30/2024,9.470444
PENINSULA MEDICAL CENTER,050007,CA,READM-30-PN-HRRP,253.0,,1.0616,15.0378,14.1647,42.0,07/01/2021,06/30/2024,6.163308999999998
CALIFORNIA PACIFIC MEDICAL CTR-DAVIES CAMPUS HOSP,050008,CA,READM-30-HF-HRRP,74.0,,1.0191,18.4473,18.1018,15.0,07/01/2021,06/30/2024,1.6046679999999984
ADVENTIST HEALTH ST HELENA,050013,CA,READM-30-AMI-HRRP,225.0,,1.0362,12.5401,12.1016,30.0,07/01/2021,06/30/2024,2.7714
MERCY GENERAL HOSPITAL,050017,CA,READM-30-HF-HRRP,464.0,,1.0659,20.55,19.2791,100.0,07/01/2021,06/30/2024,10.544976000000005
MERCY GENERAL HOSPITAL,050017,CA,READM-30-AMI-HRRP,469.0,,1.033,13.9324,13.4868,67.0,07/01/2021,06/30/2024,3.7469079999999906
RIVERSIDE COMMUNITY HOSPITAL,050022,CA,READM-30-PN-HRRP,415.0,,1.0855,19.8143,18.2529,88.0,07/01/2021,06/30/2024,12.250465000000005
RIVERSIDE COMMUNITY HOSPITAL,050022,CA,READM-30-HF-HRRP,283.0,,1.0893,23.4968,21.5707,73.0,07/01/2021,06/30/2024,11.954919000000004
RIVERSIDE COMMUNITY HOSPITAL,050022,CA,READM-30-COPD-HRRP,79.0,,1.0501,20.606,19.6228,20.0,07/01/2021,06/30/2024,4.497987999999999
RIVERSIDE COMMUNITY HOSPITAL,050022,CA,READM-30-AMI-HRRP,204.0,,1.0248,16.0295,15.6412,34.0,07/01/2021,06/30/2024,2.091951999999999
PARADISE VALLEY HOSPITAL,050024,CA,READM-30-PN-HRRP,100.0,,1.0354,18.5953,17.9597,21.0,07/01/2021,06/30/2024,3.0402999999999984
PARADISE VALLEY HOSPITAL,050024,CA,READM-30-HF-HRRP,93.0,,1.0971,23.5886,21.4999,29.0,07/01/2021,06/30/2024,9.005092999999999
UC SAN DIEGO HEALTH HILLCREST - HILLCREST MED CTR,050025,CA,READM-30-COPD-HRRP,106.0,,1.0606,22.9801,21.6676,29.0,07/01/2021,06/30/2024,6.032343999999998
GROSSMONT HOSPITAL,050026,CA,READM-30-HF-HRRP,600.0,,1.0312,20.9537,20.3193,128.0,07/01/2021,06/30/2024,6.08420000000001
GROSSMONT HOSPITAL,050026,CA,READM-30-PN-HRRP,609.0,,1.0397,17.1318,16.4771,107.0,07/01/2021,06/30/2024,6.654460999999998
GROSSMONT HOSPITAL,050026,CA,READM-30-AMI-HRRP,183.0,,1.0699,13.9573,13.0458,29.0,07/01/2021,06/30/2024,5.126186000000001
OROVILLE HOSPITAL,050030,CA,READM-30-HF-HRRP,285.0,,1.3606,26.1974,19.2546,98.0,07/01/2021,06/30/2024,43.12439
OROVILLE HOSPITAL,050030,CA,READM-30-COPD-HRRP,99.0,,1.2545,26.0985,20.8044,44.0,07/01/2021,06/30/2024,23.403644
OROVILLE HOSPITAL,050030,CA,READM-30-PN-HRRP,833.0,,1.4255,24.4714,17.1671,229.0,07/01/2021,06/30/2024,85.99805699999999
OROVILLE HOSPITAL,050030,CA,READM-30-AMI-HRRP,51.0,,1.0894,16.7063,15.336,13.0,07/01/2021,06/30/2024,5.178640000000001
BAKERSFIELD MEMORIAL HOSPITAL,050036,CA,READM-30-HF-HRRP,309.0,,1.0584,22.2502,21.0223,73.0,07/01/2021,06/30/2024,8.04109299999999
BAKERSFIELD MEMORIAL HOSPITAL,050036,CA,READM-30-COPD-HRRP,109.0,,1.0001,19.2605,19.259,21.0,07/01/2021,06/30/2024,0.007690000000000197
BAKERSFIELD MEMORIAL HOSPITAL,050036,CA,READM-30-PN-HRRP,216.0,,1.0804,17.9247,16.5913,44.0,07/01/2021,06/30/2024,8.162791999999996
SANTA CLARA VALLEY MEDICAL CENTER,050038,CA,READM-30-COPD-HRRP,151.0,,1.0185,20.2723,19.9047,32.0,07/01/2021,06/30/2024,1.9439030000000024
SANTA CLARA VALLEY MEDICAL CENTER,050038,CA,READM-30-PN-HRRP,611.0,,1.0188,16.4873,16.1833,102.0,07/01/2021,06/30/2024,3.1200369999999964
SANTA CLARA VALLEY MEDICAL CENTER,050038,CA,READM-30-AMI-HRRP,148.0,,1.0055,16.6946,16.6034,25.0,07/01/2021,06/30/2024,0.4269679999999987
ENLOE HEALTH,050039,CA,READM-30-HF-HRRP,1362.0,,1.0979,21.0843,19.2048,294.0,07/01/2021,06/30/2024,32.43062400000002
ENLOE HEALTH,050039,CA,READM-30-COPD-HRRP,514.0,,1.0206,17.9959,17.6322,94.0,07/01/2021,06/30/2024,3.3704919999999987
ENLOE HEALTH,050039,CA,READM-30-AMI-HRRP,422.0,,1.0438,13.9351,13.3507,61.0,07/01/2021,06/30/2024,4.660046000000008
ENLOE HEALTH,050039,CA,READM-30-PN-HRRP,1128.0,,1.1497,18.3933,15.999,217.0,07/01/2021,06/30/2024,36.53128000000001
ST ELIZABETH COMMUNITY HOSPITAL,050042,CA,READM-30-HF-HRRP,164.0,,1.003,18.1654,18.1119,30.0,07/01/2021,06/30/2024,0.2964840000000031
ALTA BATES SUMMIT MEDICAL CENTER,050043,CA,READM-30-COPD-HRRP,109.0,,1.005,18.9213,18.827,21.0,07/01/2021,06/30/2024,0.4785699999999977
CALIFORNIA PACIFIC MEDICAL CENTER- VAN NESS CAMPUS,050047,CA,READM-30-PN-HRRP,215.0,,1.1638,17.5773,15.1028,48.0,07/01/2021,06/30/2024,15.528980000000004
CALIFORNIA PACIFIC MEDICAL CENTER- VAN NESS CAMPUS,050047,CA,READM-30-HF-HRRP,442.0,,1.012,19.7143,19.4813,88.0,07/01/2021,06/30/2024,1.8926539999999932
CALIFORNIA PACIFIC MEDICAL CENTER- VAN NESS CAMPUS,050047,CA,READM-30-COPD-HRRP,55.0,,1.0017,19.7588,19.725,11.0,07/01/2021,06/30/2024,0.15124999999999922
CALIFORNIA PACIFIC MEDICAL CENTER- VAN NESS CAMPUS,050047,CA,READM-30-AMI-HRRP,189.0,,1.0666,14.1272,13.2449,30.0,07/01/2021,06/30/2024,4.967139000000003
CALIFORNIA PACIFIC MEDICAL CENTER - MISSION BERNAL,050055,CA,READM-30-COPD-HRRP,50.0,,1.0349,20.7395,20.0405,13.0,07/01/2021,06/30/2024,2.9797499999999992
CALIFORNIA PACIFIC MEDICAL CENTER - MISSION BERNAL,050055,CA,READM-30-HF-HRRP,190.0,,1.0113,18.5261,18.3184,36.0,07/01/2021,06/30/2024,1.1950399999999988
CALIFORNIA PACIFIC MEDICAL CENTER - MISSION BERNAL,050055,CA,READM-30-PN-HRRP,149.0,,1.0418,14.9678,14.3668,25.0,07/01/2021,06/30/2024,3.5934680000000014
ANTELOPE VALLEY HOSPITAL,050056,CA,READM-30-PN-HRRP,284.0,,1.032,17.5519,17.0081,52.0,07/01/2021,06/30/2024,3.6969960000000057
ANTELOPE VALLEY HOSPITAL,050056,CA,READM-30-HF-HRRP,139.0,,1.0121,18.8041,18.5796,27.0,07/01/2021,06/30/2024,1.174356000000003
ANTELOPE VALLEY HOSPITAL,050056,CA,READM-30-AMI-HRRP,76.0,,1.0183,13.2681,13.0291,11.0,07/01/2021,06/30/2024,1.0978840000000005
KAWEAH HEALTH MEDICAL CENTER,050057,CA,READM-30-COPD-HRRP,226.0,,1.0093,18.282,18.1128,42.0,07/01/2021,06/30/2024,1.0650720000000007
KAWEAH HEALTH MEDICAL CENTER,050057,CA,READM-30-CABG-HRRP,133.0,,1.0875,11.1339,10.2376,17.0,07/01/2021,06/30/2024,3.3839919999999992
GLENDALE MEM HOSPITAL & HLTH CENTER,050058,CA,READM-30-PN-HRRP,437.0,,1.0994,19.3162,17.569,91.0,07/01/2021,06/30/2024,14.223470000000006
GLENDALE MEM HOSPITAL & HLTH CENTER,050058,CA,READM-30-HF-HRRP,397.0,,1.0655,22.4832,21.1007,94.0,07/01/2021,06/30/2024,10.230221
COMMUNITY REGIONAL MEDICAL CENTER,050060,CA,READM-30-COPD-HRRP,171.0,,1.1107,21.0375,18.941,44.0,07/01/2021,06/30/2024,11.610889999999998
COMMUNITY REGIONAL MEDICAL CENTER,050060,CA,READM-30-HF-HRRP,546.0,,1.0863,21.773,20.0439,125.0,07/01/2021,06/30/2024,15.560305999999997
COMMUNITY REGIONAL MEDICAL CENTER,050060,CA,READM-30-PN-HRRP,399.0,,1.0768,17.2909,16.0579,74.0,07/01/2021,06/30/2024,9.928978999999998
COMMUNITY REGIONAL MEDICAL CENTER,050060,CA,READM-30-AMI-HRRP,215.0,,1.0822,15.3027,14.1406,37.0,07/01/2021,06/30/2024,6.597709999999999
HOLLYWOOD PRESBYTERIAN MEDICAL CENTER,050063,CA,READM-30-HF-HRRP,227.0,,1.1092,23.0137,20.7471,60.0,07/01/2021,06/30/2024,12.904083
HOLLYWOOD PRESBYTERIAN MEDICAL CENTER,050063,CA,READM-30-PN-HRRP,279.0,,1.099,19.8301,18.0443,62.0,07/01/2021,06/30/2024,11.656403000000005
KAISER FOUNDATION HOSPITAL - OAKLAND/RICHMOND,050075,CA,READM-30-COPD-HRRP,70.0,,1.0698,19.8847,18.5871,19.0,07/01/2021,06/30/2024,5.98903
KAISER FOUNDATION HOSPITAL - OAKLAND/RICHMOND,050075,CA,READM-30-HF-HRRP,127.0,,1.1045,22.4936,20.3653,36.0,07/01/2021,06/30/2024,10.136068999999999
KAISER FOUNDATION HOSPITAL - OAKLAND/RICHMOND,050075,CA,READM-30-PN-HRRP,111.0,,1.0334,16.916,16.3687,21.0,07/01/2021,06/30/2024,2.830743000000002
SCRIPPS MERCY HOSPITAL,050077,CA,READM-30-HF-HRRP,413.0,29,1.0185,21.4622,21.0724,90.0,07/01/2021,06/30/2024,2.9709880000000055
SCRIPPS MERCY HOSPITAL,050077,CA,READM-30-COPD-HRRP,129.0,29,1.0112,21.0421,20.81,28.0,07/01/2021,06/30/2024,1.155100000000001
SCRIPPS MERCY HOSPITAL,050077,CA,READM-30-PN-HRRP,319.0,29,1.1167,18.9133,16.9371,68.0,07/01/2021,06/30/2024,13.970650999999997
SCRIPPS MERCY HOSPITAL,050077,CA,READM-30-AMI-HRRP,81.0,29,1.0472,14.3504,13.7036,14.0,07/01/2021,06/30/2024,2.9000840000000014
ST JOSEPH'S MEDICAL CENTER OF STOCKTON,050084,CA,READM-30-HF-HRRP,477.0,,1.0188,20.8866,20.5015,101.0,07/01/2021,06/30/2024,3.207844999999992
ST JOSEPH'S MEDICAL CENTER OF STOCKTON,050084,CA,READM-30-AMI-HRRP,243.0,,1.0096,14.6133,14.4748,36.0,07/01/2021,06/30/2024,0.8262360000000015
ST JOSEPH'S MEDICAL CENTER OF STOCKTON,050084,CA,READM-30-CABG-HRRP,112.0,,1.2281,13.8855,11.3065,21.0,07/01/2021,06/30/2024,8.33672
COMMUNITY HOSPITAL OF SAN BERNARDINO,050089,CA,READM-30-HF-HRRP,41.0,,1.0333,23.1307,22.3843,12.0,07/01/2021,06/30/2024,2.8224370000000008
COMMUNITY HOSPITAL OF HUNTINGTON PARK,050091,CA,READM-30-HF-HRRP,82.0,,1.061,22.6385,21.3378,23.0,07/01/2021,06/30/2024,5.503004000000001
COMMUNITY HOSPITAL OF HUNTINGTON PARK,050091,CA,READM-30-PN-HRRP,78.0,,1.1245,20.2648,18.0211,24.0,07/01/2021,06/30/2024,9.943541999999999
SAINT AGNES MEDICAL CENTER,050093,CA,READM-30-HF-HRRP,916.0,,1.1768,22.7039,19.2922,220.0,07/01/2021,06/30/2024,43.28344799999999
SAINT AGNES MEDICAL CENTER,050093,CA,READM-30-COPD-HRRP,361.0,,1.05,19.4912,18.5637,74.0,07/01/2021,06/30/2024,6.9850430000000046
SAINT AGNES MEDICAL CENTER,050093,CA,READM-30-AMI-HRRP,292.0,,1.1443,16.1098,14.0783,54.0,07/01/2021,06/30/2024,12.891364000000003
SAINT AGNES MEDICAL CENTER,050093,CA,READM-30-PN-HRRP,917.0,,1.1531,17.1736,14.8936,167.0,07/01/2021,06/30/2024,30.425688000000008
SAN ANTONIO REGIONAL HOSPITAL,050099,CA,READM-30-HF-HRRP,335.0,,1.0123,19.1393,18.9067,65.0,07/01/2021,06/30/2024,1.6625549999999976
SAN ANTONIO REGIONAL HOSPITAL,050099,CA,READM-30-COPD-HRRP,70.0,,1.0011,18.4512,18.4303,13.0,07/01/2021,06/30/2024,0.09879000000000104
SAN ANTONIO REGIONAL HOSPITAL,050099,CA,READM-30-PN-HRRP,461.0,,1.0217,15.7401,15.4051,74.0,07/01/2021,06/30/2024,2.982489000000001
SHARP MEMORIAL HOSPITAL,050100,CA,READM-30-COPD-HRRP,148.0,,1.003,18.7684,18.713,28.0,07/01/2021,06/30/2024,0.30475999999999814
SUTTER SOLANO MEDICAL CENTER,050101,CA,READM-30-PN-HRRP,140.0,,1.0318,16.3551,15.8507,25.0,07/01/2021,06/30/2024,2.8090200000000003
PARKVIEW COMMUNITY HOSPITAL MEDICAL CENTER,050102,CA,READM-30-HF-HRRP,88.0,,1.0785,23.0027,21.3281,26.0,07/01/2021,06/30/2024,7.231272000000001
ADVENTIST HEALTH WHITE MEMORIAL,050103,CA,READM-30-PN-HRRP,136.0,,1.1238,19.0765,16.9752,34.0,07/01/2021,06/30/2024,10.913727999999999
ADVENTIST HEALTH WHITE MEMORIAL,050103,CA,READM-30-HF-HRRP,203.0,,1.0235,21.3228,20.8338,45.0,07/01/2021,06/30/2024,2.7073859999999996
SAINT FRANCIS MEDICAL CENTER,050104,CA,READM-30-PN-HRRP,171.0,,1.0027,19.7698,19.716,34.0,07/01/2021,06/30/2024,0.2856400000000008
SAINT FRANCIS MEDICAL CENTER,050104,CA,READM-30-HF-HRRP,181.0,,1.1176,24.0703,21.5376,52.0,07/01/2021,06/30/2024,13.016943999999995
SAINT FRANCIS MEDICAL CENTER,050104,CA,READM-30-AMI-HRRP,68.0,,1.001,17.5713,17.5545,12.0,07/01/2021,06/30/2024,0.06293999999999933
MARIAN REGIONAL MEDICAL CENTER,050107,CA,READM-30-CABG-HRRP,91.0,,1.0975,10.5391,9.6024,12.0,07/01/2021,06/30/2024,3.2618159999999996
MARIAN REGIONAL MEDICAL CENTER,050107,CA,READM-30-HF-HRRP,571.0,,1.046,19.7461,18.8775,116.0,07/01/2021,06/30/2024,8.209474999999983
MARIAN REGIONAL MEDICAL CENTER,050107,CA,READM-30-AMI-HRRP,236.0,,1.0557,12.8266,12.1501,33.0,07/01/2021,06/30/2024,4.3257639999999995
"SUTTER MEDICAL CENTER, SACRAMENTO",050108,CA,READM-30-PN-HRRP,351.0,,1.0228,15.8119,15.4599,57.0,07/01/2021,06/30/2024,2.7357510000000076
"SUTTER MEDICAL CENTER, SACRAMENTO",050108,CA,READM-30-COPD-HRRP,142.0,,1.0352,18.6137,17.981,29.0,07/01/2021,06/30/2024,3.466979999999996
LOMPOC VALLEY MEDICAL CENTER,050110,CA,READM-30-HF-HRRP,85.0,,1.0385,18.033,17.365,18.0,07/01/2021,06/30/2024,3.2397500000000026
LOMPOC VALLEY MEDICAL CENTER,050110,CA,READM-30-PN-HRRP,118.0,,1.0857,16.5185,15.2148,25.0,07/01/2021,06/30/2024,7.046536
SANTA MONICA - UCLA MED CTR & ORTHOPAEDIC HOSPITAL,050112,CA,READM-30-HF-HRRP,399.0,,1.0017,22.0232,21.9856,88.0,07/01/2021,06/30/2024,0.2774559999999866
SANTA MONICA - UCLA MED CTR & ORTHOPAEDIC HOSPITAL,050112,CA,READM-30-HIP-KNEE-HRRP,438.0,,1.0178,5.4332,5.3381,24.0,07/01/2021,06/30/2024,0.6191220000000008
SANTA MONICA - UCLA MED CTR & ORTHOPAEDIC HOSPITAL,050112,CA,READM-30-AMI-HRRP,64.0,,1.0188,15.6297,15.3412,11.0,07/01/2021,06/30/2024,1.1816320000000005
SANTA MONICA - UCLA MED CTR & ORTHOPAEDIC HOSPITAL,050112,CA,READM-30-PN-HRRP,496.0,,1.1645,21.992,18.886,120.0,07/01/2021,06/30/2024,26.32544
PALOMAR HEALTH DOWNTOWN CAMPUS,050115,CA,READM-30-HF-HRRP,363.0,,1.0988,21.4967,19.5636,85.0,07/01/2021,06/30/2024,13.984132000000002
PALOMAR HEALTH DOWNTOWN CAMPUS,050115,CA,READM-30-AMI-HRRP,199.0,,1.021,12.5415,12.2837,26.0,07/01/2021,06/30/2024,1.5554370000000013
NORTHRIDGE HOSPITAL MEDICAL CENTER,050116,CA,READM-30-COPD-HRRP,83.0,,1.0479,22.1339,21.1226,22.0,07/01/2021,06/30/2024,4.468242
NORTHRIDGE HOSPITAL MEDICAL CENTER,050116,CA,READM-30-PN-HRRP,370.0,,1.0078,17.9627,17.8233,67.0,07/01/2021,06/30/2024,1.0537899999999922
NORTHRIDGE HOSPITAL MEDICAL CENTER,050116,CA,READM-30-AMI-HRRP,201.0,,1.0029,16.3416,16.2944,33.0,07/01/2021,06/30/2024,0.2482559999999978
NORTHRIDGE HOSPITAL MEDICAL CENTER,050116,CA,READM-30-HF-HRRP,490.0,,1.0933,22.724,20.7842,118.0,07/01/2021,06/30/2024,16.157420000000016
DOCTORS HOSPITAL OF MANTECA,050118,CA,READM-30-PN-HRRP,174.0,,1.1277,18.2637,16.1956,40.0,07/01/2021,06/30/2024,11.819656000000002
DOCTORS HOSPITAL OF MANTECA,050118,CA,READM-30-HF-HRRP,112.0,,1.0008,18.7007,18.6862,21.0,07/01/2021,06/30/2024,0.0714560000000013
ADVENTIST HEALTH HANFORD,050121,CA,READM-30-HF-HRRP,301.0,,1.0661,20.7064,19.4233,67.0,07/01/2021,06/30/2024,8.535866999999996
DAMERON HOSPITAL,050122,CA,READM-30-PN-HRRP,126.0,,1.0114,15.2736,15.1008,20.0,07/01/2021,06/30/2024,0.9729919999999979
USC VERDUGO HILLS HOSPITAL,050124,CA,READM-30-HF-HRRP,268.0,,1.079,21.4199,19.8507,63.0,07/01/2021,06/30/2024,9.800124000000004
USC VERDUGO HILLS HOSPITAL,050124,CA,READM-30-PN-HRRP,320.0,,1.0266,17.8761,17.4135,59.0,07/01/2021,06/30/2024,3.2768000000000086
REGIONAL MEDICAL CENTER OF SAN JOSE,050125,CA,READM-30-HF-HRRP,376.0,,1.2127,21.5478,17.7685,95.0,07/01/2021,06/30/2024,28.19044000000001
REGIONAL MEDICAL CENTER OF SAN JOSE,050125,CA,READM-30-AMI-HRRP,124.0,,1.1605,14.8409,12.7884,26.0,07/01/2021,06/30/2024,10.142384
REGIONAL MEDICAL CENTER OF SAN JOSE,050125,CA,READM-30-COPD-HRRP,60.0,,1.0214,15.803,15.4723,11.0,07/01/2021,06/30/2024,1.7166200000000007
REGIONAL MEDICAL CENTER OF SAN JOSE,050125,CA,READM-30-PN-HRRP,499.0,,1.2125,17.8291,14.7048,102.0,07/01/2021,06/30/2024,28.623047999999997
VALLEY PRESBYTERIAN HOSPITAL,050126,CA,READM-30-COPD-HRRP,57.0,,1.0564,23.6733,22.4099,18.0,07/01/2021,06/30/2024,5.226357
VALLEY PRESBYTERIAN HOSPITAL,050126,CA,READM-30-HF-HRRP,282.0,,1.1304,23.3347,20.6437,75.0,07/01/2021,06/30/2024,16.784766000000005
VALLEY PRESBYTERIAN HOSPITAL,050126,CA,READM-30-AMI-HRRP,81.0,,1.1803,15.359,13.0124,21.0,07/01/2021,06/30/2024,10.459956
WOODLAND MEMORIAL HOSPITAL,050127,CA,READM-30-PN-HRRP,106.0,,1.0423,16.2323,15.574,20.0,07/01/2021,06/30/2024,3.4915599999999998
TRI-CITY MEDICAL CENTER,050128,CA,READM-30-PN-HRRP,274.0,,1.026,14.7104,14.3369,42.0,07/01/2021,06/30/2024,2.7168940000000035
TRI-CITY MEDICAL CENTER,050128,CA,READM-30-AMI-HRRP,113.0,,1.0037,12.2238,12.1787,14.0,07/01/2021,06/30/2024,0.2380690000000012
TRI-CITY MEDICAL CENTER,050128,CA,READM-30-HF-HRRP,173.0,,1.0177,18.3507,18.0319,33.0,07/01/2021,06/30/2024,1.8048129999999993
ST BERNARDINE MEDICAL CENTER,050129,CA,READM-30-PN-HRRP,179.0,,1.0316,18.3457,17.7841,35.0,07/01/2021,06/30/2024,3.1664610000000017
ST BERNARDINE MEDICAL CENTER,050129,CA,READM-30-HF-HRRP,154.0,,1.0636,21.0671,19.8075,37.0,07/01/2021,06/30/2024,6.496449999999999
ST BERNARDINE MEDICAL CENTER,050129,CA,READM-30-COPD-HRRP,66.0,,1.057,19.4803,18.4293,17.0,07/01/2021,06/30/2024,4.836661999999999
ST BERNARDINE MEDICAL CENTER,050129,CA,READM-30-AMI-HRRP,101.0,,1.0443,15.5848,14.9238,18.0,07/01/2021,06/30/2024,2.9269619999999996
SAN GABRIEL VALLEY MEDICAL CENTER,050132,CA,READM-30-PN-HRRP,498.0,,1.0766,19.8442,18.4328,104.0,07/01/2021,06/30/2024,12.204656
SAN GABRIEL VALLEY MEDICAL CENTER,050132,CA,READM-30-HF-HRRP,149.0,,1.0535,21.5639,20.4681,36.0,07/01/2021,06/30/2024,5.502531000000001
ADVENTIST HEALTH AND RIDEOUT,050133,CA,READM-30-HF-HRRP,764.0,,1.0936,21.3915,19.56,170.0,07/01/2021,06/30/2024,20.5616
ADVENTIST HEALTH AND RIDEOUT,050133,CA,READM-30-COPD-HRRP,283.0,,1.0596,20.7004,19.5351,63.0,07/01/2021,06/30/2024,7.715667000000003
ADVENTIST HEALTH AND RIDEOUT,050133,CA,READM-30-PN-HRRP,544.0,,1.0601,17.105,16.1353,97.0,07/01/2021,06/30/2024,9.223968
ADVENTIST HEALTH AND RIDEOUT,050133,CA,READM-30-AMI-HRRP,221.0,,1.036,13.6625,13.1872,32.0,07/01/2021,06/30/2024,2.8562879999999957
SOUTHERN CALIFORNIA HOSPITAL AT HOLLYWOOD,050135,CA,READM-30-HF-HRRP,152.0,,1.0796,26.925,24.9394,47.0,07/01/2021,06/30/2024,9.092112
SOUTHERN CALIFORNIA HOSPITAL AT HOLLYWOOD,050135,CA,READM-30-PN-HRRP,983.0,,1.0657,23.8352,22.3654,239.0,07/01/2021,06/30/2024,19.148117999999982
COMMUNITY HOSPITAL OF THE MONTEREY PENINSULA,050145,CA,READM-30-HIP-KNEE-HRRP,237.0,,1.12,5.7807,5.1613,15.0,07/01/2021,06/30/2024,2.7677189999999996
CALIFORNIA HOSPITAL MEDICAL CENTER LA,050149,CA,READM-30-HF-HRRP,94.0,,1.0495,22.7234,21.6509,25.0,07/01/2021,06/30/2024,4.648153999999998
CALIFORNIA HOSPITAL MEDICAL CENTER LA,050149,CA,READM-30-PN-HRRP,56.0,,1.0151,17.7957,17.5303,11.0,07/01/2021,06/30/2024,1.183031999999999
SIERRA NEVADA MEMORIAL HOSPITAL,050150,CA,READM-30-HF-HRRP,281.0,,1.0059,17.2912,17.1901,49.0,07/01/2021,06/30/2024,0.6958190000000002
SIERRA NEVADA MEMORIAL HOSPITAL,050150,CA,READM-30-COPD-HRRP,139.0,,1.0232,16.0903,15.7247,24.0,07/01/2021,06/30/2024,2.1426669999999994
UCSF HEALTH SAINT FRANCIS HOSPITAL,050152,CA,READM-30-COPD-HRRP,40.0,,1.0573,25.9492,24.5428,15.0,07/01/2021,06/30/2024,5.182879999999999
UCSF HEALTH SAINT FRANCIS HOSPITAL,050152,CA,READM-30-PN-HRRP,68.0,,1.0457,17.544,16.7779,15.0,07/01/2021,06/30/2024,3.5910280000000014
UCSF HEALTH SAINT FRANCIS HOSPITAL,050152,CA,READM-30-HF-HRRP,74.0,,1.0406,20.3747,19.5789,18.0,07/01/2021,06/30/2024,3.511613999999998
ENCINO HOSPITAL MEDICAL CENTER,050158,CA,READM-30-HF-HRRP,81.0,,1.0226,22.6038,22.1052,20.0,07/01/2021,06/30/2024,2.094788000000001
ENCINO HOSPITAL MEDICAL CENTER,050158,CA,READM-30-COPD-HRRP,33.0,,1.0519,24.3716,23.1702,12.0,07/01/2021,06/30/2024,4.353833999999999
ENCINO HOSPITAL MEDICAL CENTER,050158,CA,READM-30-PN-HRRP,174.0,,1.0275,19.5913,19.0669,36.0,07/01/2021,06/30/2024,2.823594
VENTURA COUNTY MEDICAL CENTER,050159,CA,READM-30-PN-HRRP,134.0,,1.0018,14.0891,14.0633,19.0,07/01/2021,06/30/2024,0.15517799999999937
VENTURA COUNTY MEDICAL CENTER,050159,CA,READM-30-HF-HRRP,119.0,,1.0599,19.1878,18.1032,27.0,07/01/2021,06/30/2024,5.457191999999999
SAN JOAQUIN GENERAL HOSPITAL,050167,CA,READM-30-HF-HRRP,104.0,,1.0446,20.0255,19.1703,24.0,07/01/2021,06/30/2024,4.062887999999997
PROVIDENCE ST. JUDE MEDICAL CENTER,050168,CA,READM-30-COPD-HRRP,85.0,,1.0061,19.4613,19.343,17.0,07/01/2021,06/30/2024,0.5584500000000006
PROVIDENCE ST. JUDE MEDICAL CENTER,050168,CA,READM-30-PN-HRRP,745.0,,1.0721,17.8834,16.6808,138.0,07/01/2021,06/30/2024,13.728039999999993
PIH HEALTH HOSPITAL-WHITTIER,050169,CA,READM-30-PN-HRRP,307.0,,1.1412,20.7072,18.1445,73.0,07/01/2021,06/30/2024,17.296385
PIH HEALTH HOSPITAL-WHITTIER,050169,CA,READM-30-HF-HRRP,377.0,,1.0417,20.9518,20.1136,82.0,07/01/2021,06/30/2024,6.171728000000002
PROVIDENCE SANTA ROSA MEMORIAL HOSPITAL,050174,CA,READM-30-PN-HRRP,378.0,,1.0349,16.0589,15.5176,63.0,07/01/2021,06/30/2024,4.3434719999999984
EMANUEL MEDICAL CENTER,050179,CA,READM-30-COPD-HRRP,82.0,,1.0302,16.8842,16.3893,16.0,07/01/2021,06/30/2024,2.560774000000002
EMANUEL MEDICAL CENTER,050179,CA,READM-30-HF-HRRP,432.0,,1.0307,18.713,18.1561,83.0,07/01/2021,06/30/2024,4.56564800000001
EMANUEL MEDICAL CENTER,050179,CA,READM-30-AMI-HRRP,272.0,,1.0113,13.3931,13.2437,37.0,07/01/2021,06/30/2024,0.9771360000000016
EMANUEL MEDICAL CENTER,050179,CA,READM-30-PN-HRRP,473.0,,1.1077,16.7307,15.1036,86.0,07/01/2021,06/30/2024,14.559972000000002
JOHN MUIR MEDICAL CENTER - WALNUT CREEK CAMPUS,050180,CA,READM-30-COPD-HRRP,129.0,,1.0078,18.9245,18.7785,25.0,07/01/2021,06/30/2024,0.7757349999999974
JOHN MUIR MEDICAL CENTER - WALNUT CREEK CAMPUS,050180,CA,READM-30-PN-HRRP,736.0,,1.0332,16.0064,15.4916,120.0,07/01/2021,06/30/2024,5.981824000000003
ST MARY MEDICAL CENTER,050191,CA,READM-30-PN-HRRP,110.0,,1.0116,19.2593,19.0387,22.0,07/01/2021,06/30/2024,1.0574300000000036
ST MARY MEDICAL CENTER,050191,CA,READM-30-COPD-HRRP,50.0,,1.0063,23.005,22.8605,12.0,07/01/2021,06/30/2024,0.5697500000000009
WATSONVILLE COMMUNITY HOSPITAL,050194,CA,READM-30-HF-HRRP,125.0,,1.0862,17.7546,16.3454,28.0,07/01/2021,06/30/2024,7.568249999999999
WASHINGTON HOSPITAL,050195,CA,READM-30-COPD-HRRP,160.0,,1.02,19.0759,18.7023,32.0,07/01/2021,06/30/2024,2.0763199999999955
WASHINGTON HOSPITAL,050195,CA,READM-30-HF-HRRP,539.0,,1.049,20.1337,19.1934,112.0,07/01/2021,06/30/2024,8.547573999999997
WASHINGTON HOSPITAL,050195,CA,READM-30-PN-HRRP,568.0,,1.0586,16.0539,15.1647,95.0,07/01/2021,06/30/2024,8.864503999999997
WASHINGTON HOSPITAL,050195,CA,READM-30-AMI-HRRP,177.0,,1.1804,17.609,14.9174,40.0,07/01/2021,06/30/2024,13.596201999999998
PALMDALE REGIONAL MEDICAL CENTER,050204,CA,READM-30-HF-HRRP,165.0,,1.0507,22.0193,20.9575,40.0,07/01/2021,06/30/2024,5.420125000000006
PALMDALE REGIONAL MEDICAL CENTER,050204,CA,READM-30-COPD-HRRP,57.0,,1.0234,16.3739,16.0001,11.0,07/01/2021,06/30/2024,1.879942999999999
PALMDALE REGIONAL MEDICAL CENTER,050204,CA,READM-30-PN-HRRP,182.0,,1.0058,17.9112,17.8076,33.0,07/01/2021,06/30/2024,0.5901679999999985
ALAMEDA HOSPITAL,050211,CA,READM-30-HF-HRRP,99.0,,1.0048,17.8373,17.752,18.0,07/01/2021,06/30/2024,0.42552000000000234
ALAMEDA HOSPITAL,050211,CA,READM-30-PN-HRRP,196.0,,1.0379,17.5654,16.9244,37.0,07/01/2021,06/30/2024,3.8281760000000062
SHARP CHULA VISTA MEDICAL CENTER,050222,CA,READM-30-CABG-HRRP,55.0,,1.144,15.0863,13.1873,12.0,07/01/2021,06/30/2024,4.746984999999999
SHARP CHULA VISTA MEDICAL CENTER,050222,CA,READM-30-AMI-HRRP,124.0,,1.0721,15.6055,14.5562,23.0,07/01/2021,06/30/2024,4.950312
AHMC ANAHEIM REGIONAL MEDICAL CENTER,050226,CA,READM-30-PN-HRRP,321.0,,1.0433,18.1021,17.3511,61.0,07/01/2021,06/30/2024,5.302968999999997
AHMC ANAHEIM REGIONAL MEDICAL CENTER,050226,CA,READM-30-AMI-HRRP,53.0,,1.0379,17.0457,16.4238,11.0,07/01/2021,06/30/2024,2.2953860000000006
AHMC ANAHEIM REGIONAL MEDICAL CENTER,050226,CA,READM-30-HF-HRRP,110.0,,1.0066,19.5629,19.4338,22.0,07/01/2021,06/30/2024,0.6228199999999973
ZUCKERBERG SAN FRANCISCO GENERAL HOSP & TRAUMA CTR,050228,CA,READM-30-PN-HRRP,207.0,,1.1626,18.2383,15.6874,48.0,07/01/2021,06/30/2024,15.527082
ZUCKERBERG SAN FRANCISCO GENERAL HOSP & TRAUMA CTR,050228,CA,READM-30-HF-HRRP,244.0,,1.0335,20.3283,19.6703,52.0,07/01/2021,06/30/2024,4.004467999999996
ZUCKERBERG SAN FRANCISCO GENERAL HOSP & TRAUMA CTR,050228,CA,READM-30-COPD-HRRP,116.0,,1.0557,19.7439,18.703,27.0,07/01/2021,06/30/2024,5.30452
ZUCKERBERG SAN FRANCISCO GENERAL HOSP & TRAUMA CTR,050228,CA,READM-30-AMI-HRRP,42.0,,1.0944,15.0902,13.7879,11.0,07/01/2021,06/30/2024,5.2090819999999995
GARDEN GROVE HOSPITAL & MEDICAL CENTER,050230,CA,READM-30-PN-HRRP,309.0,,1.1623,21.7659,18.7263,78.0,07/01/2021,06/30/2024,20.135733000000002
FRENCH HOSPITAL MEDICAL CENTER,050232,CA,READM-30-AMI-HRRP,294.0,,1.0015,11.5394,11.5222,34.0,07/01/2021,06/30/2024,0.12473200000000162
PROVIDENCE SAINT JOSEPH MEDICAL CTR,050235,CA,READM-30-COPD-HRRP,235.0,,1.0484,19.3385,18.4461,49.0,07/01/2021,06/30/2024,5.651664999999994
PROVIDENCE SAINT JOSEPH MEDICAL CTR,050235,CA,READM-30-HF-HRRP,650.0,,1.1528,22.3768,19.4101,156.0,07/01/2021,06/30/2024,29.83435
PROVIDENCE SAINT JOSEPH MEDICAL CTR,050235,CA,READM-30-AMI-HRRP,267.0,,1.0332,13.6066,13.1695,38.0,07/01/2021,06/30/2024,2.8374349999999993
PROVIDENCE SAINT JOSEPH MEDICAL CTR,050235,CA,READM-30-PN-HRRP,727.0,,1.1279,18.526,16.4251,143.0,07/01/2021,06/30/2024,23.589523
ADVENTIST HEALTH SIMI VALLEY,050236,CA,READM-30-PN-HRRP,459.0,,1.0982,17.9905,16.3813,89.0,07/01/2021,06/30/2024,13.809833000000012
ADVENTIST HEALTH SIMI VALLEY,050236,CA,READM-30-HF-HRRP,308.0,,1.1126,21.1854,19.0411,73.0,07/01/2021,06/30/2024,14.353411999999999
ADVENTIST HEALTH SIMI VALLEY,050236,CA,READM-30-AMI-HRRP,116.0,,1.0506,14.1954,13.5113,19.0,07/01/2021,06/30/2024,3.326891999999999
USC ARCADIA HOSPITAL,050238,CA,READM-30-AMI-HRRP,109.0,,1.0471,16.9932,16.2293,21.0,07/01/2021,06/30/2024,3.3100629999999995
GLENDALE ADVENTIST MEDICAL CENTER,050239,CA,READM-30-HF-HRRP,941.0,,1.0849,22.3098,20.5637,216.0,07/01/2021,06/30/2024,22.495582999999982
GLENDALE ADVENTIST MEDICAL CENTER,050239,CA,READM-30-PN-HRRP,1336.0,,1.1485,19.8623,17.2934,275.0,07/01/2021,06/30/2024,43.96017600000002
GLENDALE ADVENTIST MEDICAL CENTER,050239,CA,READM-30-AMI-HRRP,340.0,,1.0734,15.978,14.8859,58.0,07/01/2021,06/30/2024,7.38794
DOMINICAN HOSPITAL,050242,CA,READM-30-AMI-HRRP,246.0,,1.112,13.277,11.9395,38.0,07/01/2021,06/30/2024,8.62883
DESERT REGIONAL MEDICAL CENTER,050243,CA,READM-30-HF-HRRP,213.0,,1.0073,19.4709,19.3302,42.0,07/01/2021,06/30/2024,0.826673999999997
DESERT REGIONAL MEDICAL CENTER,050243,CA,READM-30-AMI-HRRP,132.0,,1.0673,13.4123,12.5661,21.0,07/01/2021,06/30/2024,4.412748000000001
DESERT REGIONAL MEDICAL CENTER,050243,CA,READM-30-PN-HRRP,249.0,,1.0707,17.7945,16.6196,49.0,07/01/2021,06/30/2024,7.617196000000007
NATIVIDAD MEDICAL CENTER,050248,CA,READM-30-HF-HRRP,95.0,,1.0109,19.1778,18.9701,19.0,07/01/2021,06/30/2024,0.9784050000000022
SIERRA VIEW MEDICAL CENTER,050261,CA,READM-30-COPD-HRRP,109.0,,1.0827,21.0509,19.4422,29.0,07/01/2021,06/30/2024,7.808002000000002
SIERRA VIEW MEDICAL CENTER,050261,CA,READM-30-PN-HRRP,266.0,,1.0011,16.5145,16.497,44.0,07/01/2021,06/30/2024,0.11797999999999575
SIERRA VIEW MEDICAL CENTER,050261,CA,READM-30-HF-HRRP,151.0,,1.0403,21.2408,20.4189,35.0,07/01/2021,06/30/2024,4.167460999999999
RONALD REAGAN UCLA MEDICAL CENTER,050262,CA,READM-30-CABG-HRRP,112.0,,1.0079,11.4209,11.3317,13.0,07/01/2021,06/30/2024,0.3084959999999999
REDLANDS COMMUNITY HOSPITAL,050272,CA,READM-30-PN-HRRP,210.0,,1.0007,18.0725,18.06,38.0,07/01/2021,06/30/2024,0.07400000000000517
CONTRA COSTA REGIONAL MEDICAL CENTER,050276,CA,READM-30-HF-HRRP,107.0,,1.0291,19.5535,19.0,23.0,07/01/2021,06/30/2024,2.669999999999998
PROVIDENCE HOLY CROSS MEDICAL CENTER,050278,CA,READM-30-HF-HRRP,567.0,,1.064,22.8124,21.4402,134.0,07/01/2021,06/30/2024,12.434066000000001
PROVIDENCE HOLY CROSS MEDICAL CENTER,050278,CA,READM-30-PN-HRRP,267.0,,1.0845,19.5927,18.0659,58.0,07/01/2021,06/30/2024,9.764047000000005
HI-DESERT MEDICAL CENTER,050279,CA,READM-30-PN-HRRP,92.0,,1.0114,14.4116,14.2497,14.0,07/01/2021,06/30/2024,0.8902759999999983
MERCY MEDICAL CENTER REDDING,050280,CA,READM-30-CABG-HRRP,69.0,,1.2447,13.4328,10.7924,15.0,07/01/2021,06/30/2024,7.553243999999999
ALHAMBRA HOSPITAL MEDICAL CENTER,050281,CA,READM-30-PN-HRRP,235.0,,1.0423,17.9378,17.2105,45.0,07/01/2021,06/30/2024,4.555324999999996
ALHAMBRA HOSPITAL MEDICAL CENTER,050281,CA,READM-30-HF-HRRP,56.0,,1.0201,20.6001,20.1942,13.0,07/01/2021,06/30/2024,1.6912480000000016
STANFORD HEALTH CARE TRI-VALLEY,050283,CA,READM-30-PN-HRRP,361.0,,1.0035,16.0015,15.9456,58.0,07/01/2021,06/30/2024,0.4363839999999968
AHMC SETON MEDICAL CENTER,050289,CA,READM-30-HF-HRRP,141.0,,1.0504,19.4801,18.5462,31.0,07/01/2021,06/30/2024,4.849858000000001
AHMC SETON MEDICAL CENTER,050289,CA,READM-30-AMI-HRRP,66.0,,1.0236,14.843,14.5006,11.0,07/01/2021,06/30/2024,1.4296039999999994
SAINT JOHN'S HEALTH CENTER,050290,CA,READM-30-COPD-HRRP,108.0,,1.0676,20.4135,19.1217,27.0,07/01/2021,06/30/2024,6.348564
SAINT JOHN'S HEALTH CENTER,050290,CA,READM-30-PN-HRRP,555.0,,1.0354,17.9452,17.3308,102.0,07/01/2021,06/30/2024,5.814060000000012
SAINT JOHN'S HEALTH CENTER,050290,CA,READM-30-AMI-HRRP,167.0,,1.0081,14.1229,14.0095,24.0,07/01/2021,06/30/2024,0.6041349999999994
SUTTER SANTA ROSA REGIONAL HOSPITAL,050291,CA,READM-30-HIP-KNEE-HRRP,280.0,,1.011,5.3123,5.2545,15.0,07/01/2021,06/30/2024,0.2873999999999999
RIVERSIDE UNIVERSITY HEALTH SYSTEM-MEDICAL CENTER,050292,CA,READM-30-HF-HRRP,157.0,,1.1286,24.0989,21.3527,47.0,07/01/2021,06/30/2024,13.476261000000001
RIVERSIDE UNIVERSITY HEALTH SYSTEM-MEDICAL CENTER,050292,CA,READM-30-COPD-HRRP,69.0,,1.0077,19.4505,19.3024,14.0,07/01/2021,06/30/2024,0.6813440000000011
MERCY HOSPITAL,050295,CA,READM-30-HF-HRRP,163.0,,1.0223,18.6622,18.2547,32.0,07/01/2021,06/30/2024,2.2448390000000025
MERCY HOSPITAL,050295,CA,READM-30-PN-HRRP,298.0,,1.0061,15.6349,15.5396,47.0,07/01/2021,06/30/2024,0.691991999999999
BARSTOW COMMUNITY HOSPITAL,050298,CA,READM-30-PN-HRRP,62.0,,1.007,16.9716,16.8539,11.0,07/01/2021,06/30/2024,0.5505820000000003
PROVIDENCE ST MARY MEDICAL CENTER,050300,CA,READM-30-HF-HRRP,313.0,,1.0442,21.0291,20.1392,69.0,07/01/2021,06/30/2024,5.964304000000006
PROVIDENCE ST MARY MEDICAL CENTER,050300,CA,READM-30-PN-HRRP,256.0,,1.0552,18.0902,17.1432,50.0,07/01/2021,06/30/2024,6.113408
ADVENTIST HEALTH UKIAH VALLEY,050301,CA,READM-30-HF-HRRP,171.0,,1.0017,19.2283,19.1966,33.0,07/01/2021,06/30/2024,0.17381400000000014
EL CAMINO HEALTH,050308,CA,READM-30-COPD-HRRP,185.0,,1.0477,17.6028,16.8006,36.0,07/01/2021,06/30/2024,4.918890000000001
EL CAMINO HEALTH,050308,CA,READM-30-PN-HRRP,768.0,,1.086,15.564,14.332,125.0,07/01/2021,06/30/2024,14.930239999999998
EL CAMINO HEALTH,050308,CA,READM-30-AMI-HRRP,216.0,,1.0724,11.8367,11.0378,29.0,07/01/2021,06/30/2024,5.158352000000001
SUTTER ROSEVILLE MEDICAL CENTER,050309,CA,READM-30-COPD-HRRP,282.0,,1.0412,19.494,18.7232,58.0,07/01/2021,06/30/2024,5.200576000000005
HIGHLAND HOSPITAL,050320,CA,READM-30-AMI-HRRP,61.0,,1.0992,14.9982,13.6449,14.0,07/01/2021,06/30/2024,5.676611000000001
HIGHLAND HOSPITAL,050320,CA,READM-30-PN-HRRP,237.0,,1.0717,19.0586,17.7832,50.0,07/01/2021,06/30/2024,7.853815999999995
SCRIPPS MEMORIAL HOSPITAL LA JOLLA,050324,CA,READM-30-COPD-HRRP,118.0,,1.0017,17.6894,17.6587,21.0,07/01/2021,06/30/2024,0.16273400000000038
SCRIPPS MEMORIAL HOSPITAL LA JOLLA,050324,CA,READM-30-CABG-HRRP,100.0,,1.0576,10.5607,9.9851,12.0,07/01/2021,06/30/2024,2.014900000000001
SCRIPPS MEMORIAL HOSPITAL LA JOLLA,050324,CA,READM-30-HIP-KNEE-HRRP,223.0,,1.0735,5.0173,4.674,12.0,07/01/2021,06/30/2024,1.576979999999999
LOMA LINDA UNIVERSITY MEDICAL CENTER,050327,CA,READM-30-HF-HRRP,396.0,,1.0088,19.2846,19.116,77.0,07/01/2021,06/30/2024,1.3006400000000014
CORONA REGIONAL MEDICAL CENTER,050329,CA,READM-30-PN-HRRP,166.0,,1.1306,18.4341,16.3048,39.0,07/01/2021,06/30/2024,11.934032000000002
SALINAS VALLEY MEMORIAL HOSPITAL,050334,CA,READM-30-HF-HRRP,682.0,,1.0665,20.2831,19.0176,143.0,07/01/2021,06/30/2024,13.299967999999978
SALINAS VALLEY MEMORIAL HOSPITAL,050334,CA,READM-30-PN-HRRP,471.0,,1.0628,16.3336,15.3691,81.0,07/01/2021,06/30/2024,8.611539000000008
SALINAS VALLEY MEMORIAL HOSPITAL,050334,CA,READM-30-AMI-HRRP,231.0,,1.0611,14.2725,13.4512,36.0,07/01/2021,06/30/2024,4.927728000000002
ADVENTIST HEALTH LODI MEMORIAL,050336,CA,READM-30-HF-HRRP,389.0,,1.1077,20.4545,18.4659,87.0,07/01/2021,06/30/2024,15.167648999999997
ADVENTIST HEALTH LODI MEMORIAL,050336,CA,READM-30-PN-HRRP,517.0,,1.0693,16.1556,15.108,88.0,07/01/2021,06/30/2024,9.89164000000001
PIONEERS MEMORIAL HEALTHCARE DISTRICT,050342,CA,READM-30-HF-HRRP,94.0,,1.027,20.2766,19.7427,21.0,07/01/2021,06/30/2024,2.4418620000000004
UCI HEALTH-ORANGE,050348,CA,READM-30-PN-HRRP,317.0,,1.0242,18.404,17.9692,60.0,07/01/2021,06/30/2024,3.037635999999992
UCI HEALTH-ORANGE,050348,CA,READM-30-AMI-HRRP,94.0,,1.0443,17.732,16.9805,19.0,07/01/2021,06/30/2024,3.038330000000002
ADVENTIST HEALTH WHITE MEMORIAL MONTEBELLO,050350,CA,READM-30-HF-HRRP,89.0,,1.02,20.8243,20.4159,20.0,07/01/2021,06/30/2024,1.8298489999999994
ADVENTIST HEALTH WHITE MEMORIAL MONTEBELLO,050350,CA,READM-30-PN-HRRP,119.0,,1.0208,18.9498,18.5644,24.0,07/01/2021,06/30/2024,1.9083639999999988
TORRANCE MEMORIAL MEDICAL CENTER,050351,CA,READM-30-COPD-HRRP,146.0,,1.0226,18.7241,18.3102,29.0,07/01/2021,06/30/2024,2.2671080000000003
TORRANCE MEMORIAL MEDICAL CENTER,050351,CA,READM-30-PN-HRRP,635.0,,1.0844,16.4681,15.1864,110.0,07/01/2021,06/30/2024,13.566360000000003
TORRANCE MEMORIAL MEDICAL CENTER,050351,CA,READM-30-AMI-HRRP,180.0,,1.0503,14.6957,13.9922,29.0,07/01/2021,06/30/2024,3.814040000000002
TORRANCE MEMORIAL MEDICAL CENTER,050351,CA,READM-30-HF-HRRP,819.0,,1.0371,19.5806,18.88,163.0,07/01/2021,06/30/2024,8.372800000000012
PROVIDENCE LITTLE COMPANY OF MARY MED CTR TORRANCE,050353,CA,READM-30-PN-HRRP,307.0,,1.0046,15.2109,15.1418,47.0,07/01/2021,06/30/2024,0.5146739999999994
PROVIDENCE LITTLE COMPANY OF MARY MED CTR TORRANCE,050353,CA,READM-30-AMI-HRRP,174.0,,1.0361,15.0165,14.4934,28.0,07/01/2021,06/30/2024,2.781483999999999
NORTHBAY MEDICAL CENTER,050367,CA,READM-30-HF-HRRP,488.0,,1.0677,20.5425,19.2398,105.0,07/01/2021,06/30/2024,11.10977600000001
NORTHBAY MEDICAL CENTER,050367,CA,READM-30-COPD-HRRP,186.0,,1.0381,19.4563,18.7426,39.0,07/01/2021,06/30/2024,4.138764000000002
LOS ANGELES GENERAL MEDICAL CENTER,050373,CA,READM-30-HF-HRRP,236.0,,1.0243,20.0225,19.548,49.0,07/01/2021,06/30/2024,2.866720000000001
LOS ANGELES GENERAL MEDICAL CENTER,050373,CA,READM-30-COPD-HRRP,55.0,,1.0434,21.3527,20.464,15.0,07/01/2021,06/30/2024,3.7448000000000015
LOS ANGELES GENERAL MEDICAL CENTER,050373,CA,READM-30-PN-HRRP,130.0,,1.0076,17.2914,17.1603,23.0,07/01/2021,06/30/2024,0.6916100000000007
LAC/HARBOR-UCLA MED CENTER,050376,CA,READM-30-PN-HRRP,101.0,,1.0277,17.9332,17.4504,20.0,07/01/2021,06/30/2024,2.375095999999999
LAC/HARBOR-UCLA MED CENTER,050376,CA,READM-30-HF-HRRP,119.0,,1.0241,20.3849,19.9055,26.0,07/01/2021,06/30/2024,2.312455
GOOD SAMARITAN HOSPITAL,050380,CA,READM-30-HF-HRRP,646.0,,1.063,18.8305,17.7139,126.0,07/01/2021,06/30/2024,11.568206000000004
GOOD SAMARITAN HOSPITAL,050380,CA,READM-30-COPD-HRRP,114.0,,1.0544,19.3513,18.3532,26.0,07/01/2021,06/30/2024,5.077352000000001
GOOD SAMARITAN HOSPITAL,050380,CA,READM-30-AMI-HRRP,256.0,,1.2312,16.1161,13.0899,52.0,07/01/2021,06/30/2024,18.489856000000003
EMANATE HEALTH INTER-COMMUNITY HOSPITAL,050382,CA,READM-30-AMI-HRRP,129.0,,1.1236,13.9549,12.4196,24.0,07/01/2021,06/30/2024,7.978715999999999
EMANATE HEALTH INTER-COMMUNITY HOSPITAL,050382,CA,READM-30-COPD-HRRP,93.0,,1.0213,15.5829,15.2581,16.0,07/01/2021,06/30/2024,1.8099670000000003
EMANATE HEALTH INTER-COMMUNITY HOSPITAL,050382,CA,READM-30-PN-HRRP,614.0,,1.0995,20.2357,18.4051,131.0,07/01/2021,06/30/2024,17.992685999999992
HEMET GLOBAL MEDICAL CENTER,050390,CA,READM-30-PN-HRRP,192.0,,1.0686,18.4522,17.2675,40.0,07/01/2021,06/30/2024,6.846400000000003
PIH HEALTH DOWNEY HOSPITAL,050393,CA,READM-30-PN-HRRP,180.0,,1.0967,19.2045,17.5111,41.0,07/01/2021,06/30/2024,9.480020000000003
COMMUNITY MEMORIAL HOSPITAL - VENTURA,050394,CA,READM-30-AMI-HRRP,150.0,,1.0004,12.6516,12.6459,19.0,07/01/2021,06/30/2024,0.031150000000000233
SANTA BARBARA COTTAGE HOSPITAL,050396,CA,READM-30-PN-HRRP,645.0,,1.0353,15.1493,14.6333,100.0,07/01/2021,06/30/2024,5.615215000000006
SANTA BARBARA COTTAGE HOSPITAL,050396,CA,READM-30-AMI-HRRP,239.0,,1.0345,13.091,12.654,33.0,07/01/2021,06/30/2024,2.7569400000000037
CHINESE HOSPITAL,050407,CA,READM-30-HF-HRRP,95.0,,1.0792,17.5558,16.2682,22.0,07/01/2021,06/30/2024,6.545210000000001
MERCY HOSPITAL OF FOLSOM,050414,CA,READM-30-HF-HRRP,356.0,,1.0657,19.2232,18.038,73.0,07/01/2021,06/30/2024,8.784719999999993
MERCY HOSPITAL OF FOLSOM,050414,CA,READM-30-COPD-HRRP,139.0,,1.0298,19.2758,18.7175,29.0,07/01/2021,06/30/2024,2.9826750000000004
WEST ANAHEIM MEDICAL CENTER,050426,CA,READM-30-HF-HRRP,140.0,,1.0512,23.026,21.9044,36.0,07/01/2021,06/30/2024,5.333840000000002
WEST ANAHEIM MEDICAL CENTER,050426,CA,READM-30-PN-HRRP,426.0,,1.1765,22.622,19.2288,108.0,07/01/2021,06/30/2024,26.085312000000002
WEST ANAHEIM MEDICAL CENTER,050426,CA,READM-30-AMI-HRRP,77.0,,1.0666,17.6422,16.541,17.0,07/01/2021,06/30/2024,4.26343
HUNTINGTON HOSPITAL,050438,CA,READM-30-HF-HRRP,528.0,,1.1182,22.1039,19.7677,125.0,07/01/2021,06/30/2024,20.626543999999996
HUNTINGTON HOSPITAL,050438,CA,READM-30-AMI-HRRP,163.0,,1.0801,14.1506,13.1009,27.0,07/01/2021,06/30/2024,5.645533000000004
HUNTINGTON HOSPITAL,050438,CA,READM-30-PN-HRRP,726.0,,1.0699,18.0918,16.9096,136.0,07/01/2021,06/30/2024,13.236303999999976
STANFORD HEALTH CARE,050441,CA,READM-30-PN-HRRP,829.0,,1.0341,17.0953,16.5309,144.0,07/01/2021,06/30/2024,6.958839000000012
STANFORD HEALTH CARE,050441,CA,READM-30-HF-HRRP,877.0,,1.0439,20.7364,19.8639,185.0,07/01/2021,06/30/2024,10.793596999999977
MERCY MEDICAL CENTER,050444,CA,READM-30-PN-HRRP,568.0,,1.0258,16.5988,16.1818,96.0,07/01/2021,06/30/2024,4.087376000000006
MERCY MEDICAL CENTER,050444,CA,READM-30-HF-HRRP,538.0,,1.0931,20.7252,18.9593,118.0,07/01/2021,06/30/2024,15.99896600000001
MERCY MEDICAL CENTER,050444,CA,READM-30-AMI-HRRP,52.0,,1.0642,15.0181,14.1123,11.0,07/01/2021,06/30/2024,3.6616040000000005
UCSF MEDICAL CENTER,050454,CA,READM-30-PN-HRRP,590.0,,1.0283,17.9814,17.4873,108.0,07/01/2021,06/30/2024,4.824929999999995
UCSF MEDICAL CENTER,050454,CA,READM-30-AMI-HRRP,155.0,,1.0676,16.487,15.4427,29.0,07/01/2021,06/30/2024,5.063814999999998
ADVENTIST HEALTH BAKERSFIELD,050455,CA,READM-30-PN-HRRP,420.0,,1.0232,17.2498,16.8586,74.0,07/01/2021,06/30/2024,3.193880000000007
ADVENTIST HEALTH BAKERSFIELD,050455,CA,READM-30-HF-HRRP,268.0,,1.0519,20.6373,19.6189,59.0,07/01/2021,06/30/2024,6.421348000000002
ADVENTIST HEALTH BAKERSFIELD,050455,CA,READM-30-COPD-HRRP,98.0,,1.0091,20.7179,20.5316,21.0,07/01/2021,06/30/2024,0.8790319999999987
ADVENTIST HEALTH BAKERSFIELD,050455,CA,READM-30-AMI-HRRP,168.0,,1.0466,14.0934,13.4664,26.0,07/01/2021,06/30/2024,3.376448
UCSF HEALTH ST. MARY'S HOSPITAL,050457,CA,READM-30-PN-HRRP,135.0,,1.0308,16.9957,16.4872,25.0,07/01/2021,06/30/2024,2.7422799999999974
UCSF HEALTH ST. MARY'S HOSPITAL,050457,CA,READM-30-COPD-HRRP,44.0,,1.0469,19.524,18.6498,12.0,07/01/2021,06/30/2024,3.7940880000000003
DOCTORS MEDICAL CENTER,050464,CA,READM-30-PN-HRRP,365.0,,1.0203,17.1612,16.8194,64.0,07/01/2021,06/30/2024,2.609189999999998
DOCTORS MEDICAL CENTER,050464,CA,READM-30-HF-HRRP,408.0,,1.0383,21.6163,20.818,91.0,07/01/2021,06/30/2024,6.062560000000005
DOCTORS MEDICAL CENTER,050464,CA,READM-30-COPD-HRRP,102.0,,1.0777,20.913,19.4054,27.0,07/01/2021,06/30/2024,7.206492000000001
DOCTORS MEDICAL CENTER,050464,CA,READM-30-CABG-HRRP,130.0,,1.2466,12.5069,10.0326,22.0,07/01/2021,06/30/2024,8.95762
DOCTORS MEDICAL CENTER,050464,CA,READM-30-AMI-HRRP,363.0,,1.071,14.4615,13.5028,56.0,07/01/2021,06/30/2024,6.984835999999994
MEMORIAL HOSPITAL OF GARDENA,050468,CA,READM-30-HF-HRRP,122.0,,1.1919,27.8997,23.4084,48.0,07/01/2021,06/30/2024,19.441751999999997
MEMORIAL HOSPITAL OF GARDENA,050468,CA,READM-30-PN-HRRP,189.0,,1.0492,21.4511,20.4459,44.0,07/01/2021,06/30/2024,5.357248999999996
MEMORIAL HOSPITAL OF GARDENA,050468,CA,READM-30-COPD-HRRP,56.0,,1.0039,22.6579,22.5693,13.0,07/01/2021,06/30/2024,0.36119200000000085
PIH HEALTH GOOD SAMARITAN HOSPITAL,050471,CA,READM-30-HF-HRRP,343.0,,1.1098,22.2285,20.0291,84.0,07/01/2021,06/30/2024,15.300186999999994
PIH HEALTH GOOD SAMARITAN HOSPITAL,050471,CA,READM-30-COPD-HRRP,55.0,,1.055,21.4711,20.3524,16.0,07/01/2021,06/30/2024,4.806180000000001
PIH HEALTH GOOD SAMARITAN HOSPITAL,050471,CA,READM-30-AMI-HRRP,74.0,,1.0879,16.9996,15.6265,17.0,07/01/2021,06/30/2024,5.436390000000001
PIH HEALTH GOOD SAMARITAN HOSPITAL,050471,CA,READM-30-PN-HRRP,234.0,,1.1695,21.7086,18.562,62.0,07/01/2021,06/30/2024,18.56492
UCLA WEST VALLEY MEDICAL CENTER,050481,CA,READM-30-AMI-HRRP,187.0,,1.1252,16.4608,14.6291,37.0,07/01/2021,06/30/2024,9.643583
UCLA WEST VALLEY MEDICAL CENTER,050481,CA,READM-30-PN-HRRP,451.0,,1.1599,20.7415,17.8829,104.0,07/01/2021,06/30/2024,23.348121000000006
UCLA WEST VALLEY MEDICAL CENTER,050481,CA,READM-30-HF-HRRP,343.0,,1.1412,22.4993,19.716,87.0,07/01/2021,06/30/2024,19.374120000000005
UCLA WEST VALLEY MEDICAL CENTER,050481,CA,READM-30-COPD-HRRP,83.0,,1.1015,23.1387,21.0073,27.0,07/01/2021,06/30/2024,9.563941
MEMORIALCARE LONG BEACH MEDICAL CENTER,050485,CA,READM-30-COPD-HRRP,77.0,,1.0642,22.1571,20.8195,22.0,07/01/2021,06/30/2024,5.968985
MEMORIALCARE LONG BEACH MEDICAL CENTER,050485,CA,READM-30-AMI-HRRP,121.0,,1.0314,15.9929,15.5059,21.0,07/01/2021,06/30/2024,2.2378609999999988
CLOVIS COMMUNITY MEDICAL CENTER,050492,CA,READM-30-HF-HRRP,490.0,,1.0497,20.7061,19.7261,105.0,07/01/2021,06/30/2024,8.342110000000005
CLOVIS COMMUNITY MEDICAL CENTER,050492,CA,READM-30-AMI-HRRP,131.0,,1.006,12.748,12.6721,17.0,07/01/2021,06/30/2024,0.3995490000000004
CLOVIS COMMUNITY MEDICAL CENTER,050492,CA,READM-30-COPD-HRRP,156.0,,1.0466,18.9893,18.1438,33.0,07/01/2021,06/30/2024,4.695672000000002
JOHN MUIR MEDICAL CENTER - CONCORD CAMPUS,050496,CA,READM-30-PN-HRRP,366.0,,1.0846,17.614,16.2398,70.0,07/01/2021,06/30/2024,10.562332000000005
JOHN MUIR MEDICAL CENTER - CONCORD CAMPUS,050496,CA,READM-30-COPD-HRRP,124.0,,1.1544,21.1291,18.3031,37.0,07/01/2021,06/30/2024,14.304155999999999
JOHN MUIR MEDICAL CENTER - CONCORD CAMPUS,050496,CA,READM-30-HIP-KNEE-HRRP,480.0,,1.0425,5.3175,5.1007,26.0,07/01/2021,06/30/2024,1.5166400000000024
JOHN MUIR MEDICAL CENTER - CONCORD CAMPUS,050496,CA,READM-30-AMI-HRRP,283.0,,1.0417,14.1003,13.5357,42.0,07/01/2021,06/30/2024,3.6939689999999956
SCRIPPS MEMORIAL HOSPITAL - ENCINITAS,050503,CA,READM-30-COPD-HRRP,114.0,29,1.0138,19.2677,19.0061,23.0,07/01/2021,06/30/2024,1.3330459999999995
SCRIPPS MEMORIAL HOSPITAL - ENCINITAS,050503,CA,READM-30-HIP-KNEE-HRRP,170.0,29,1.2588,6.6665,5.296,14.0,07/01/2021,06/30/2024,4.9968
ADVENTIST HEALTH SIERRA VISTA,050506,CA,READM-30-HF-HRRP,77.0,,1.0782,19.0138,17.6352,20.0,07/01/2021,06/30/2024,6.420895999999999
MERCY SAN JUAN MEDICAL CENTER,050516,CA,READM-30-COPD-HRRP,210.0,,1.0622,21.1235,19.8871,49.0,07/01/2021,06/30/2024,7.237090000000002
MERCY SAN JUAN MEDICAL CENTER,050516,CA,READM-30-PN-HRRP,399.0,,1.1089,17.3001,15.6017,76.0,07/01/2021,06/30/2024,13.749217000000002
VICTOR VALLEY GLOBAL MEDICAL CENTER,050517,CA,READM-30-PN-HRRP,103.0,,1.0945,19.0846,17.436,26.0,07/01/2021,06/30/2024,8.04092
SUTTER DELTA MEDICAL CENTER,050523,CA,READM-30-HF-HRRP,351.0,,1.0137,21.0825,20.798,75.0,07/01/2021,06/30/2024,1.9990200000000158
SUTTER DELTA MEDICAL CENTER,050523,CA,READM-30-COPD-HRRP,129.0,,1.0092,21.1614,20.9693,28.0,07/01/2021,06/30/2024,0.9496029999999962
SUTTER DELTA MEDICAL CENTER,050523,CA,READM-30-AMI-HRRP,89.0,,1.0388,13.5401,13.0348,14.0,07/01/2021,06/30/2024,2.3990279999999977
HUNTINGTON BEACH HOSPITAL,050526,CA,READM-30-PN-HRRP,163.0,,1.0158,18.968,18.6727,32.0,07/01/2021,06/30/2024,1.5634990000000037
HUNTINGTON BEACH HOSPITAL,050526,CA,READM-30-HF-HRRP,79.0,,1.114,21.6322,19.4186,25.0,07/01/2021,06/30/2024,9.659305999999997
MEMORIAL HOSPITAL LOS BANOS,050528,CA,READM-30-PN-HRRP,73.0,,1.025,15.5645,15.1842,13.0,07/01/2021,06/30/2024,1.9155339999999992
MEMORIAL HOSPITAL LOS BANOS,050528,CA,READM-30-HF-HRRP,62.0,,1.0067,16.9892,16.8756,11.0,07/01/2021,06/30/2024,0.5371280000000009
JOHN F KENNEDY MEMORIAL HOSPITAL,050534,CA,READM-30-PN-HRRP,155.0,,1.1135,17.2384,15.4817,34.0,07/01/2021,06/30/2024,10.003364999999999
JOHN F KENNEDY MEMORIAL HOSPITAL,050534,CA,READM-30-HF-HRRP,103.0,,1.0472,21.8817,20.8946,26.0,07/01/2021,06/30/2024,4.478562
LOS ROBLES HOSPITAL & MEDICAL CENTER,050549,CA,READM-30-PN-HRRP,897.0,,1.0617,17.828,16.7913,164.0,07/01/2021,06/30/2024,13.382038999999992
LOS ROBLES HOSPITAL & MEDICAL CENTER,050549,CA,READM-30-HF-HRRP,621.0,,1.0136,19.3285,19.0699,121.0,07/01/2021,06/30/2024,2.575920999999994
LOS ROBLES HOSPITAL & MEDICAL CENTER,050549,CA,READM-30-COPD-HRRP,178.0,,1.0592,20.0545,18.9339,40.0,07/01/2021,06/30/2024,6.297657999999998
LOS ROBLES HOSPITAL & MEDICAL CENTER,050549,CA,READM-30-CABG-HRRP,79.0,,1.1135,12.8808,11.5681,13.0,07/01/2021,06/30/2024,3.861201000000001
LOS ROBLES HOSPITAL & MEDICAL CENTER,050549,CA,READM-30-AMI-HRRP,247.0,,1.028,12.7997,12.4506,33.0,07/01/2021,06/30/2024,2.2470180000000006
UCI HEALTH - LOS ALAMITOS,050551,CA,READM-30-COPD-HRRP,77.0,,1.0423,20.5644,19.7306,19.0,07/01/2021,06/30/2024,3.807438000000001
UCI HEALTH - LOS ALAMITOS,050551,CA,READM-30-AMI-HRRP,87.0,,1.0596,13.8597,13.0798,15.0,07/01/2021,06/30/2024,3.6205739999999995
MEMORIAL MEDICAL CENTER,050557,CA,READM-30-PN-HRRP,544.0,,1.0593,16.5693,15.6414,94.0,07/01/2021,06/30/2024,8.910784000000007
MEMORIAL MEDICAL CENTER,050557,CA,READM-30-HIP-KNEE-HRRP,224.0,,1.0178,5.713,5.6133,13.0,07/01/2021,06/30/2024,0.4262080000000008
MEMORIAL MEDICAL CENTER,050557,CA,READM-30-HF-HRRP,583.0,,1.0672,20.9667,19.6463,127.0,07/01/2021,06/30/2024,12.462070999999995
MEMORIAL MEDICAL CENTER,050557,CA,READM-30-AMI-HRRP,197.0,,1.0288,12.4748,12.1252,26.0,07/01/2021,06/30/2024,2.1133559999999996
PROVIDENCE MISSION HOSPITAL,050567,CA,READM-30-PN-HRRP,761.0,,1.0346,15.4721,14.9546,120.0,07/01/2021,06/30/2024,6.195494000000011
PROVIDENCE MISSION HOSPITAL,050567,CA,READM-30-HF-HRRP,458.0,,1.0043,18.056,17.9788,83.0,07/01/2021,06/30/2024,0.6570959999999957
PROVIDENCE MISSION HOSPITAL,050567,CA,READM-30-COPD-HRRP,80.0,,1.019,17.0327,16.7143,15.0,07/01/2021,06/30/2024,1.6285599999999985
UCI HEALTH - FOUNTAIN VALLEY,050570,CA,READM-30-PN-HRRP,377.0,,1.0109,17.0462,16.8627,65.0,07/01/2021,06/30/2024,1.427621000000002
UCI HEALTH - FOUNTAIN VALLEY,050570,CA,READM-30-HF-HRRP,304.0,,1.0783,21.5284,19.9645,71.0,07/01/2021,06/30/2024,10.307919999999996
UCI HEALTH - FOUNTAIN VALLEY,050570,CA,READM-30-COPD-HRRP,84.0,,1.0779,18.4377,17.1052,21.0,07/01/2021,06/30/2024,6.631632
EISENHOWER MEDICAL CENTER,050573,CA,READM-30-HF-HRRP,1046.0,,1.0592,20.9164,19.7465,223.0,07/01/2021,06/30/2024,16.451609999999988
EISENHOWER MEDICAL CENTER,050573,CA,READM-30-AMI-HRRP,422.0,,1.0229,12.7633,12.4775,55.0,07/01/2021,06/30/2024,2.3449500000000043
LA PALMA INTERCOMMUNITY HOSPITAL,050580,CA,READM-30-PN-HRRP,144.0,,1.0394,18.2682,17.5764,29.0,07/01/2021,06/30/2024,3.689983999999999
LA PALMA INTERCOMMUNITY HOSPITAL,050580,CA,READM-30-HF-HRRP,72.0,,1.0607,20.4465,19.2764,19.0,07/01/2021,06/30/2024,5.120992000000001
UCI HEALTH-LAKEWOOD,050581,CA,READM-30-PN-HRRP,231.0,,1.0255,20.4243,19.9161,49.0,07/01/2021,06/30/2024,2.993808999999999
UCI HEALTH-LAKEWOOD,050581,CA,READM-30-HF-HRRP,181.0,,1.0069,20.7152,20.5736,38.0,07/01/2021,06/30/2024,0.7617839999999987
UCI HEALTH-LAKEWOOD,050581,CA,READM-30-COPD-HRRP,52.0,,1.0323,22.1003,21.4098,14.0,07/01/2021,06/30/2024,2.866904
UCI HEALTH-LAKEWOOD,050581,CA,READM-30-AMI-HRRP,62.0,,1.0853,18.599,17.1374,16.0,07/01/2021,06/30/2024,5.374812
CHINO VALLEY MEDICAL CENTER,050586,CA,READM-30-PN-HRRP,147.0,,1.0059,17.4097,17.3069,26.0,07/01/2021,06/30/2024,0.5588569999999997
CHINO VALLEY MEDICAL CENTER,050586,CA,READM-30-HF-HRRP,69.0,,1.0207,20.9655,20.5398,16.0,07/01/2021,06/30/2024,1.8275380000000006
SAN DIMAS COMMUNITY HOSPITAL,050588,CA,READM-30-PN-HRRP,185.0,,1.2289,21.7755,17.7196,55.0,07/01/2021,06/30/2024,22.218740000000004
SAN DIMAS COMMUNITY HOSPITAL,050588,CA,READM-30-HF-HRRP,42.0,,1.0286,21.2122,20.6225,11.0,07/01/2021,06/30/2024,2.3385499999999997
UCI HEALTH - PLACENTIA LINDA,050589,CA,READM-30-HF-HRRP,93.0,,1.0517,17.6713,16.8021,20.0,07/01/2021,06/30/2024,4.374046999999999
METHODIST HOSPITAL OF SACRAMENTO,050590,CA,READM-30-PN-HRRP,223.0,,1.0762,16.6299,15.4528,42.0,07/01/2021,06/30/2024,7.540255999999999
METHODIST HOSPITAL OF SACRAMENTO,050590,CA,READM-30-HF-HRRP,243.0,,1.0005,19.7392,19.7301,48.0,07/01/2021,06/30/2024,0.05585699999999605
METHODIST HOSPITAL OF SACRAMENTO,050590,CA,READM-30-COPD-HRRP,94.0,,1.0194,20.7417,20.3475,21.0,07/01/2021,06/30/2024,1.873350000000002
EMANATE HEALTH FOOTHILL PRESBYTERIAN HOSPITAL,050597,CA,READM-30-HF-HRRP,124.0,,1.0149,17.7019,17.4428,23.0,07/01/2021,06/30/2024,1.3709280000000028
UNIVERSITY OF CALIFORNIA DAVIS MEDICAL CENTER,050599,CA,READM-30-PN-HRRP,432.0,,1.1035,20.6177,18.6833,96.0,07/01/2021,06/30/2024,15.288144000000003
ADVENTIST HEALTH DELANO,050608,CA,READM-30-PN-HRRP,83.0,,1.0492,17.7361,16.9047,18.0,07/01/2021,06/30/2024,3.9690990000000017
HENRY MAYO NEWHALL  HOSPITAL,050624,CA,READM-30-PN-HRRP,391.0,,1.0458,16.3631,15.647,67.0,07/01/2021,06/30/2024,5.820230000000002
HENRY MAYO NEWHALL  HOSPITAL,050624,CA,READM-30-COPD-HRRP,141.0,,1.0461,18.2253,17.4215,29.0,07/01/2021,06/30/2024,4.435684999999999
HENRY MAYO NEWHALL  HOSPITAL,050624,CA,READM-30-AMI-HRRP,106.0,,1.0389,14.1991,13.6676,17.0,07/01/2021,06/30/2024,2.5123440000000006
CEDARS-SINAI MEDICAL CENTER,050625,CA,READM-30-AMI-HRRP,535.0,,1.0087,15.9889,15.8506,86.0,07/01/2021,06/30/2024,1.1992899999999906
ADVENTIST HEALTH TWIN CITIES,050633,CA,READM-30-PN-HRRP,300.0,,1.0379,13.8658,13.3593,44.0,07/01/2021,06/30/2024,3.9221000000000004
ADVENTIST HEALTH TWIN CITIES,050633,CA,READM-30-HF-HRRP,211.0,,1.0497,17.8141,16.9712,41.0,07/01/2021,06/30/2024,5.1907679999999985
PALOMAR MEDICAL CENTER POWAY,050636,CA,READM-30-PN-HRRP,308.0,,1.0102,15.6888,15.5301,49.0,07/01/2021,06/30/2024,1.1672920000000033
LOS ANGELES COMMUNITY HOSPITAL,050663,CA,READM-30-PN-HRRP,382.0,,1.0293,20.4064,19.8264,80.0,07/01/2021,06/30/2024,4.263152000000005
LAGUNA HONDA HOSPITAL & REHABILITATION CENTER,050668,CA,READM-30-PN-HRRP,52.0,,1.0729,16.0803,14.9871,13.0,07/01/2021,06/30/2024,5.206708
KAISER FOUNDATION HOSP SO SACRAMENTO,050674,CA,READM-30-HF-HRRP,53.0,,1.0283,20.6379,20.0709,13.0,07/01/2021,06/30/2024,2.362422999999998
MEMORIALCARE ORANGE COAST MEDICAL CENTER,050678,CA,READM-30-PN-HRRP,328.0,,1.0215,16.0265,15.6886,54.0,07/01/2021,06/30/2024,2.541392000000002
MENIFEE GLOBAL MEDICAL CENTER,050684,CA,READM-30-PN-HRRP,47.0,,1.0556,15.7574,14.9272,11.0,07/01/2021,06/30/2024,3.984216000000001
SAN RAMON REGIONAL MEDICAL CENTER,050689,CA,READM-30-PN-HRRP,265.0,,1.0007,14.6985,14.6876,39.0,07/01/2021,06/30/2024,0.07786000000000115
KECK HOSPITAL OF USC,050696,CA,READM-30-HF-HRRP,188.0,,1.0141,23.8966,23.5634,46.0,07/01/2021,06/30/2024,1.700807999999995
SOUTHWEST HEALTHCARE RANCHO SPRINGS HOSPITAL,050701,CA,READM-30-HF-HRRP,132.0,,1.1397,22.2148,19.4913,39.0,07/01/2021,06/30/2024,13.271484000000001
MISSION COMMUNITY HOSPITAL,050704,CA,READM-30-PN-HRRP,272.0,,1.0359,20.7715,20.0518,59.0,07/01/2021,06/30/2024,4.459103999999996
MISSION COMMUNITY HOSPITAL,050704,CA,READM-30-HF-HRRP,102.0,,1.0197,22.0917,21.665,24.0,07/01/2021,06/30/2024,1.9017000000000017
DESERT VALLEY HOSPITAL,050709,CA,READM-30-PN-HRRP,274.0,,1.1672,20.1311,17.2475,66.0,07/01/2021,06/30/2024,18.74185
DESERT VALLEY HOSPITAL,050709,CA,READM-30-HF-HRRP,209.0,,1.0894,22.739,20.8722,54.0,07/01/2021,06/30/2024,10.377102
DESERT VALLEY HOSPITAL,050709,CA,READM-30-COPD-HRRP,70.0,,1.0257,20.0966,19.5937,16.0,07/01/2021,06/30/2024,2.284410000000001
WHITTIER HOSPITAL MEDICAL CENTER,050735,CA,READM-30-PN-HRRP,169.0,,1.1203,18.4877,16.5028,39.0,07/01/2021,06/30/2024,11.110267999999998
WHITTIER HOSPITAL MEDICAL CENTER,050735,CA,READM-30-HF-HRRP,100.0,,1.006,21.5536,21.4258,22.0,07/01/2021,06/30/2024,0.5742000000000012
MONTEREY PARK HOSPITAL,050736,CA,READM-30-PN-HRRP,87.0,,1.0538,15.5596,14.7649,17.0,07/01/2021,06/30/2024,4.1545369999999995
GARFIELD MEDICAL CENTER,050737,CA,READM-30-PN-HRRP,313.0,,1.0647,16.2306,15.2446,55.0,07/01/2021,06/30/2024,7.284402
GARFIELD MEDICAL CENTER,050737,CA,READM-30-HF-HRRP,188.0,,1.0031,17.9681,17.9128,34.0,07/01/2021,06/30/2024,0.3239359999999962
GARFIELD MEDICAL CENTER,050737,CA,READM-30-AMI-HRRP,86.0,,1.0436,15.9737,15.3064,16.0,07/01/2021,06/30/2024,2.8364960000000004
GREATER EL MONTE COMMUNITY HOSPITAL,050738,CA,READM-30-PN-HRRP,151.0,,1.0141,19.8697,19.5931,31.0,07/01/2021,06/30/2024,1.4144190000000023
CENTINELA HOSPITAL MEDICAL CENTER,050739,CA,READM-30-PN-HRRP,300.0,,1.1935,25.92,21.7168,91.0,07/01/2021,06/30/2024,25.849599999999995
CENTINELA HOSPITAL MEDICAL CENTER,050739,CA,READM-30-HF-HRRP,364.0,,1.1019,25.1243,22.801,99.0,07/01/2021,06/30/2024,16.004360000000005
CENTINELA HOSPITAL MEDICAL CENTER,050739,CA,READM-30-COPD-HRRP,128.0,,1.064,24.2288,22.7718,36.0,07/01/2021,06/30/2024,6.852096000000003
CENTINELA HOSPITAL MEDICAL CENTER,050739,CA,READM-30-AMI-HRRP,86.0,,1.2168,25.0521,20.5883,33.0,07/01/2021,06/30/2024,15.294062
CEDAR-SINAI MARINA DEL REY HOSPITAL,050740,CA,READM-30-PN-HRRP,265.0,,1.0469,18.4256,17.5999,52.0,07/01/2021,06/30/2024,5.360264999999998
CEDAR-SINAI MARINA DEL REY HOSPITAL,050740,CA,READM-30-HF-HRRP,150.0,,1.0072,21.6426,21.4886,33.0,07/01/2021,06/30/2024,0.7670999999999992
CEDAR-SINAI MARINA DEL REY HOSPITAL,050740,CA,READM-30-COPD-HRRP,64.0,,1.0039,22.9572,22.8683,15.0,07/01/2021,06/30/2024,0.3642879999999984
CHAPMAN GLOBAL MEDICAL CENTER,050745,CA,READM-30-PN-HRRP,58.0,,1.0631,16.9944,15.9863,14.0,07/01/2021,06/30/2024,4.727945999999999
ORANGE COUNTY GLOBAL MEDICAL CENTER,050746,CA,READM-30-PN-HRRP,147.0,,1.0211,17.3864,17.0268,27.0,07/01/2021,06/30/2024,1.970603999999998
COASTAL COMMUNITIES HOSPITAL,050747,CA,READM-30-PN-HRRP,56.0,,1.0354,18.8838,18.2388,13.0,07/01/2021,06/30/2024,2.7862719999999985
SHERMAN OAKS HOSPITAL,050755,CA,READM-30-PN-HRRP,312.0,,1.1092,23.1907,20.9082,80.0,07/01/2021,06/30/2024,14.766415999999992
SHERMAN OAKS HOSPITAL,050755,CA,READM-30-HF-HRRP,250.0,,1.136,25.2871,22.2596,73.0,07/01/2021,06/30/2024,17.351000000000006
SHERMAN OAKS HOSPITAL,050755,CA,READM-30-COPD-HRRP,57.0,,1.0615,21.6969,20.4391,17.0,07/01/2021,06/30/2024,5.349713000000001
MONTCLAIR HOSPITAL MEDICAL CENTER,050758,CA,READM-30-PN-HRRP,124.0,,1.2016,23.1974,19.3047,42.0,07/01/2021,06/30/2024,18.062172
KAISER FOUNDATION HOSPITAL - ANTIOCH,050760,CA,READM-30-PN-HRRP,33.0,,1.1363,18.6926,16.4505,15.0,07/01/2021,06/30/2024,9.571335
PROVIDENCE CEDARS SINAI TARZANA MEDICAL CENTER,050761,CA,READM-30-PN-HRRP,355.0,,1.0778,17.4382,16.1792,67.0,07/01/2021,06/30/2024,9.563839999999992
PROVIDENCE CEDARS SINAI TARZANA MEDICAL CENTER,050761,CA,READM-30-HF-HRRP,609.0,,1.0464,21.4547,20.5026,134.0,07/01/2021,06/30/2024,9.139165999999989
PROVIDENCE CEDARS SINAI TARZANA MEDICAL CENTER,050761,CA,READM-30-AMI-HRRP,159.0,,1.0733,14.6903,13.6872,27.0,07/01/2021,06/30/2024,5.237352000000001
L A DOWNTOWN MEDICAL CENTER,050763,CA,READM-30-PN-HRRP,162.0,,1.0612,19.6717,18.5376,36.0,07/01/2021,06/30/2024,5.969087999999999
L A DOWNTOWN MEDICAL CENTER,050763,CA,READM-30-COPD-HRRP,92.0,,1.0124,19.647,19.4055,19.0,07/01/2021,06/30/2024,1.1469400000000007
SHASTA REGIONAL MEDICAL CENTER,050764,CA,READM-30-PN-HRRP,492.0,,1.1339,18.1875,16.0398,98.0,07/01/2021,06/30/2024,19.084184000000008
SHASTA REGIONAL MEDICAL CENTER,050764,CA,READM-30-HIP-KNEE-HRRP,249.0,,1.3938,6.1117,4.3849,19.0,07/01/2021,06/30/2024,8.081599
SHASTA REGIONAL MEDICAL CENTER,050764,CA,READM-30-HF-HRRP,317.0,,1.0207,18.1537,17.7853,59.0,07/01/2021,06/30/2024,2.6205990000000057
SHASTA REGIONAL MEDICAL CENTER,050764,CA,READM-30-COPD-HRRP,208.0,,1.0174,17.6586,17.356,38.0,07/01/2021,06/30/2024,1.8995199999999954
SHASTA REGIONAL MEDICAL CENTER,050764,CA,READM-30-AMI-HRRP,164.0,,1.0109,13.689,13.541,23.0,07/01/2021,06/30/2024,0.7927600000000012
LOMA LINDA UNIVERSITY MEDICAL CENTER-MURRIETA,050770,CA,READM-30-PN-HRRP,218.0,,1.013,15.2001,15.0043,34.0,07/01/2021,06/30/2024,1.290625999999996
LOMA LINDA UNIVERSITY MEDICAL CENTER-MURRIETA,050770,CA,READM-30-HF-HRRP,288.0,,1.1321,22.4741,19.8512,74.0,07/01/2021,06/30/2024,16.828544
LOMA LINDA UNIVERSITY MEDICAL CENTER-MURRIETA,050770,CA,READM-30-COPD-HRRP,107.0,,1.0141,17.73,17.4836,20.0,07/01/2021,06/30/2024,1.292548
COAST PLAZA HOSPITAL,050771,CA,READM-30-PN-HRRP,165.0,,1.0039,21.0425,20.9617,35.0,07/01/2021,06/30/2024,0.41319500000000176
COAST PLAZA HOSPITAL,050771,CA,READM-30-HF-HRRP,69.0,,1.0326,23.9527,23.1956,19.0,07/01/2021,06/30/2024,2.995035999999999
TEMECULA VALLEY HOSPITAL,050775,CA,READM-30-PN-HRRP,280.0,,1.0392,15.5177,14.9319,46.0,07/01/2021,06/30/2024,4.19068
TEMECULA VALLEY HOSPITAL,050775,CA,READM-30-AMI-HRRP,183.0,,1.0013,13.6245,13.6067,25.0,07/01/2021,06/30/2024,0.09973899999999958
"MARTIN LUTHER KING, JR. COMMUNITY HOSPITAL",050779,CA,READM-30-PN-HRRP,95.0,,1.0561,18.1545,17.1906,21.0,07/01/2021,06/30/2024,4.66893
COLUSA MEDICAL CENTER,050783,CA,READM-30-COPD-HRRP,63.0,,1.017,17.0869,16.8018,12.0,07/01/2021,06/30/2024,1.414866
ADVENTIST HEALTH TULARE,050784,CA,READM-30-PN-HRRP,112.0,,1.0137,14.3879,14.194,17.0,07/01/2021,06/30/2024,1.102719999999998
ADVENTIST HEALTH TULARE,050784,CA,READM-30-HF-HRRP,58.0,,1.0478,19.9981,19.0859,15.0,07/01/2021,06/30/2024,3.9301779999999997
BANNER NORTH COLORADO MEDICAL CENTER,060001,CO,READM-30-PN-HRRP,179.0,,1.0062,14.8582,14.7672,27.0,07/01/2021,06/30/2024,0.566711999999999
LONGMONT UNITED HOSPITAL,060003,CO,READM-30-PN-HRRP,90.0,,1.0443,14.6272,14.0064,16.0,07/01/2021,06/30/2024,3.39424
DENVER HEALTH & HOSPITAL AUTHORITY,060011,CO,READM-30-HF-HRRP,57.0,,1.0194,20.3421,19.9556,13.0,07/01/2021,06/30/2024,1.6253079999999986
HCA HEALTHONE PRESBYTERIAN ST LUKES,060014,CO,READM-30-PN-HRRP,70.0,,1.009,17.6985,17.5414,13.0,07/01/2021,06/30/2024,0.7210200000000011
HCA HEALTHONE PRESBYTERIAN ST LUKES,060014,CO,READM-30-HF-HRRP,49.0,,1.0289,20.2452,19.6773,12.0,07/01/2021,06/30/2024,2.358123000000001
CENTURA HEALTH-ST ANTHONY HOSPITAL,060015,CO,READM-30-PN-HRRP,239.0,,1.032,15.4392,14.9602,39.0,07/01/2021,06/30/2024,3.245121999999995
CENTURA HEALTH-ST ANTHONY HOSPITAL,060015,CO,READM-30-COPD-HRRP,71.0,,1.0168,17.9916,17.6951,14.0,07/01/2021,06/30/2024,1.4364790000000003
"PARKVIEW MEDICAL CENTER, INC",060020,CO,READM-30-AMI-HRRP,192.0,,1.018,12.0356,11.8226,24.0,07/01/2021,06/30/2024,1.3006080000000004
BOULDER COMMUNITY HEALTH,060027,CO,READM-30-AMI-HRRP,105.0,,1.0312,10.9601,10.6283,13.0,07/01/2021,06/30/2024,1.8402850000000015
CENTURA HEALTH-PENROSE ST FRANCIS HEALTH SERVICES,060031,CO,READM-30-HIP-KNEE-HRRP,250.0,,1.3313,6.6818,5.0189,20.0,07/01/2021,06/30/2024,7.452749999999998
CENTURA HEALTH-PENROSE ST FRANCIS HEALTH SERVICES,060031,CO,READM-30-COPD-HRRP,133.0,,1.0192,16.2737,15.9677,23.0,07/01/2021,06/30/2024,1.7629589999999986
HCA HEALTHONE ROSE,060032,CO,READM-30-PN-HRRP,194.0,,1.09,16.1121,14.7815,37.0,07/01/2021,06/30/2024,8.323889999999999
HCA HEALTHONE ROSE,060032,CO,READM-30-HF-HRRP,140.0,,1.0122,19.3735,19.1395,28.0,07/01/2021,06/30/2024,1.204699999999999
HCA-HEALTHONE DBA SWEDISH MEDICAL CENTER,060034,CO,READM-30-PN-HRRP,307.0,,1.0227,15.1537,14.8176,48.0,07/01/2021,06/30/2024,2.5099680000000006
HCA HEALTHONE MOUNTAIN RIDGE,060065,CO,READM-30-PN-HRRP,77.0,,1.0299,16.8647,16.3751,15.0,07/01/2021,06/30/2024,2.391173
HCA HEALTHONE MOUNTAIN RIDGE,060065,CO,READM-30-HF-HRRP,81.0,,1.0753,20.6382,19.1927,22.0,07/01/2021,06/30/2024,6.453913000000002
THE MEDICAL CENTER OF AURORA & SOUTH HOSPITAL,060100,CO,READM-30-PN-HRRP,281.0,,1.0593,16.0732,15.1737,49.0,07/01/2021,06/30/2024,6.361902999999998
THE MEDICAL CENTER OF AURORA & SOUTH HOSPITAL,060100,CO,READM-30-COPD-HRRP,52.0,,1.0264,17.437,16.9892,11.0,07/01/2021,06/30/2024,2.165616
CENTURA HEALTH-ST ANTHONY NORTH HEALTH CAMPUS,060104,CO,READM-30-COPD-HRRP,69.0,,1.015,17.2639,17.0089,13.0,07/01/2021,06/30/2024,1.2638589999999983
SKY RIDGE MEDICAL CENTER,060112,CO,READM-30-HIP-KNEE-HRRP,143.0,,1.3284,7.4725,5.625,14.0,07/01/2021,06/30/2024,5.956249999999999
SKY RIDGE MEDICAL CENTER,060112,CO,READM-30-HF-HRRP,201.0,,1.0618,21.1871,19.9536,47.0,07/01/2021,06/30/2024,6.893263999999995
AdventHealth Littleton,060113,CO,READM-30-PN-HRRP,301.0,,1.0647,15.8823,14.9172,52.0,07/01/2021,06/30/2024,7.099228000000004
AdventHealth Littleton,060113,CO,READM-30-COPD-HRRP,61.0,,1.018,17.5223,17.2131,12.0,07/01/2021,06/30/2024,1.5000090000000004
AdventHealth Littleton,060113,CO,READM-30-AMI-HRRP,82.0,,1.0176,12.3605,12.1467,11.0,07/01/2021,06/30/2024,1.0397060000000007
GOOD SAMARITAN MEDICAL CENTER LLC,060116,CO,READM-30-PN-HRRP,108.0,,1.0139,13.9794,13.7873,16.0,07/01/2021,06/30/2024,1.1097160000000006
MEDICAL CENTER OF THE ROCKIES,060119,CO,READM-30-PN-HRRP,275.0,,1.0067,15.8374,15.7318,44.0,07/01/2021,06/30/2024,0.7375500000000059
ADVENTHEALTH CASTLE ROCK,060125,CO,READM-30-PN-HRRP,133.0,,1.0183,14.1504,13.8967,20.0,07/01/2021,06/30/2024,1.5173890000000014
ADVENTHEALTH CASTLE ROCK,060125,CO,READM-30-HF-HRRP,114.0,,1.0002,19.2881,19.285,22.0,07/01/2021,06/30/2024,0.015100000000000335
ST FRANCIS HOSPITAL & MEDICAL CENTER,070002,CT,READM-30-PN-HRRP,380.0,,1.043,17.1439,16.4364,68.0,07/01/2021,06/30/2024,5.541680000000007
ST FRANCIS HOSPITAL & MEDICAL CENTER,070002,CT,READM-30-CABG-HRRP,97.0,,1.0636,13.7439,12.9221,15.0,07/01/2021,06/30/2024,2.4655629999999995
ST FRANCIS HOSPITAL & MEDICAL CENTER,070002,CT,READM-30-AMI-HRRP,244.0,,1.0204,13.5144,13.2439,34.0,07/01/2021,06/30/2024,1.6848839999999967
DAY KIMBALL HOSPITAL,070003,CT,READM-30-PN-HRRP,134.0,,1.0793,15.6383,14.4887,26.0,07/01/2021,06/30/2024,6.585142000000001
DAY KIMBALL HOSPITAL,070003,CT,READM-30-HF-HRRP,154.0,,1.1082,19.8982,17.9561,38.0,07/01/2021,06/30/2024,10.347605999999999
DAY KIMBALL HOSPITAL,070003,CT,READM-30-COPD-HRRP,99.0,,1.0322,15.9044,15.4089,18.0,07/01/2021,06/30/2024,2.745189
SHARON HOSPITAL,070004,CT,READM-30-HF-HRRP,121.0,,1.011,18.3603,18.1597,23.0,07/01/2021,06/30/2024,1.026762999999999
WATERBURY HOSPITAL,070005,CT,READM-30-PN-HRRP,342.0,,1.0569,18.4759,17.482,67.0,07/01/2021,06/30/2024,7.211559999999999
WATERBURY HOSPITAL,070005,CT,READM-30-HF-HRRP,416.0,,1.0109,21.2006,20.9713,89.0,07/01/2021,06/30/2024,1.7593920000000054
STAMFORD HOSPITAL,070006,CT,READM-30-COPD-HRRP,79.0,,1.0713,19.9809,18.6516,21.0,07/01/2021,06/30/2024,6.265236000000002
JOHNSON MEMORIAL HOSPITAL,070008,CT,READM-30-HF-HRRP,75.0,,1.0106,18.9891,18.7897,15.0,07/01/2021,06/30/2024,0.9077249999999992
BRIDGEPORT HOSPITAL,070010,CT,READM-30-PN-HRRP,887.0,,1.1544,18.5128,16.0366,174.0,07/01/2021,06/30/2024,31.755358
BRIDGEPORT HOSPITAL,070010,CT,READM-30-COPD-HRRP,134.0,,1.0554,19.3284,18.3145,30.0,07/01/2021,06/30/2024,5.458569999999998
CHARLOTTE HUNGERFORD HOSPITAL,070011,CT,READM-30-PN-HRRP,349.0,,1.1327,18.4796,16.315,73.0,07/01/2021,06/30/2024,16.060649999999995
CHARLOTTE HUNGERFORD HOSPITAL,070011,CT,READM-30-HF-HRRP,273.0,,1.0132,19.0689,18.8207,53.0,07/01/2021,06/30/2024,1.6194890000000015
CHARLOTTE HUNGERFORD HOSPITAL,070011,CT,READM-30-COPD-HRRP,132.0,,1.0273,18.9426,18.4391,27.0,07/01/2021,06/30/2024,2.660388000000001
SAINT MARY'S HOSPITAL,070016,CT,READM-30-HF-HRRP,295.0,,1.0029,19.2513,19.1955,57.0,07/01/2021,06/30/2024,0.3732750000000067
MIDSTATE MEDICAL CENTER,070017,CT,READM-30-HIP-KNEE-HRRP,111.0,,1.2865,7.2674,5.649,11.0,07/01/2021,06/30/2024,4.72961
MIDSTATE MEDICAL CENTER,070017,CT,READM-30-COPD-HRRP,148.0,,1.0654,20.3956,19.1444,35.0,07/01/2021,06/30/2024,6.666287999999998
GREENWICH HOSPITAL ASSOCIATION -,070018,CT,READM-30-PN-HRRP,623.0,,1.0492,16.337,15.5713,105.0,07/01/2021,06/30/2024,7.9908009999999905
GREENWICH HOSPITAL ASSOCIATION -,070018,CT,READM-30-HF-HRRP,454.0,,1.0218,19.6991,19.2781,91.0,07/01/2021,06/30/2024,3.4774260000000083
GREENWICH HOSPITAL ASSOCIATION -,070018,CT,READM-30-COPD-HRRP,75.0,,1.0067,16.6904,16.5801,13.0,07/01/2021,06/30/2024,0.5649250000000006
GREENWICH HOSPITAL ASSOCIATION -,070018,CT,READM-30-AMI-HRRP,59.0,,1.1665,18.1991,15.6019,19.0,07/01/2021,06/30/2024,9.794878999999998
MIDDLESEX HOSPITAL,070020,CT,READM-30-PN-HRRP,616.0,,1.1678,16.6685,14.273,113.0,07/01/2021,06/30/2024,25.078320000000005
WINDHAM COMMUNITY MEMORIAL HOSPITAL,070021,CT,READM-30-PN-HRRP,126.0,,1.0083,15.4375,15.3108,20.0,07/01/2021,06/30/2024,0.7083919999999999
WINDHAM COMMUNITY MEMORIAL HOSPITAL,070021,CT,READM-30-COPD-HRRP,56.0,,1.0237,16.6586,16.2725,11.0,07/01/2021,06/30/2024,1.8873999999999995
YALE-NEW HAVEN HOSPITAL,070022,CT,READM-30-CABG-HRRP,155.0,,1.0161,11.3433,11.1634,18.0,07/01/2021,06/30/2024,0.6967299999999987
WILLIAM W BACKUS HOSPITAL,070024,CT,READM-30-COPD-HRRP,237.0,,1.0696,20.2241,18.9086,53.0,07/01/2021,06/30/2024,8.186617999999996
HARTFORD HOSPITAL,070025,CT,READM-30-PN-HRRP,665.0,,1.0529,16.4711,15.6436,113.0,07/01/2021,06/30/2024,8.970060000000004
HARTFORD HOSPITAL,070025,CT,READM-30-HIP-KNEE-HRRP,314.0,,1.0611,5.517,5.1994,18.0,07/01/2021,06/30/2024,1.673884000000001
HARTFORD HOSPITAL,070025,CT,READM-30-HF-HRRP,1305.0,,1.1395,22.7813,19.9916,307.0,07/01/2021,06/30/2024,46.10962000000001
HARTFORD HOSPITAL,070025,CT,READM-30-AMI-HRRP,688.0,,1.0347,14.2814,13.8029,100.0,07/01/2021,06/30/2024,5.036048000000008
MANCHESTER MEMORIAL HOSPITAL,070027,CT,READM-30-HF-HRRP,179.0,,1.0255,19.1014,18.6262,36.0,07/01/2021,06/30/2024,2.659101999999997
ST VINCENT'S MEDICAL CENTER,070028,CT,READM-30-PN-HRRP,347.0,,1.0567,15.9498,15.0937,59.0,07/01/2021,06/30/2024,6.624861000000003
ST VINCENT'S MEDICAL CENTER,070028,CT,READM-30-AMI-HRRP,167.0,,1.0064,13.5761,13.4895,23.0,07/01/2021,06/30/2024,0.4725350000000006
BRISTOL HOSPITAL,070029,CT,READM-30-PN-HRRP,196.0,,1.0439,16.3891,15.7006,35.0,07/01/2021,06/30/2024,4.226823999999997
BRISTOL HOSPITAL,070029,CT,READM-30-HF-HRRP,155.0,,1.0135,18.7371,18.4876,30.0,07/01/2021,06/30/2024,1.3442199999999964
BRISTOL HOSPITAL,070029,CT,READM-30-COPD-HRRP,87.0,,1.1207,19.0677,17.0148,25.0,07/01/2021,06/30/2024,10.197123999999999
DANBURY HOSPITAL,070033,CT,READM-30-PN-HRRP,963.0,,1.0652,16.5898,15.5739,164.0,07/01/2021,06/30/2024,14.023343000000011
NORWALK HOSPITAL,070034,CT,READM-30-HF-HRRP,441.0,,1.1177,22.1688,19.8347,106.0,07/01/2021,06/30/2024,18.528972999999993
NORWALK HOSPITAL,070034,CT,READM-30-COPD-HRRP,82.0,,1.0274,18.293,17.8058,17.0,07/01/2021,06/30/2024,2.3992439999999977
THE HOSPITAL OF CENTRAL CONNECTICUT,070035,CT,READM-30-PN-HRRP,424.0,,1.0161,16.2567,15.999,70.0,07/01/2021,06/30/2024,2.1642400000000066
THE HOSPITAL OF CENTRAL CONNECTICUT,070035,CT,READM-30-COPD-HRRP,129.0,,1.0081,18.9164,18.7643,25.0,07/01/2021,06/30/2024,0.7940530000000017
JOHN DEMPSEY HOSPITAL OF THE UNIVERSITY OF CONNECT,070036,CT,READM-30-HF-HRRP,342.0,,1.0073,17.9784,17.8489,62.0,07/01/2021,06/30/2024,0.9567619999999977
JOHN DEMPSEY HOSPITAL OF THE UNIVERSITY OF CONNECT,070036,CT,READM-30-COPD-HRRP,98.0,,1.0308,18.1392,17.5968,20.0,07/01/2021,06/30/2024,2.7551360000000003
CHRISTIANA HOSPITAL,080001,DE,READM-30-AMI-HRRP,589.0,,1.0003,12.5613,12.5578,74.0,07/01/2021,06/30/2024,0.034558000000004085
"BAYHEALTH MEDICAL CENTER, KENT CAMPUS",080004,DE,READM-30-PN-HRRP,858.0,,1.0488,16.7575,15.9773,147.0,07/01/2021,06/30/2024,9.914766000000014
"BAYHEALTH MEDICAL CENTER, KENT CAMPUS",080004,DE,READM-30-COPD-HRRP,263.0,,1.0013,17.8345,17.8113,47.0,07/01/2021,06/30/2024,0.1562809999999999
"BAYHEALTH MEDICAL CENTER, KENT CAMPUS",080004,DE,READM-30-AMI-HRRP,280.0,,1.1318,13.8239,12.214,45.0,07/01/2021,06/30/2024,10.800800000000002
BEEBE MEDICAL CENTER,080007,DE,READM-30-CABG-HRRP,110.0,,1.051,9.7654,9.2917,12.0,07/01/2021,06/30/2024,1.7791300000000003
HOWARD UNIVERSITY HOSPITAL CORP,090003,DC,READM-30-PN-HRRP,116.0,,1.0599,18.1113,17.0883,25.0,07/01/2021,06/30/2024,5.177571999999998
HOWARD UNIVERSITY HOSPITAL CORP,090003,DC,READM-30-HF-HRRP,152.0,,1.1552,26.185,22.6662,51.0,07/01/2021,06/30/2024,16.547376
HOWARD UNIVERSITY HOSPITAL CORP,090003,DC,READM-30-COPD-HRRP,64.0,,1.0592,22.6226,21.3582,19.0,07/01/2021,06/30/2024,5.330752
MEDSTAR WASHINGTON HOSPITAL CENTER,090011,DC,READM-30-COPD-HRRP,156.0,,1.0253,21.8258,21.2873,36.0,07/01/2021,06/30/2024,2.791812
MEDSTAR WASHINGTON HOSPITAL CENTER,090011,DC,READM-30-AMI-HRRP,711.0,,1.0208,15.1803,14.8712,109.0,07/01/2021,06/30/2024,3.2657679999999942
SHANDS JACKSONVILLE,100001,FL,READM-30-COPD-HRRP,128.0,,1.0326,21.4943,20.8156,30.0,07/01/2021,06/30/2024,3.356031999999999
SHANDS JACKSONVILLE,100001,FL,READM-30-AMI-HRRP,137.0,,1.0292,14.974,14.5486,22.0,07/01/2021,06/30/2024,2.068418000000001
BETHESDA HOSPITAL EAST,100002,FL,READM-30-HF-HRRP,620.0,,1.0275,20.8083,20.2511,131.0,07/01/2021,06/30/2024,5.443179999999998
BETHESDA HOSPITAL EAST,100002,FL,READM-30-COPD-HRRP,234.0,,1.0143,18.3559,18.0964,44.0,07/01/2021,06/30/2024,1.654424000000006
BETHESDA HOSPITAL EAST,100002,FL,READM-30-AMI-HRRP,279.0,,1.0758,14.4289,13.4123,44.0,07/01/2021,06/30/2024,6.579683000000003
ORLANDO HEALTH,100006,FL,READM-30-HF-HRRP,1336.0,,1.1027,21.9887,19.9407,301.0,07/01/2021,06/30/2024,34.592247999999984
ORLANDO HEALTH,100006,FL,READM-30-COPD-HRRP,324.0,,1.1154,21.2076,19.0133,77.0,07/01/2021,06/30/2024,15.396908000000003
ADVENTHEALTH ORLANDO,100007,FL,READM-30-PN-HRRP,3588.0,,1.1409,19.3107,16.9259,702.0,07/01/2021,06/30/2024,94.69870800000001
ADVENTHEALTH ORLANDO,100007,FL,READM-30-HIP-KNEE-HRRP,365.0,,1.081,5.7822,5.3489,22.0,07/01/2021,06/30/2024,2.476514999999999
ADVENTHEALTH ORLANDO,100007,FL,READM-30-HF-HRRP,3487.0,,1.1447,23.9972,20.9632,847.0,07/01/2021,06/30/2024,116.01321599999994
ADVENTHEALTH ORLANDO,100007,FL,READM-30-COPD-HRRP,746.0,,1.1015,20.074,18.2244,157.0,07/01/2021,06/30/2024,21.045975999999996
ADVENTHEALTH ORLANDO,100007,FL,READM-30-CABG-HRRP,402.0,,1.2228,14.3318,11.7206,63.0,07/01/2021,06/30/2024,15.883188000000004
ADVENTHEALTH ORLANDO,100007,FL,READM-30-AMI-HRRP,892.0,,1.1646,16.7036,14.3428,157.0,07/01/2021,06/30/2024,29.062224
BAPTIST HOSPITAL OF MIAMI,100008,FL,READM-30-PN-HRRP,734.0,,1.0856,18.3078,16.8648,140.0,07/01/2021,06/30/2024,16.212368000000012
BAPTIST HOSPITAL OF MIAMI,100008,FL,READM-30-HF-HRRP,613.0,,1.0263,22.1948,21.6255,138.0,07/01/2021,06/30/2024,5.4356850000000065
BAPTIST HOSPITAL OF MIAMI,100008,FL,READM-30-AMI-HRRP,162.0,,1.0103,15.7157,15.555,26.0,07/01/2021,06/30/2024,0.8009000000000022
ADVENTHEALTH NEW SMYRNA BEACH,100014,FL,READM-30-COPD-HRRP,102.0,,1.0172,17.4107,17.1156,19.0,07/01/2021,06/30/2024,1.5420879999999997
ADVENTHEALTH NEW SMYRNA BEACH,100014,FL,READM-30-AMI-HRRP,106.0,,1.0196,16.0132,15.7049,18.0,07/01/2021,06/30/2024,1.352806000000001
HALIFAX HEALTH MEDICAL CENTER,100017,FL,READM-30-PN-HRRP,446.0,,1.058,16.6381,15.7254,78.0,07/01/2021,06/30/2024,7.864716000000001
HALIFAX HEALTH MEDICAL CENTER,100017,FL,READM-30-HF-HRRP,260.0,,1.095,22.399,20.4548,65.0,07/01/2021,06/30/2024,11.817520000000002
HALIFAX HEALTH MEDICAL CENTER,100017,FL,READM-30-COPD-HRRP,147.0,,1.0017,18.2827,18.2521,27.0,07/01/2021,06/30/2024,0.16941300000000226
HALIFAX HEALTH MEDICAL CENTER,100017,FL,READM-30-CABG-HRRP,83.0,,1.1333,12.8916,11.3749,14.0,07/01/2021,06/30/2024,4.558833
HALIFAX HEALTH MEDICAL CENTER,100017,FL,READM-30-AMI-HRRP,176.0,,1.0058,13.471,13.3938,24.0,07/01/2021,06/30/2024,0.4269120000000015
NAPLES COMMUNITY HOSPITAL,100018,FL,READM-30-HIP-KNEE-HRRP,955.0,,1.129,5.8221,5.1571,57.0,07/01/2021,06/30/2024,7.749695000000003
NAPLES COMMUNITY HOSPITAL,100018,FL,READM-30-COPD-HRRP,337.0,,1.0862,17.8134,16.3995,66.0,07/01/2021,06/30/2024,10.733685000000001
JACKSON HEALTH SYSTEM,100022,FL,READM-30-HF-HRRP,439.0,,1.075,23.5787,21.9341,109.0,07/01/2021,06/30/2024,12.709300999999996
HCA FLORIDA CITRUS HOSPITAL,100023,FL,READM-30-HF-HRRP,624.0,,1.0244,20.7105,20.2174,131.0,07/01/2021,06/30/2024,4.843423999999985
HCA FLORIDA CITRUS HOSPITAL,100023,FL,READM-30-COPD-HRRP,92.0,,1.0419,17.4243,16.7242,19.0,07/01/2021,06/30/2024,3.6137359999999994
HCA FLORIDA CITRUS HOSPITAL,100023,FL,READM-30-AMI-HRRP,272.0,,1.0128,14.8338,14.6464,41.0,07/01/2021,06/30/2024,1.1617919999999984
SACRED HEART HOSPITAL,100025,FL,READM-30-PN-HRRP,583.0,29,1.0126,17.179,16.9659,101.0,07/01/2021,06/30/2024,2.0888029999999986
SACRED HEART HOSPITAL,100025,FL,READM-30-HF-HRRP,482.0,29,1.0646,22.6846,21.3074,114.0,07/01/2021,06/30/2024,11.298331999999988
SACRED HEART HOSPITAL,100025,FL,READM-30-COPD-HRRP,125.0,29,1.0053,18.0882,17.9935,23.0,07/01/2021,06/30/2024,0.5081249999999997
SACRED HEART HOSPITAL,100025,FL,READM-30-AMI-HRRP,230.0,29,1.0685,14.1816,13.2723,36.0,07/01/2021,06/30/2024,5.473709999999997
ASCENSION SACRED HEART BAY,100026,FL,READM-30-COPD-HRRP,68.0,29,1.004,18.682,18.6077,13.0,07/01/2021,06/30/2024,0.3467639999999985
ASCENSION SACRED HEART BAY,100026,FL,READM-30-AMI-HRRP,171.0,29,1.0093,12.0107,11.8996,21.0,07/01/2021,06/30/2024,0.651684000000003
PARRISH MEDICAL CENTER,100028,FL,READM-30-HF-HRRP,206.0,,1.1099,21.0554,18.9707,51.0,07/01/2021,06/30/2024,11.920358
NORTH SHORE MEDICAL CENTER,100029,FL,READM-30-HF-HRRP,137.0,,1.0994,25.3015,23.0134,42.0,07/01/2021,06/30/2024,10.471642
NORTH SHORE MEDICAL CENTER,100029,FL,READM-30-AMI-HRRP,48.0,,1.071,19.1806,17.9087,13.0,07/01/2021,06/30/2024,4.403824
ORLANDO HEALTH-HEALTH CENTRAL HOSPITAL,100030,FL,READM-30-HF-HRRP,382.0,,1.0372,20.5056,19.7702,81.0,07/01/2021,06/30/2024,5.477836000000011
ORLANDO HEALTH-HEALTH CENTRAL HOSPITAL,100030,FL,READM-30-COPD-HRRP,109.0,,1.0177,18.9785,18.649,22.0,07/01/2021,06/30/2024,1.6725899999999996
ORLANDO HEALTH-HEALTH CENTRAL HOSPITAL,100030,FL,READM-30-AMI-HRRP,98.0,,1.0883,14.9312,13.7192,19.0,07/01/2021,06/30/2024,5.555183999999999
ORLANDO HEALTH BAYFRONT HOSPITAL,100032,FL,READM-30-PN-HRRP,184.0,,1.0368,16.0705,15.5,32.0,07/01/2021,06/30/2024,3.4800000000000004
ORLANDO HEALTH BAYFRONT HOSPITAL,100032,FL,READM-30-COPD-HRRP,55.0,,1.0753,20.7746,19.3192,17.0,07/01/2021,06/30/2024,6.374440000000002
"MOUNT SINAI MEDICAL CENTER OF FLORIDA, INC",100034,FL,READM-30-HF-HRRP,418.0,29,1.0204,20.6986,20.284,88.0,07/01/2021,06/30/2024,3.2128799999999984
"MOUNT SINAI MEDICAL CENTER OF FLORIDA, INC",100034,FL,READM-30-AMI-HRRP,232.0,29,1.0018,15.045,15.0174,35.0,07/01/2021,06/30/2024,0.159632000000002
MANATEE MEMORIAL HOSPITAL,100035,FL,READM-30-PN-HRRP,370.0,,1.0029,15.893,15.8464,59.0,07/01/2021,06/30/2024,0.3683200000000042
MANATEE MEMORIAL HOSPITAL,100035,FL,READM-30-CABG-HRRP,74.0,,1.2019,12.4255,10.3382,14.0,07/01/2021,06/30/2024,6.3497319999999995
MEMORIAL REGIONAL HOSPITAL,100038,FL,READM-30-PN-HRRP,349.0,,1.0213,15.9292,15.5966,57.0,07/01/2021,06/30/2024,2.567866000000002
MEMORIAL REGIONAL HOSPITAL,100038,FL,READM-30-HF-HRRP,441.0,,1.044,21.2784,20.3825,97.0,07/01/2021,06/30/2024,7.113174999999998
MEMORIAL REGIONAL HOSPITAL,100038,FL,READM-30-COPD-HRRP,107.0,,1.0576,20.3401,19.2326,26.0,07/01/2021,06/30/2024,5.421117999999996
MEMORIAL REGIONAL HOSPITAL,100038,FL,READM-30-CABG-HRRP,81.0,,1.1066,12.7256,11.4997,13.0,07/01/2021,06/30/2024,3.685243
MEMORIAL REGIONAL HOSPITAL,100038,FL,READM-30-AMI-HRRP,149.0,,1.0852,15.2943,14.0935,27.0,07/01/2021,06/30/2024,6.000685000000001
BROWARD HEALTH MEDICAL CENTER,100039,FL,READM-30-PN-HRRP,206.0,,1.0421,17.0811,16.3903,38.0,07/01/2021,06/30/2024,4.235982
BROWARD HEALTH MEDICAL CENTER,100039,FL,READM-30-HF-HRRP,220.0,,1.0653,21.4952,20.1769,52.0,07/01/2021,06/30/2024,7.610819999999997
ASCENSION ST VINCENT'S RIVERSIDE,100040,FL,READM-30-COPD-HRRP,110.0,29,1.1414,20.8761,18.2893,33.0,07/01/2021,06/30/2024,12.88177
ASCENSION ST VINCENT'S RIVERSIDE,100040,FL,READM-30-CABG-HRRP,200.0,29,1.0715,11.1019,10.3615,24.0,07/01/2021,06/30/2024,3.277000000000001
ASCENSION ST VINCENT'S RIVERSIDE,100040,FL,READM-30-AMI-HRRP,259.0,29,1.0608,16.1767,15.2492,45.0,07/01/2021,06/30/2024,5.504572000000003
MEASE DUNEDIN HOSPITAL,100043,FL,READM-30-PN-HRRP,187.0,,1.0271,15.6252,15.2131,31.0,07/01/2021,06/30/2024,2.5515029999999967
MEASE DUNEDIN HOSPITAL,100043,FL,READM-30-COPD-HRRP,63.0,,1.0654,18.0449,16.9379,16.0,07/01/2021,06/30/2024,5.329122999999999
CLEVELAND CLINIC MARTIN NORTH HOSPITAL,100044,FL,READM-30-PN-HRRP,1730.0,,1.0858,16.6746,15.3566,294.0,07/01/2021,06/30/2024,28.33081999999996
CLEVELAND CLINIC MARTIN NORTH HOSPITAL,100044,FL,READM-30-HF-HRRP,1422.0,,1.0875,20.6676,19.0048,300.0,07/01/2021,06/30/2024,29.75174400000003
CLEVELAND CLINIC MARTIN NORTH HOSPITAL,100044,FL,READM-30-COPD-HRRP,436.0,,1.1251,18.4428,16.3922,89.0,07/01/2021,06/30/2024,17.53000800000001
CLEVELAND CLINIC MARTIN NORTH HOSPITAL,100044,FL,READM-30-CABG-HRRP,171.0,,1.0368,9.9865,9.6325,18.0,07/01/2021,06/30/2024,1.5284249999999986
ADVENTHEALTH DELAND,100045,FL,READM-30-PN-HRRP,346.0,,1.0279,17.0881,16.6241,61.0,07/01/2021,06/30/2024,3.48061400000001
ADVENTHEALTH DELAND,100045,FL,READM-30-HF-HRRP,292.0,,1.0088,20.3292,20.1526,60.0,07/01/2021,06/30/2024,1.1544080000000037
ADVENTHEALTH DELAND,100045,FL,READM-30-COPD-HRRP,122.0,,1.0365,19.1262,18.4526,26.0,07/01/2021,06/30/2024,3.4878280000000004
ADVENTHEALTH DELAND,100045,FL,READM-30-AMI-HRRP,77.0,,1.0131,13.4284,13.2553,11.0,07/01/2021,06/30/2024,0.7934190000000001
Adventhealth Zephyrhills,100046,FL,READM-30-HF-HRRP,378.0,,1.0161,21.645,21.3025,83.0,07/01/2021,06/30/2024,2.476550000000003
Adventhealth Zephyrhills,100046,FL,READM-30-AMI-HRRP,147.0,,1.0031,15.5366,15.4885,23.0,07/01/2021,06/30/2024,0.23190500000000114
SHOREPOINT HEALTH PUNTA GORDA,100047,FL,READM-30-PN-HRRP,279.0,,1.1199,18.0422,16.11,58.0,07/01/2021,06/30/2024,13.0531
HCA FLORIDA HIGHLANDS HOSPITAL,100049,FL,READM-30-PN-HRRP,259.0,,1.0738,18.5616,17.2856,53.0,07/01/2021,06/30/2024,8.230296000000003
HCA FLORIDA HIGHLANDS HOSPITAL,100049,FL,READM-30-HF-HRRP,133.0,,1.0216,19.8876,19.4667,28.0,07/01/2021,06/30/2024,2.1092890000000004
HCA FLORIDA HIGHLANDS HOSPITAL,100049,FL,READM-30-COPD-HRRP,67.0,,1.0363,17.0202,16.4234,14.0,07/01/2021,06/30/2024,2.9963219999999993
ORLANDO HEALTH SOUTH LAKE HOSPITAL,100051,FL,READM-30-PN-HRRP,439.0,,1.0933,16.1792,14.7979,77.0,07/01/2021,06/30/2024,12.037218999999993
ORLANDO HEALTH SOUTH LAKE HOSPITAL,100051,FL,READM-30-HIP-KNEE-HRRP,176.0,,1.3525,6.556,4.8475,15.0,07/01/2021,06/30/2024,6.468399999999999
WINTER HAVEN HOSPITAL,100052,FL,READM-30-PN-HRRP,512.0,,1.0945,17.5535,16.0372,96.0,07/01/2021,06/30/2024,13.889536000000007
WINTER HAVEN HOSPITAL,100052,FL,READM-30-HF-HRRP,410.0,,1.081,21.2896,19.6939,93.0,07/01/2021,06/30/2024,12.255009999999999
WINTER HAVEN HOSPITAL,100052,FL,READM-30-COPD-HRRP,208.0,,1.0262,18.307,17.8391,40.0,07/01/2021,06/30/2024,2.894672
WINTER HAVEN HOSPITAL,100052,FL,READM-30-AMI-HRRP,195.0,,1.1016,16.377,14.8668,37.0,07/01/2021,06/30/2024,8.00974
HIALEAH HOSPITAL,100053,FL,READM-30-PN-HRRP,158.0,,1.0216,19.2946,18.8858,32.0,07/01/2021,06/30/2024,2.1604360000000007
HIALEAH HOSPITAL,100053,FL,READM-30-HF-HRRP,71.0,,1.1485,28.1643,24.5219,31.0,07/01/2021,06/30/2024,13.589451
HCA FLORIDA TWIN CITIES HOSPITAL,100054,FL,READM-30-PN-HRRP,192.0,,1.1937,19.695,16.4992,50.0,07/01/2021,06/30/2024,18.321536000000005
HCA FLORIDA TWIN CITIES HOSPITAL,100054,FL,READM-30-HF-HRRP,109.0,,1.0409,20.266,19.4692,25.0,07/01/2021,06/30/2024,3.7785720000000005
HCA FLORIDA TWIN CITIES HOSPITAL,100054,FL,READM-30-COPD-HRRP,60.0,,1.0034,17.9169,17.857,11.0,07/01/2021,06/30/2024,0.28580000000000005
ADVENTHEALTH NORTH PINELLAS,100055,FL,READM-30-PN-HRRP,232.0,,1.0537,17.4299,16.5417,44.0,07/01/2021,06/30/2024,5.623256000000005
ADVENTHEALTH NORTH PINELLAS,100055,FL,READM-30-HF-HRRP,209.0,,1.132,23.3215,20.6015,58.0,07/01/2021,06/30/2024,14.942864999999998
ADVENTHEALTH NORTH PINELLAS,100055,FL,READM-30-AMI-HRRP,88.0,,1.0402,14.7478,14.1783,15.0,07/01/2021,06/30/2024,2.5230960000000007
ADVENTHEALTH WATERMAN,100057,FL,READM-30-HF-HRRP,905.0,,1.0327,21.6144,20.9292,198.0,07/01/2021,06/30/2024,8.590739999999983
ADVENTHEALTH WATERMAN,100057,FL,READM-30-CABG-HRRP,104.0,,1.2227,14.078,11.5141,20.0,07/01/2021,06/30/2024,8.025336000000001
ADVENTHEALTH WATERMAN,100057,FL,READM-30-AMI-HRRP,295.0,,1.0294,14.0727,13.6712,43.0,07/01/2021,06/30/2024,2.669960000000003
ADVENTHEALTH OCALA,100062,FL,READM-30-HF-HRRP,633.0,,1.0885,22.0702,20.2764,146.0,07/01/2021,06/30/2024,17.650387999999992
ADVENTHEALTH OCALA,100062,FL,READM-30-CABG-HRRP,98.0,,1.1111,11.4874,10.339,14.0,07/01/2021,06/30/2024,3.8677799999999998
MORTON PLANT NORTH BAY HOSPITAL,100063,FL,READM-30-HF-HRRP,288.0,,1.0551,21.8819,20.7401,67.0,07/01/2021,06/30/2024,7.268511999999994
MORTON PLANT NORTH BAY HOSPITAL,100063,FL,READM-30-COPD-HRRP,118.0,,1.0324,18.3452,17.769,24.0,07/01/2021,06/30/2024,3.032580000000003
MORTON PLANT NORTH BAY HOSPITAL,100063,FL,READM-30-AMI-HRRP,80.0,,1.0718,14.3256,13.3659,15.0,07/01/2021,06/30/2024,4.30728
ST ANTHONYS HOSPITAL,100067,FL,READM-30-COPD-HRRP,220.0,,1.0111,18.2655,18.0654,41.0,07/01/2021,06/30/2024,1.2561199999999957
ST ANTHONYS HOSPITAL,100067,FL,READM-30-AMI-HRRP,123.0,,1.0612,16.1428,15.2121,23.0,07/01/2021,06/30/2024,4.289117000000001
AdventHealth Carrollwood,100069,FL,READM-30-PN-HRRP,149.0,,1.019,15.9378,15.6413,25.0,07/01/2021,06/30/2024,1.694462999999999
AdventHealth Carrollwood,100069,FL,READM-30-COPD-HRRP,54.0,,1.0103,18.9523,18.7586,11.0,07/01/2021,06/30/2024,0.8703559999999992
TAMPA GENERAL HOSPITAL BROOKSVILLE,100071,FL,READM-30-HF-HRRP,211.0,,1.1424,21.4485,18.7744,55.0,07/01/2021,06/30/2024,15.386015999999998
TAMPA GENERAL HOSPITAL BROOKSVILLE,100071,FL,READM-30-AMI-HRRP,103.0,,1.096,14.8497,13.5488,20.0,07/01/2021,06/30/2024,6.044736
ADVENTHEALTH FISH MEMORIAL,100072,FL,READM-30-COPD-HRRP,117.0,,1.0523,20.6254,19.5996,28.0,07/01/2021,06/30/2024,5.068468000000003
ADVENTHEALTH FISH MEMORIAL,100072,FL,READM-30-AMI-HRRP,98.0,,1.1045,17.1221,15.5014,22.0,07/01/2021,06/30/2024,6.808627999999999
HOLY CROSS HOSPITAL,100073,FL,READM-30-PN-HRRP,613.0,,1.0987,18.0377,16.4179,117.0,07/01/2021,06/30/2024,16.35827300000001
HOLY CROSS HOSPITAL,100073,FL,READM-30-COPD-HRRP,194.0,,1.0216,18.2646,17.8778,37.0,07/01/2021,06/30/2024,2.317067999999999
ST JOSEPHS HOSPITAL,100075,FL,READM-30-HF-HRRP,1386.0,,1.1111,22.7393,20.4663,323.0,07/01/2021,06/30/2024,39.33708200000001
ST JOSEPHS HOSPITAL,100075,FL,READM-30-AMI-HRRP,400.0,,1.1042,15.7125,14.2302,68.0,07/01/2021,06/30/2024,11.079199999999993
Adventhealth Port Charlotte,100077,FL,READM-30-PN-HRRP,466.0,,1.112,19.0371,17.1195,96.0,07/01/2021,06/30/2024,16.223130000000012
Adventhealth Port Charlotte,100077,FL,READM-30-HF-HRRP,320.0,,1.1113,22.8505,20.5621,81.0,07/01/2021,06/30/2024,15.201279999999997
Adventhealth Port Charlotte,100077,FL,READM-30-COPD-HRRP,179.0,,1.0408,20.1027,19.315,39.0,07/01/2021,06/30/2024,4.42615
Adventhealth Port Charlotte,100077,FL,READM-30-CABG-HRRP,91.0,,1.1374,11.7204,10.3049,14.0,07/01/2021,06/30/2024,4.622541
Adventhealth Port Charlotte,100077,FL,READM-30-AMI-HRRP,184.0,,1.0675,16.0659,15.0504,33.0,07/01/2021,06/30/2024,5.307264
HCA FLORIDA JFK HOSPITAL,100080,FL,READM-30-PN-HRRP,774.0,,1.0304,16.7913,16.2958,132.0,07/01/2021,06/30/2024,5.870508000000001
HCA FLORIDA JFK HOSPITAL,100080,FL,READM-30-HIP-KNEE-HRRP,189.0,,1.1472,7.5999,6.6245,16.0,07/01/2021,06/30/2024,3.4796949999999995
HCA FLORIDA JFK HOSPITAL,100080,FL,READM-30-HF-HRRP,760.0,,1.0478,20.7356,19.7902,161.0,07/01/2021,06/30/2024,10.594480000000004
HCA FLORIDA JFK HOSPITAL,100080,FL,READM-30-CABG-HRRP,96.0,,1.1898,13.914,11.6948,18.0,07/01/2021,06/30/2024,6.772991999999999
HCA FLORIDA JFK HOSPITAL,100080,FL,READM-30-AMI-HRRP,292.0,,1.0617,15.372,14.4782,48.0,07/01/2021,06/30/2024,5.723655999999998
UF HEALTH LEESBURG HOSPITAL,100084,FL,READM-30-PN-HRRP,552.0,,1.0121,16.7006,16.5007,93.0,07/01/2021,06/30/2024,1.9161360000000087
BROWARD HEALTH NORTH,100086,FL,READM-30-PN-HRRP,278.0,,1.083,17.8195,16.4542,55.0,07/01/2021,06/30/2024,9.257324000000004
BROWARD HEALTH NORTH,100086,FL,READM-30-HF-HRRP,194.0,,1.2408,23.6941,19.096,62.0,07/01/2021,06/30/2024,24.953760000000003
BROWARD HEALTH NORTH,100086,FL,READM-30-COPD-HRRP,71.0,,1.0092,17.3755,17.2169,13.0,07/01/2021,06/30/2024,0.7760010000000008
SARASOTA MEMORIAL HOSPITAL,100087,FL,READM-30-AMI-HRRP,817.0,,1.013,13.2611,13.0906,109.0,07/01/2021,06/30/2024,2.04979800000001
BAPTIST HEALTH MEDICAL CENTER - JACKSONVILLE,100088,FL,READM-30-HIP-KNEE-HRRP,166.0,,1.1825,7.2508,6.1317,14.0,07/01/2021,06/30/2024,3.8213779999999993
BAPTIST HEALTH MEDICAL CENTER - JACKSONVILLE,100088,FL,READM-30-CABG-HRRP,334.0,,1.0319,11.1326,10.7888,38.0,07/01/2021,06/30/2024,1.9654080000000036
BAPTIST HEALTH MEDICAL CENTER - JACKSONVILLE,100088,FL,READM-30-AMI-HRRP,644.0,,1.1462,15.2096,13.2695,105.0,07/01/2021,06/30/2024,19.544420000000002
FLAGLER HOSPITAL,100090,FL,READM-30-PN-HRRP,602.0,,1.0554,16.6735,15.7977,104.0,07/01/2021,06/30/2024,8.897846000000001
FLAGLER HOSPITAL,100090,FL,READM-30-COPD-HRRP,190.0,,1.0807,19.5986,18.1344,43.0,07/01/2021,06/30/2024,8.544640000000001
ORLANDO HEALTH ROCKLEDGE HOSPITAL,100092,FL,READM-30-COPD-HRRP,106.0,,1.0117,18.0541,17.8451,20.0,07/01/2021,06/30/2024,1.084194
ORLANDO HEALTH ROCKLEDGE HOSPITAL,100092,FL,READM-30-AMI-HRRP,126.0,,1.0622,14.1997,13.3681,21.0,07/01/2021,06/30/2024,4.156193999999999
BAPTIST HOSPITAL,100093,FL,READM-30-PN-HRRP,363.0,,1.0218,17.7768,17.3976,66.0,07/01/2021,06/30/2024,2.8467119999999895
BAPTIST HOSPITAL,100093,FL,READM-30-HIP-KNEE-HRRP,264.0,,1.0496,6.2269,5.9325,17.0,07/01/2021,06/30/2024,1.3381999999999987
BAPTIST HOSPITAL,100093,FL,READM-30-CABG-HRRP,148.0,,1.0746,11.5713,10.7677,19.0,07/01/2021,06/30/2024,3.063804000000001
ADVENTHEALTH LAKE WALES,100099,FL,READM-30-PN-HRRP,117.0,29,1.154,17.4174,15.0933,30.0,07/01/2021,06/30/2024,12.340839000000003
CLEVELAND CLINIC INDIAN RIVER HOSPITAL,100105,FL,READM-30-COPD-HRRP,237.0,,1.019,19.2382,18.8797,47.0,07/01/2021,06/30/2024,2.2551109999999994
HCA FLORIDA LEHIGH REGIONAL MEDICAL CENTER,100107,FL,READM-30-PN-HRRP,82.0,,1.0292,15.9665,15.5134,15.0,07/01/2021,06/30/2024,2.279012
HCA FLORIDA LEHIGH REGIONAL MEDICAL CENTER,100107,FL,READM-30-COPD-HRRP,30.0,,1.1202,21.0113,18.7559,15.0,07/01/2021,06/30/2024,9.37323
ADVENTHEALTH SEBRING,100109,FL,READM-30-HF-HRRP,543.0,,1.0074,21.9986,21.8376,120.0,07/01/2021,06/30/2024,1.421832000000009
ADVENTHEALTH SEBRING,100109,FL,READM-30-COPD-HRRP,203.0,,1.0626,20.8923,19.662,47.0,07/01/2021,06/30/2024,7.08614
HCA FLORIDA OSCEOLA HOSPITAL,100110,FL,READM-30-PN-HRRP,207.0,,1.0458,18.3156,17.513,41.0,07/01/2021,06/30/2024,4.748089999999998
HCA FLORIDA OSCEOLA HOSPITAL,100110,FL,READM-30-HF-HRRP,174.0,,1.105,22.7378,20.578,47.0,07/01/2021,06/30/2024,11.19428
HCA FLORIDA OSCEOLA HOSPITAL,100110,FL,READM-30-AMI-HRRP,132.0,,1.1305,17.8156,15.7587,30.0,07/01/2021,06/30/2024,9.198515999999998
UF HEALTH SHANDS HOSPITAL,100113,FL,READM-30-PN-HRRP,892.0,,1.1252,19.6,17.4192,183.0,07/01/2021,06/30/2024,27.620735999999994
UF HEALTH SHANDS HOSPITAL,100113,FL,READM-30-HF-HRRP,744.0,,1.0163,20.2713,19.9463,152.0,07/01/2021,06/30/2024,3.5995279999999923
BAPTIST MEDICAL CENTER  BEACHES,100117,FL,READM-30-COPD-HRRP,160.0,,1.0132,19.384,19.1319,32.0,07/01/2021,06/30/2024,1.3889599999999973
AdventHealth Palm Coast,100118,FL,READM-30-HF-HRRP,458.0,,1.0044,21.1086,21.0168,97.0,07/01/2021,06/30/2024,0.7430560000000099
AdventHealth Palm Coast,100118,FL,READM-30-COPD-HRRP,99.0,,1.0012,19.1023,19.0798,19.0,07/01/2021,06/30/2024,0.11099800000000215
AdventHealth Palm Coast,100118,FL,READM-30-AMI-HRRP,171.0,,1.1034,16.8358,15.258,34.0,07/01/2021,06/30/2024,7.908820000000002
BARTOW REGIONAL MEDICAL CENTER,100121,FL,READM-30-HF-HRRP,91.0,,1.0405,19.9032,19.1294,21.0,07/01/2021,06/30/2024,3.5922459999999994
NORTH OKALOOSA MEDICAL CENTER,100122,FL,READM-30-HF-HRRP,237.0,,1.0053,21.3547,21.2429,51.0,07/01/2021,06/30/2024,0.6543270000000021
NORTH OKALOOSA MEDICAL CENTER,100122,FL,READM-30-COPD-HRRP,126.0,,1.0187,21.0906,20.7038,28.0,07/01/2021,06/30/2024,1.9132120000000015
NORTH OKALOOSA MEDICAL CENTER,100122,FL,READM-30-AMI-HRRP,73.0,,1.0376,16.5271,15.928,14.0,07/01/2021,06/30/2024,2.37256
SANTA ROSA MEDICAL CENTER,100124,FL,READM-30-PN-HRRP,239.0,,1.0598,16.7745,15.828,44.0,07/01/2021,06/30/2024,6.171079999999996
SANTA ROSA MEDICAL CENTER,100124,FL,READM-30-HF-HRRP,123.0,,1.0275,20.3347,19.7909,27.0,07/01/2021,06/30/2024,2.6571929999999995
HOMESTEAD HOSPITAL,100125,FL,READM-30-HF-HRRP,80.0,,1.0322,23.2512,22.5258,21.0,07/01/2021,06/30/2024,2.97936
HCA FLORIDA PASADENA HOSPITAL A PART OF HCA FLORID,100126,FL,READM-30-HF-HRRP,127.0,,1.0121,19.7918,19.5562,26.0,07/01/2021,06/30/2024,1.1636259999999972
HCA FLORIDA PASADENA HOSPITAL A PART OF HCA FLORID,100126,FL,READM-30-COPD-HRRP,66.0,,1.0232,18.611,18.1894,14.0,07/01/2021,06/30/2024,1.9949960000000004
MORTON PLANT HOSPITAL,100127,FL,READM-30-PN-HRRP,692.0,,1.0068,15.542,15.4374,108.0,07/01/2021,06/30/2024,1.173191999999986
MORTON PLANT HOSPITAL,100127,FL,READM-30-HF-HRRP,875.0,,1.1047,22.0186,19.9321,200.0,07/01/2021,06/30/2024,25.59412500000002
MORTON PLANT HOSPITAL,100127,FL,READM-30-AMI-HRRP,353.0,,1.0605,15.5648,14.6768,58.0,07/01/2021,06/30/2024,6.190895999999995
TAMPA GENERAL HOSPITAL,100128,FL,READM-30-HIP-KNEE-HRRP,280.0,,1.2501,7.2826,5.8256,23.0,07/01/2021,06/30/2024,6.688320000000001
TAMPA GENERAL HOSPITAL,100128,FL,READM-30-HF-HRRP,720.0,,1.0354,22.5532,21.7816,165.0,07/01/2021,06/30/2024,8.172480000000007
TAMPA GENERAL HOSPITAL,100128,FL,READM-30-COPD-HRRP,171.0,,1.0836,20.9954,19.3748,42.0,07/01/2021,06/30/2024,8.869092000000002
TAMPA GENERAL HOSPITAL,100128,FL,READM-30-AMI-HRRP,182.0,,1.0519,16.1049,15.3103,32.0,07/01/2021,06/30/2024,4.135254000000003
HCA FLORIDA AVENTURA HOSPITAL,100131,FL,READM-30-HF-HRRP,303.0,,1.0931,22.5555,20.6352,75.0,07/01/2021,06/30/2024,12.475344
HCA FLORIDA AVENTURA HOSPITAL,100131,FL,READM-30-AMI-HRRP,112.0,,1.1801,17.1889,14.5657,28.0,07/01/2021,06/30/2024,11.686415999999998
TALLAHASSEE MEMORIAL HEALTHCARE,100135,FL,READM-30-COPD-HRRP,132.0,,1.0247,19.093,18.6326,27.0,07/01/2021,06/30/2024,2.404968
ADVENTHEALTH HEART OF FLORIDA,100137,FL,READM-30-PN-HRRP,169.0,29,1.1649,18.6466,16.0068,42.0,07/01/2021,06/30/2024,14.948508
ADVENTHEALTH HEART OF FLORIDA,100137,FL,READM-30-HF-HRRP,140.0,29,1.0457,20.5318,19.6354,32.0,07/01/2021,06/30/2024,4.510439999999999
ADVENTHEALTH HEART OF FLORIDA,100137,FL,READM-30-AMI-HRRP,70.0,29,1.136,14.9506,13.1612,17.0,07/01/2021,06/30/2024,7.787160000000002
BAPTIST MEDICAL CENTER - NASSAU,100140,FL,READM-30-HF-HRRP,194.0,,1.0372,19.7803,19.0712,41.0,07/01/2021,06/30/2024,4.001871999999999
JACKSON HOSPITAL,100142,FL,READM-30-PN-HRRP,162.0,,1.0427,14.375,13.7858,26.0,07/01/2021,06/30/2024,3.6670039999999986
JACKSON HOSPITAL,100142,FL,READM-30-HF-HRRP,125.0,,1.0115,17.7515,17.549,23.0,07/01/2021,06/30/2024,1.0637499999999989
JACKSON HOSPITAL,100142,FL,READM-30-COPD-HRRP,87.0,,1.055,16.3144,15.4632,18.0,07/01/2021,06/30/2024,4.547016000000001
LOWER KEYS MEDICAL CENTER,100150,FL,READM-30-PN-HRRP,182.0,,1.0065,14.0528,13.9618,26.0,07/01/2021,06/30/2024,0.5895240000000008
MAYO CLINIC,100151,FL,READM-30-HF-HRRP,956.0,,1.0207,21.7034,21.2641,209.0,07/01/2021,06/30/2024,5.715204
MAYO CLINIC,100151,FL,READM-30-AMI-HRRP,164.0,,1.1075,13.915,12.5648,28.0,07/01/2021,06/30/2024,7.393727999999999
SOUTH MIAMI HOSPITAL,100154,FL,READM-30-PN-HRRP,357.0,,1.0411,16.6028,15.9467,62.0,07/01/2021,06/30/2024,5.070281000000001
SOUTH MIAMI HOSPITAL,100154,FL,READM-30-HF-HRRP,386.0,,1.0497,20.5837,19.6095,83.0,07/01/2021,06/30/2024,7.307329999999993
HCA FLORIDA LAKE CITY HOSPITAL,100156,FL,READM-30-PN-HRRP,517.0,,1.152,19.01,16.5014,108.0,07/01/2021,06/30/2024,22.687762000000006
HCA FLORIDA LAKE CITY HOSPITAL,100156,FL,READM-30-HF-HRRP,444.0,,1.0636,21.2746,20.0032,99.0,07/01/2021,06/30/2024,10.185792000000006
HCA FLORIDA LAKE CITY HOSPITAL,100156,FL,READM-30-COPD-HRRP,141.0,,1.0481,19.4648,18.5723,31.0,07/01/2021,06/30/2024,4.813057000000004
LAKELAND REGIONAL MEDICAL CENTER,100157,FL,READM-30-PN-HRRP,936.0,,1.1637,17.8207,15.3137,177.0,07/01/2021,06/30/2024,33.663768000000005
LAKELAND REGIONAL MEDICAL CENTER,100157,FL,READM-30-HF-HRRP,1095.0,,1.0865,20.6354,18.9917,232.0,07/01/2021,06/30/2024,24.040885000000003
LAKELAND REGIONAL MEDICAL CENTER,100157,FL,READM-30-COPD-HRRP,447.0,,1.1325,21.5866,19.0609,106.0,07/01/2021,06/30/2024,20.797776999999996
CENTRAL FLORIDA LAKE MONROE HOSPITAL,100161,FL,READM-30-PN-HRRP,208.0,,1.0765,17.773,16.5096,42.0,07/01/2021,06/30/2024,7.660032000000001
CENTRAL FLORIDA LAKE MONROE HOSPITAL,100161,FL,READM-30-AMI-HRRP,82.0,,1.0123,15.0822,14.8984,13.0,07/01/2021,06/30/2024,0.7833119999999987
HCA FLORIDA SARASOTA DOCTORS HOSPITAL,100166,FL,READM-30-HIP-KNEE-HRRP,441.0,,1.0636,5.7351,5.3923,26.0,07/01/2021,06/30/2024,2.219957000000001
HCA FLORIDA SARASOTA DOCTORS HOSPITAL,100166,FL,READM-30-HF-HRRP,304.0,,1.104,21.617,19.5806,73.0,07/01/2021,06/30/2024,13.474975999999998
HCA FLORIDA MERCY HOSPITAL,100167,FL,READM-30-HF-HRRP,159.0,,1.0618,22.3193,21.0213,40.0,07/01/2021,06/30/2024,6.576132999999999
HCA FLORIDA MERCY HOSPITAL,100167,FL,READM-30-AMI-HRRP,66.0,,1.0289,14.4371,14.0311,11.0,07/01/2021,06/30/2024,1.7394740000000013
BOCA RATON REGIONAL HOSPITAL,100168,FL,READM-30-COPD-HRRP,230.0,,1.0275,19.1188,18.6066,46.0,07/01/2021,06/30/2024,3.204819999999998
BOCA RATON REGIONAL HOSPITAL,100168,FL,READM-30-CABG-HRRP,104.0,,1.2121,13.3687,11.0296,19.0,07/01/2021,06/30/2024,7.529216
BOCA RATON REGIONAL HOSPITAL,100168,FL,READM-30-AMI-HRRP,298.0,,1.0325,14.8854,14.4163,46.0,07/01/2021,06/30/2024,3.039426000000006
ADVENTHEALTH TAMPA,100173,FL,READM-30-HF-HRRP,386.0,,1.0005,20.9741,20.9626,81.0,07/01/2021,06/30/2024,0.08436400000000788
ADVENTHEALTH TAMPA,100173,FL,READM-30-CABG-HRRP,121.0,,1.1134,11.7438,10.548,17.0,07/01/2021,06/30/2024,4.23692
ADVENTHEALTH TAMPA,100173,FL,READM-30-AMI-HRRP,168.0,,1.0872,15.8755,14.6021,31.0,07/01/2021,06/30/2024,6.4684719999999984
DESOTO MEMORIAL HOSPITAL,100175,FL,READM-30-PN-HRRP,79.0,,1.0076,15.8171,15.6975,13.0,07/01/2021,06/30/2024,0.5989749999999994
PALM BEACH GARDENS MEDICAL CENTER,100176,FL,READM-30-PN-HRRP,658.0,,1.0575,16.7524,15.8408,114.0,07/01/2021,06/30/2024,9.767536000000007
PALM BEACH GARDENS MEDICAL CENTER,100176,FL,READM-30-HF-HRRP,419.0,,1.0574,20.7486,19.623,91.0,07/01/2021,06/30/2024,8.779629999999997
PALM BEACH GARDENS MEDICAL CENTER,100176,FL,READM-30-COPD-HRRP,108.0,,1.0914,19.8712,18.2064,28.0,07/01/2021,06/30/2024,8.337088000000001
HCA FLORIDA MEMORIAL HOSPITAL,100179,FL,READM-30-COPD-HRRP,90.0,,1.0249,22.3114,21.77,22.0,07/01/2021,06/30/2024,2.407
HCA FLORIDA MEMORIAL HOSPITAL,100179,FL,READM-30-AMI-HRRP,137.0,,1.02,16.7548,16.4268,24.0,07/01/2021,06/30/2024,1.4952840000000016
HCA FLORIDA ST PETERSBURG HOSPITAL,100180,FL,READM-30-PN-HRRP,165.0,,1.0429,18.8519,18.0769,34.0,07/01/2021,06/30/2024,4.173115000000003
HCA FLORIDA ST PETERSBURG HOSPITAL,100180,FL,READM-30-HF-HRRP,61.0,,1.0336,22.1737,21.452,16.0,07/01/2021,06/30/2024,2.9142799999999998
LARKIN COMMUNITY HOSPITAL,100181,FL,READM-30-PN-HRRP,68.0,,1.0163,20.3685,20.0425,15.0,07/01/2021,06/30/2024,1.3711000000000002
LARKIN COMMUNITY HOSPITAL,100181,FL,READM-30-HF-HRRP,40.0,,1.0165,24.3779,23.9812,11.0,07/01/2021,06/30/2024,1.407519999999998
CORAL GABLES HOSPITAL,100183,FL,READM-30-HF-HRRP,66.0,,1.0535,24.2688,23.0372,20.0,07/01/2021,06/30/2024,4.795448
PALMETTO GENERAL HOSPITAL,100187,FL,READM-30-AMI-HRRP,119.0,,1.0051,16.5812,16.497,20.0,07/01/2021,06/30/2024,0.3685699999999983
HCA FLORIDA NORTHWEST HOSPITAL,100189,FL,READM-30-PN-HRRP,276.0,,1.024,16.4533,16.0674,47.0,07/01/2021,06/30/2024,2.653976000000007
HCA FLORIDA NORTHWEST HOSPITAL,100189,FL,READM-30-HF-HRRP,262.0,,1.0756,21.2288,19.737,61.0,07/01/2021,06/30/2024,9.28906
HCA FLORIDA NORTHWEST HOSPITAL,100189,FL,READM-30-COPD-HRRP,92.0,,1.074,19.1968,17.8745,23.0,07/01/2021,06/30/2024,6.55546
HCA FLORIDA NORTHWEST HOSPITAL,100189,FL,READM-30-AMI-HRRP,81.0,,1.0244,15.7358,15.3617,14.0,07/01/2021,06/30/2024,1.5570229999999992
HCA FLORIDA TRINITY HOSPITAL,100191,FL,READM-30-PN-HRRP,322.0,,1.0394,17.199,16.5463,58.0,07/01/2021,06/30/2024,4.7209140000000005
HCA FLORIDA TRINITY HOSPITAL,100191,FL,READM-30-HF-HRRP,215.0,,1.057,22.2542,21.054,52.0,07/01/2021,06/30/2024,6.7339000000000055
HCA FLORIDA TRINITY HOSPITAL,100191,FL,READM-30-COPD-HRRP,117.0,,1.0527,18.9504,18.0019,26.0,07/01/2021,06/30/2024,4.9377770000000005
HCA FLORIDA TRINITY HOSPITAL,100191,FL,READM-30-AMI-HRRP,103.0,,1.1538,17.8571,15.4771,26.0,07/01/2021,06/30/2024,10.058587000000001
BROWARD HEALTH IMPERIAL POINT,100200,FL,READM-30-PN-HRRP,164.0,,1.0669,15.6736,14.6902,30.0,07/01/2021,06/30/2024,5.908072000000001
HCA FLORIDA NORTH FLORIDA HOSPITAL,100204,FL,READM-30-HF-HRRP,993.0,,1.0001,19.9385,19.9357,198.0,07/01/2021,06/30/2024,0.038499000000001615
HCA FLORIDA NORTH FLORIDA HOSPITAL,100204,FL,READM-30-COPD-HRRP,300.0,,1.0516,19.7271,18.7592,63.0,07/01/2021,06/30/2024,6.7224
HCA FLORIDA NORTH FLORIDA HOSPITAL,100204,FL,READM-30-AMI-HRRP,388.0,,1.0408,15.1873,14.5922,61.0,07/01/2021,06/30/2024,4.382263999999999
HCA FLORIDA SOUTH TAMPA HOSPITAL,100206,FL,READM-30-PN-HRRP,115.0,,1.0448,18.2267,17.4447,24.0,07/01/2021,06/30/2024,3.9385949999999994
HCA FLORIDA SOUTH TAMPA HOSPITAL,100206,FL,READM-30-HF-HRRP,138.0,,1.0771,21.3884,19.8566,35.0,07/01/2021,06/30/2024,7.597892000000002
HCA FLORIDA SOUTH TAMPA HOSPITAL,100206,FL,READM-30-COPD-HRRP,50.0,,1.0303,19.5416,18.9664,12.0,07/01/2021,06/30/2024,2.5168
HCA FLORIDA KENDALL HOSPITAL,100209,FL,READM-30-AMI-HRRP,84.0,,1.1449,20.911,18.2647,25.0,07/01/2021,06/30/2024,9.657651999999999
ADVENTHEALTH DADE CITY,100211,FL,READM-30-HF-HRRP,136.0,,1.0381,22.2126,21.3976,33.0,07/01/2021,06/30/2024,3.8992639999999987
ADVENTHEALTH DADE CITY,100211,FL,READM-30-COPD-HRRP,56.0,,1.0752,22.1737,20.6229,18.0,07/01/2021,06/30/2024,6.4511759999999985
MARION COMMUNTIY HOSPITAL,100212,FL,READM-30-PN-HRRP,1372.0,,1.12,17.4457,15.5768,247.0,07/01/2021,06/30/2024,33.28630399999997
MARION COMMUNTIY HOSPITAL,100212,FL,READM-30-HF-HRRP,1092.0,,1.1209,21.3032,19.0062,241.0,07/01/2021,06/30/2024,33.45229599999999
MARION COMMUNTIY HOSPITAL,100212,FL,READM-30-COPD-HRRP,314.0,,1.0138,17.8271,17.5838,57.0,07/01/2021,06/30/2024,1.7868679999999983
MARION COMMUNTIY HOSPITAL,100212,FL,READM-30-CABG-HRRP,152.0,,1.0548,11.5883,10.9864,19.0,07/01/2021,06/30/2024,2.3006719999999987
MARION COMMUNTIY HOSPITAL,100212,FL,READM-30-AMI-HRRP,533.0,,1.1634,14.8801,12.7906,87.0,07/01/2021,06/30/2024,18.826102000000006
HCA FLORIDA BLAKE HOSPITAL,100213,FL,READM-30-PN-HRRP,394.0,,1.114,17.6872,15.8778,77.0,07/01/2021,06/30/2024,14.441468
HCA FLORIDA BLAKE HOSPITAL,100213,FL,READM-30-HF-HRRP,291.0,,1.0301,20.2183,19.627,61.0,07/01/2021,06/30/2024,3.8854299999999995
HCA FLORIDA BLAKE HOSPITAL,100213,FL,READM-30-CABG-HRRP,52.0,,1.2233,14.6344,11.9632,13.0,07/01/2021,06/30/2024,6.779136
GULF COAST MEDICAL CENTER LEE HEALTH,100220,FL,READM-30-HF-HRRP,1128.0,,1.0086,20.8657,20.6869,236.0,07/01/2021,06/30/2024,2.6517679999999757
GULF COAST MEDICAL CENTER LEE HEALTH,100220,FL,READM-30-COPD-HRRP,329.0,,1.0431,20.8972,20.0335,72.0,07/01/2021,06/30/2024,6.089784999999992
HCA FLORIDA FORT WALTON-DESTIN HOSPITAL,100223,FL,READM-30-PN-HRRP,529.0,,1.1161,18.2439,16.3465,104.0,07/01/2021,06/30/2024,17.527015000000006
HCA FLORIDA FORT WALTON-DESTIN HOSPITAL,100223,FL,READM-30-HF-HRRP,500.0,,1.1386,22.4794,19.7426,122.0,07/01/2021,06/30/2024,23.287000000000006
HCA FLORIDA FORT WALTON-DESTIN HOSPITAL,100223,FL,READM-30-CABG-HRRP,181.0,,1.1378,15.1816,13.3427,31.0,07/01/2021,06/30/2024,6.849712999999998
HCA FLORIDA FORT WALTON-DESTIN HOSPITAL,100223,FL,READM-30-AMI-HRRP,269.0,,1.088,15.1055,13.8836,45.0,07/01/2021,06/30/2024,7.653116000000004
UNIVERSITY HOSPITAL AND MEDICAL CENTER,100224,FL,READM-30-PN-HRRP,190.0,,1.0457,17.8656,17.0847,37.0,07/01/2021,06/30/2024,4.539069999999995
UNIVERSITY HOSPITAL AND MEDICAL CENTER,100224,FL,READM-30-HF-HRRP,167.0,,1.2013,26.2502,21.8523,58.0,07/01/2021,06/30/2024,21.506659
HCA FLORIDA ORANGE PARK HOSPITAL,100226,FL,READM-30-HF-HRRP,368.0,,1.0509,24.5059,23.32,94.0,07/01/2021,06/30/2024,8.182400000000001
WESTSIDE REGIONAL MEDICAL CENTER,100228,FL,READM-30-HF-HRRP,272.0,,1.0109,21.395,21.1643,59.0,07/01/2021,06/30/2024,1.4331040000000002
WESTSIDE REGIONAL MEDICAL CENTER,100228,FL,READM-30-COPD-HRRP,89.0,,1.0273,19.0565,18.5499,19.0,07/01/2021,06/30/2024,2.490589
WESTSIDE REGIONAL MEDICAL CENTER,100228,FL,READM-30-AMI-HRRP,97.0,,1.0722,17.773,16.5768,21.0,07/01/2021,06/30/2024,4.920504000000001
MEMORIAL HOSPITAL PEMBROKE,100230,FL,READM-30-PN-HRRP,120.0,,1.0136,15.0762,14.874,19.0,07/01/2021,06/30/2024,1.1511999999999993
MEMORIAL HOSPITAL PEMBROKE,100230,FL,READM-30-COPD-HRRP,53.0,,1.0443,18.4416,17.6592,13.0,07/01/2021,06/30/2024,3.6406240000000007
HCA FLORIDA WEST HOSPITAL,100231,FL,READM-30-PN-HRRP,638.0,,1.0865,16.8405,15.4991,113.0,07/01/2021,06/30/2024,14.115742000000012
HCA FLORIDA WEST HOSPITAL,100231,FL,READM-30-HF-HRRP,532.0,,1.0191,20.0412,19.6647,108.0,07/01/2021,06/30/2024,3.383796000000004
HCA FLORIDA WEST HOSPITAL,100231,FL,READM-30-AMI-HRRP,244.0,,1.1081,15.0599,13.5903,42.0,07/01/2021,06/30/2024,8.839668000000003
HCA FLORIDA PUTNAM HOSPITAL,100232,FL,READM-30-PN-HRRP,276.0,,1.0222,17.9347,17.5457,51.0,07/01/2021,06/30/2024,2.5738679999999974
HCA FLORIDA PUTNAM HOSPITAL,100232,FL,READM-30-HF-HRRP,326.0,,1.0397,22.1129,21.2686,75.0,07/01/2021,06/30/2024,5.664364000000006
HCA FLORIDA PUTNAM HOSPITAL,100232,FL,READM-30-AMI-HRRP,88.0,,1.0496,15.3109,14.5873,16.0,07/01/2021,06/30/2024,3.163176
HCA FLORIDA FAWCETT HOSPITAL,100236,FL,READM-30-AMI-HRRP,231.0,,1.1098,16.663,15.0144,44.0,07/01/2021,06/30/2024,9.316735999999999
HCA FLORIDA FAWCETT HOSPITAL,100236,FL,READM-30-PN-HRRP,659.0,,1.1519,19.9126,17.2862,141.0,07/01/2021,06/30/2024,27.083941999999993
HCA FLORIDA FAWCETT HOSPITAL,100236,FL,READM-30-COPD-HRRP,137.0,,1.0199,20.0848,19.6934,29.0,07/01/2021,06/30/2024,2.020042
HCA FLORIDA FAWCETT HOSPITAL,100236,FL,READM-30-CABG-HRRP,67.0,,1.0969,14.2017,12.9469,12.0,07/01/2021,06/30/2024,3.325576999999999
HCA FLORIDA NORTHSIDE HOSPITAL,100238,FL,READM-30-PN-HRRP,254.0,,1.1562,20.4287,17.669,62.0,07/01/2021,06/30/2024,17.120739999999998
HCA FLORIDA NORTHSIDE HOSPITAL,100238,FL,READM-30-HF-HRRP,239.0,,1.0985,22.9983,20.9361,62.0,07/01/2021,06/30/2024,11.962721000000002
HCA FLORIDA NORTHSIDE HOSPITAL,100238,FL,READM-30-COPD-HRRP,127.0,,1.161,23.8981,20.5842,42.0,07/01/2021,06/30/2024,15.858066
HCA FLORIDA NORTHSIDE HOSPITAL,100238,FL,READM-30-AMI-HRRP,93.0,,1.0686,15.6503,14.6453,18.0,07/01/2021,06/30/2024,4.379871
HCA FLORIDA GULF COAST HOSPITAL,100242,FL,READM-30-HF-HRRP,411.0,,1.0056,20.338,20.2243,84.0,07/01/2021,06/30/2024,0.8781269999999921
HCA FLORIDA GULF COAST HOSPITAL,100242,FL,READM-30-AMI-HRRP,116.0,,1.0485,15.1289,14.4289,20.0,07/01/2021,06/30/2024,3.2624759999999995
HCA FLORIDA BRANDON HOSPITAL,100243,FL,READM-30-PN-HRRP,358.0,,1.118,18.535,16.5786,74.0,07/01/2021,06/30/2024,14.648611999999993
HCA FLORIDA BRANDON HOSPITAL,100243,FL,READM-30-HF-HRRP,353.0,,1.0528,21.0249,19.9704,78.0,07/01/2021,06/30/2024,7.504487999999995
HCA FLORIDA BRANDON HOSPITAL,100243,FL,READM-30-CABG-HRRP,102.0,,1.0644,13.0775,12.2866,15.0,07/01/2021,06/30/2024,2.4676679999999998
HCA FLORIDA BRANDON HOSPITAL,100243,FL,READM-30-AMI-HRRP,147.0,,1.0252,15.4519,15.0727,24.0,07/01/2021,06/30/2024,1.8431309999999996
CAPE CORAL HOSPITAL,100244,FL,READM-30-PN-HRRP,636.0,,1.0031,15.5339,15.4864,99.0,07/01/2021,06/30/2024,0.5064959999999985
HCA FLORIDA LAWNWOOD HOSPITAL,100246,FL,READM-30-PN-HRRP,316.0,,1.13,17.6385,15.6098,64.0,07/01/2021,06/30/2024,14.673032000000006
HCA FLORIDA LAWNWOOD HOSPITAL,100246,FL,READM-30-HF-HRRP,410.0,,1.117,21.6681,19.3983,97.0,07/01/2021,06/30/2024,17.466970000000003
HCA FLORIDA LAWNWOOD HOSPITAL,100246,FL,READM-30-COPD-HRRP,91.0,,1.0102,17.8568,17.6773,17.0,07/01/2021,06/30/2024,0.9136570000000006
HCA FLORIDA LAWNWOOD HOSPITAL,100246,FL,READM-30-CABG-HRRP,155.0,,1.1554,13.6505,11.8142,25.0,07/01/2021,06/30/2024,6.687989999999999
HCA FLORIDA LAWNWOOD HOSPITAL,100246,FL,READM-30-AMI-HRRP,335.0,,1.061,15.7994,14.8913,56.0,07/01/2021,06/30/2024,6.114145000000001
HCA FLORIDA LARGO HOSPITAL,100248,FL,READM-30-PN-HRRP,373.0,,1.0491,17.8895,17.052,70.0,07/01/2021,06/30/2024,6.396039999999999
HCA FLORIDA LARGO HOSPITAL,100248,FL,READM-30-HF-HRRP,372.0,,1.1446,23.8879,20.8708,99.0,07/01/2021,06/30/2024,21.360624
TAMPA GENERAL HOSPITAL CRYSTAL RIVER,100249,FL,READM-30-PN-HRRP,310.0,,1.0559,16.8881,15.9948,56.0,07/01/2021,06/30/2024,6.416119999999999
TAMPA GENERAL HOSPITAL CRYSTAL RIVER,100249,FL,READM-30-HF-HRRP,322.0,,1.0128,19.9008,19.6496,65.0,07/01/2021,06/30/2024,1.7282879999999992
TAMPA GENERAL HOSPITAL CRYSTAL RIVER,100249,FL,READM-30-AMI-HRRP,153.0,,1.0561,14.52,13.7489,25.0,07/01/2021,06/30/2024,3.9641829999999985
HCA FLORIDA RAULERSON HOSPITAL,100252,FL,READM-30-PN-HRRP,149.0,,1.0358,17.1973,16.6036,28.0,07/01/2021,06/30/2024,3.2606360000000016
HCA FLORIDA RAULERSON HOSPITAL,100252,FL,READM-30-HF-HRRP,183.0,,1.0916,21.0971,19.326,45.0,07/01/2021,06/30/2024,9.633419999999994
HCA FLORIDA RAULERSON HOSPITAL,100252,FL,READM-30-COPD-HRRP,115.0,,1.0491,19.4813,18.5687,26.0,07/01/2021,06/30/2024,4.645995000000003
JUPITER MEDICAL CENTER,100253,FL,READM-30-PN-HRRP,986.0,,1.1315,16.6096,14.6795,172.0,07/01/2021,06/30/2024,27.260130000000004
JUPITER MEDICAL CENTER,100253,FL,READM-30-HF-HRRP,591.0,,1.0479,19.3976,18.5111,118.0,07/01/2021,06/30/2024,8.599399000000005
JUPITER MEDICAL CENTER,100253,FL,READM-30-COPD-HRRP,267.0,,1.0751,18.6122,17.3125,55.0,07/01/2021,06/30/2024,8.775624999999998
JUPITER MEDICAL CENTER,100253,FL,READM-30-CABG-HRRP,108.0,,1.1037,10.6284,9.6295,14.0,07/01/2021,06/30/2024,3.6001399999999997
JUPITER MEDICAL CENTER,100253,FL,READM-30-AMI-HRRP,166.0,,1.0333,11.6762,11.3004,21.0,07/01/2021,06/30/2024,2.2413360000000004
HCA FLORIDA CAPITAL HOSPITAL,100254,FL,READM-30-AMI-HRRP,128.0,,1.0069,13.0065,12.9177,17.0,07/01/2021,06/30/2024,0.46534400000000176
HCA FLORIDA CAPITAL HOSPITAL,100254,FL,READM-30-PN-HRRP,315.0,,1.0803,16.7638,15.5172,58.0,07/01/2021,06/30/2024,9.120820000000002
HCA FLORIDA CAPITAL HOSPITAL,100254,FL,READM-30-HF-HRRP,236.0,,1.1051,21.4455,19.4061,58.0,07/01/2021,06/30/2024,12.201604000000003
HCA FLORIDA BAYONET POINT HOSPITAL,100256,FL,READM-30-PN-HRRP,318.0,,1.1815,21.4467,18.1521,80.0,07/01/2021,06/30/2024,22.276321999999993
HCA FLORIDA BAYONET POINT HOSPITAL,100256,FL,READM-30-CABG-HRRP,85.0,,1.2553,16.2461,12.9415,20.0,07/01/2021,06/30/2024,8.999725
HCA FLORIDA BAYONET POINT HOSPITAL,100256,FL,READM-30-AMI-HRRP,151.0,,1.2334,19.0933,15.4803,40.0,07/01/2021,06/30/2024,16.624747
DELRAY MEDICAL CENTER,100258,FL,READM-30-COPD-HRRP,156.0,,1.0355,19.4805,18.8119,33.0,07/01/2021,06/30/2024,3.6534359999999992
DELRAY MEDICAL CENTER,100258,FL,READM-30-CABG-HRRP,110.0,,1.0816,13.5376,12.516,17.0,07/01/2021,06/30/2024,3.2324
DELRAY MEDICAL CENTER,100258,FL,READM-30-AMI-HRRP,316.0,,1.0198,15.1852,14.8906,49.0,07/01/2021,06/30/2024,1.9457040000000063
HCA FLORIDA SOUTH SHORE HOSPITAL,100259,FL,READM-30-PN-HRRP,372.0,,1.0382,15.9961,15.4071,62.0,07/01/2021,06/30/2024,4.685588000000003
HCA FLORIDA SOUTH SHORE HOSPITAL,100259,FL,READM-30-HF-HRRP,300.0,,1.1166,20.9894,18.7978,71.0,07/01/2021,06/30/2024,14.606600000000007
HCA FLORIDA SOUTH SHORE HOSPITAL,100259,FL,READM-30-COPD-HRRP,84.0,,1.0317,17.5481,17.0084,17.0,07/01/2021,06/30/2024,2.7129439999999985
HCA FLORIDA SOUTH SHORE HOSPITAL,100259,FL,READM-30-AMI-HRRP,81.0,,1.0765,16.2376,15.0839,17.0,07/01/2021,06/30/2024,4.7820409999999995
ST LUCIE MEDICAL CENTER,100260,FL,READM-30-HIP-KNEE-HRRP,806.0,,1.3249,6.4211,4.8463,55.0,07/01/2021,06/30/2024,15.938821999999995
ST LUCIE MEDICAL CENTER,100260,FL,READM-30-HF-HRRP,390.0,,1.2781,24.7672,19.3781,115.0,07/01/2021,06/30/2024,39.42541
ST LUCIE MEDICAL CENTER,100260,FL,READM-30-COPD-HRRP,198.0,,1.086,17.179,15.8191,40.0,07/01/2021,06/30/2024,8.678182
ST LUCIE MEDICAL CENTER,100260,FL,READM-30-PN-HRRP,508.0,,1.1537,18.9324,16.4106,106.0,07/01/2021,06/30/2024,22.634152000000014
ST LUCIE MEDICAL CENTER,100260,FL,READM-30-AMI-HRRP,88.0,,1.1642,15.0392,12.9184,21.0,07/01/2021,06/30/2024,9.631808000000001
HCA FLORIDA OAK HILL HOSPITAL,100264,FL,READM-30-HIP-KNEE-HRRP,138.0,,1.5196,8.0199,5.2775,16.0,07/01/2021,06/30/2024,8.71705
HCA FLORIDA OAK HILL HOSPITAL,100264,FL,READM-30-HF-HRRP,572.0,,1.0253,20.6572,20.1468,120.0,07/01/2021,06/30/2024,4.760304000000005
HCA FLORIDA OAK HILL HOSPITAL,100264,FL,READM-30-COPD-HRRP,219.0,,1.0465,18.5654,17.7398,44.0,07/01/2021,06/30/2024,5.149838000000003
HCA FLORIDA OAK HILL HOSPITAL,100264,FL,READM-30-AMI-HRRP,235.0,,1.1158,17.1132,15.3369,46.0,07/01/2021,06/30/2024,9.958284999999997
MEASE COUNTRYSIDE HOSPITAL,100265,FL,READM-30-HF-HRRP,766.0,,1.0121,21.1639,20.9111,163.0,07/01/2021,06/30/2024,2.8209739999999783
GULF BREEZE HOSPITAL,100266,FL,READM-30-HF-HRRP,234.0,,1.0393,19.3304,18.5994,48.0,07/01/2021,06/30/2024,4.477404
GULF BREEZE HOSPITAL,100266,FL,READM-30-COPD-HRRP,79.0,,1.005,17.2556,17.1695,14.0,07/01/2021,06/30/2024,0.4360950000000017
HCA FLORIDA ENGLEWOOD HOSPITAL,100267,FL,READM-30-HF-HRRP,206.0,,1.0894,20.7594,19.0559,49.0,07/01/2021,06/30/2024,9.744845999999995
HCA FLORIDA ENGLEWOOD HOSPITAL,100267,FL,READM-30-AMI-HRRP,148.0,,1.0457,12.6854,12.1309,21.0,07/01/2021,06/30/2024,3.0462680000000013
HCA FLORIDA ENGLEWOOD HOSPITAL,100267,FL,READM-30-PN-HRRP,283.0,,1.0504,16.4886,15.6976,50.0,07/01/2021,06/30/2024,5.575792
WEST BOCA MEDICAL CENTER,100268,FL,READM-30-PN-HRRP,291.0,,1.0437,16.8747,16.1682,52.0,07/01/2021,06/30/2024,4.950538000000002
WEST BOCA MEDICAL CENTER,100268,FL,READM-30-HF-HRRP,194.0,,1.014,21.1193,20.8275,42.0,07/01/2021,06/30/2024,1.5946499999999943
HCA FLORIDA PALMS WEST HOSPITAL,100269,FL,READM-30-HF-HRRP,164.0,,1.0177,19.9462,19.6,34.0,07/01/2021,06/30/2024,1.8560000000000016
HCA FLORIDA PALMS WEST HOSPITAL,100269,FL,READM-30-COPD-HRRP,65.0,,1.0086,15.9708,15.8339,11.0,07/01/2021,06/30/2024,0.7079649999999997
HCA FLORIDA PALMS WEST HOSPITAL,100269,FL,READM-30-PN-HRRP,235.0,,1.1548,17.9591,15.5523,52.0,07/01/2021,06/30/2024,15.452095
WELLINGTON REGIONAL MEDICAL CENTER,100275,FL,READM-30-PN-HRRP,352.0,,1.0753,16.7996,15.6233,64.0,07/01/2021,06/30/2024,9.005983999999998
WELLINGTON REGIONAL MEDICAL CENTER,100275,FL,READM-30-HF-HRRP,290.0,,1.0607,21.2649,20.0471,66.0,07/01/2021,06/30/2024,7.863409999999995
WELLINGTON REGIONAL MEDICAL CENTER,100275,FL,READM-30-AMI-HRRP,78.0,,1.0777,16.7363,15.5292,17.0,07/01/2021,06/30/2024,4.887224000000002
BROWARD HEALTH CORAL SPRINGS,100276,FL,READM-30-HF-HRRP,173.0,,1.0787,21.0761,19.5388,42.0,07/01/2021,06/30/2024,8.197876
BROWARD HEALTH CORAL SPRINGS,100276,FL,READM-30-COPD-HRRP,77.0,,1.0594,17.9075,16.9038,18.0,07/01/2021,06/30/2024,4.984074
BROWARD HEALTH CORAL SPRINGS,100276,FL,READM-30-PN-HRRP,321.0,,1.0865,17.2527,15.8792,61.0,07/01/2021,06/30/2024,10.027767999999995
BROWARD HEALTH CORAL SPRINGS,100276,FL,READM-30-AMI-HRRP,65.0,,1.0339,17.2327,16.6671,13.0,07/01/2021,06/30/2024,2.1663849999999982
MEMORIAL HOSPITAL WEST,100281,FL,READM-30-HF-HRRP,441.0,,1.0329,21.0014,20.3325,95.0,07/01/2021,06/30/2024,5.3336749999999995
MEMORIAL HOSPITAL WEST,100281,FL,READM-30-COPD-HRRP,132.0,,1.0892,18.7477,17.2126,31.0,07/01/2021,06/30/2024,8.279368000000005
MEMORIAL HOSPITAL WEST,100281,FL,READM-30-PN-HRRP,344.0,,1.1497,18.7377,16.2981,74.0,07/01/2021,06/30/2024,17.934535999999994
MEMORIAL HOSPITAL WEST,100281,FL,READM-30-AMI-HRRP,101.0,,1.0505,15.2746,14.5409,18.0,07/01/2021,06/30/2024,3.3136909999999986
KERALTY HOSPITAL,100284,FL,READM-30-PN-HRRP,156.0,,1.0922,20.3438,18.6258,38.0,07/01/2021,06/30/2024,8.943752
KERALTY HOSPITAL,100284,FL,READM-30-COPD-HRRP,41.0,,1.0607,20.6474,19.4654,13.0,07/01/2021,06/30/2024,5.019186
MEMORIAL HOSPITAL MIRAMAR,100285,FL,READM-30-HF-HRRP,116.0,,1.0415,20.7039,19.8791,27.0,07/01/2021,06/30/2024,3.9402439999999963
PHYSICIANS REGIONAL MEDICAL CENTER - PINE RIDGE,100286,FL,READM-30-HF-HRRP,885.0,,1.053,19.2428,18.2739,174.0,07/01/2021,06/30/2024,12.275984999999991
PHYSICIANS REGIONAL MEDICAL CENTER - PINE RIDGE,100286,FL,READM-30-COPD-HRRP,229.0,,1.076,17.754,16.4996,46.0,07/01/2021,06/30/2024,8.215916
PHYSICIANS REGIONAL MEDICAL CENTER - PINE RIDGE,100286,FL,READM-30-CABG-HRRP,192.0,,1.0449,10.8685,10.4014,22.0,07/01/2021,06/30/2024,2.0293119999999973
PHYSICIANS REGIONAL MEDICAL CENTER - PINE RIDGE,100286,FL,READM-30-AMI-HRRP,349.0,,1.0918,13.6279,12.4815,52.0,07/01/2021,06/30/2024,8.439564999999995
GOOD SAMARITAN MEDICAL CENTER,100287,FL,READM-30-HIP-KNEE-HRRP,101.0,,1.4908,9.1648,6.1476,14.0,07/01/2021,06/30/2024,7.790924
GOOD SAMARITAN MEDICAL CENTER,100287,FL,READM-30-HF-HRRP,229.0,,1.0338,19.9051,19.2549,48.0,07/01/2021,06/30/2024,3.906278999999998
GOOD SAMARITAN MEDICAL CENTER,100287,FL,READM-30-COPD-HRRP,78.0,,1.1479,20.1169,17.5256,26.0,07/01/2021,06/30/2024,12.330032000000001
GOOD SAMARITAN MEDICAL CENTER,100287,FL,READM-30-PN-HRRP,360.0,,1.092,17.2388,15.7864,68.0,07/01/2021,06/30/2024,11.168959999999998
GOOD SAMARITAN MEDICAL CENTER,100287,FL,READM-30-AMI-HRRP,92.0,,1.0045,14.9645,14.8979,14.0,07/01/2021,06/30/2024,0.29393199999999986
CLEVELAND CLINIC HOSPITAL,100289,FL,READM-30-COPD-HRRP,74.0,,1.0235,16.6607,16.2783,14.0,07/01/2021,06/30/2024,1.9540579999999999
CLEVELAND CLINIC HOSPITAL,100289,FL,READM-30-PN-HRRP,332.0,,1.0205,17.6513,17.2967,60.0,07/01/2021,06/30/2024,2.5749560000000002
"VILLAGES REGIONAL HOSPITAL, THE",100290,FL,READM-30-PN-HRRP,855.0,,1.0356,17.1501,16.5608,149.0,07/01/2021,06/30/2024,7.405159999999995
"VILLAGES REGIONAL HOSPITAL, THE",100290,FL,READM-30-COPD-HRRP,252.0,,1.0178,17.7402,17.4308,46.0,07/01/2021,06/30/2024,2.074383999999995
ORLANDO HEALTH MELBOURNE HOSPITAL,100291,FL,READM-30-HIP-KNEE-HRRP,213.0,,1.0053,5.1359,5.1087,11.0,07/01/2021,06/30/2024,0.11846899999999927
ORLANDO HEALTH MELBOURNE HOSPITAL,100291,FL,READM-30-HF-HRRP,95.0,,1.0397,19.1704,18.4382,21.0,07/01/2021,06/30/2024,3.483710000000002
ORLANDO HEALTH MELBOURNE HOSPITAL,100291,FL,READM-30-PN-HRRP,123.0,,1.0014,14.5584,14.5377,18.0,07/01/2021,06/30/2024,0.1186290000000021
SACRED HEART HOSPITAL ON THE EMERALD COAST,100292,FL,READM-30-PN-HRRP,247.0,29,1.0611,15.8158,14.9048,43.0,07/01/2021,06/30/2024,6.185144000000001
DOCTORS HOSPITAL,100296,FL,READM-30-HF-HRRP,149.0,,1.0397,21.5515,20.728,35.0,07/01/2021,06/30/2024,4.1152799999999985
DOCTORS HOSPITAL,100296,FL,READM-30-PN-HRRP,185.0,,1.0257,16.3682,15.9588,32.0,07/01/2021,06/30/2024,2.476219999999998
ORLANDO HEALTH ST CLOUD HOSPITAL,100302,FL,READM-30-PN-HRRP,157.0,,1.013,15.3743,15.177,25.0,07/01/2021,06/30/2024,1.1721100000000035
ORLANDO HEALTH ST CLOUD HOSPITAL,100302,FL,READM-30-HF-HRRP,168.0,,1.069,22.031,20.6097,42.0,07/01/2021,06/30/2024,7.375703999999999
ORLANDO HEALTH ST CLOUD HOSPITAL,100302,FL,READM-30-COPD-HRRP,65.0,,1.0498,17.6425,16.8061,15.0,07/01/2021,06/30/2024,4.076034999999999
ASCENSION ST VINCENT'S SOUTHSIDE,100307,FL,READM-30-HF-HRRP,166.0,29,1.0483,21.3875,20.4015,39.0,07/01/2021,06/30/2024,5.133510000000001
ASCENSION ST VINCENT'S SOUTHSIDE,100307,FL,READM-30-PN-HRRP,259.0,29,1.0491,17.6547,16.8277,49.0,07/01/2021,06/30/2024,5.4162569999999945
ASCENSION ST VINCENT'S SOUTHSIDE,100307,FL,READM-30-AMI-HRRP,73.0,29,1.0012,14.9842,14.9666,11.0,07/01/2021,06/30/2024,0.07438199999999995
WEST KENDALL BAPTIST HOSPITAL,100314,FL,READM-30-HF-HRRP,174.0,,1.0867,22.841,21.0179,46.0,07/01/2021,06/30/2024,9.428854000000001
ADVENTHEALTH WESLEY CHAPEL,100319,FL,READM-30-HF-HRRP,417.0,,1.04,22.3185,21.4604,96.0,07/01/2021,06/30/2024,6.510131999999999
HCA FLORIDA POINCIANA HOSPITAL,100320,FL,READM-30-HF-HRRP,85.0,,1.0634,20.554,19.3293,22.0,07/01/2021,06/30/2024,5.570095000000002
HCA FLORIDA POINCIANA HOSPITAL,100320,FL,READM-30-PN-HRRP,141.0,,1.1323,18.0797,15.9673,34.0,07/01/2021,06/30/2024,11.486106999999997
ASCENSION ST VINCENT'S CLAY COUNTY,100321,FL,READM-30-HF-HRRP,308.0,29,1.1153,22.6893,20.3431,78.0,07/01/2021,06/30/2024,15.343252
ASCENSION ST VINCENT'S CLAY COUNTY,100321,FL,READM-30-COPD-HRRP,104.0,29,1.0509,18.609,17.708,23.0,07/01/2021,06/30/2024,4.583680000000001
ASCENSION ST VINCENT'S CLAY COUNTY,100321,FL,READM-30-AMI-HRRP,120.0,29,1.0253,15.5688,15.1844,20.0,07/01/2021,06/30/2024,1.7787199999999999
OVIEDO MEDICAL CENTER,100329,FL,READM-30-HF-HRRP,107.0,,1.0747,22.0198,20.4889,29.0,07/01/2021,06/30/2024,7.076877
OVIEDO MEDICAL CENTER,100329,FL,READM-30-COPD-HRRP,42.0,,1.0434,20.8112,19.946,12.0,07/01/2021,06/30/2024,3.622679999999999
UCF LAKE NONA HOSPITAL,100350,FL,READM-30-HF-HRRP,49.0,,1.0152,20.1911,19.888,11.0,07/01/2021,06/30/2024,1.2548799999999982
UCF LAKE NONA HOSPITAL,100350,FL,READM-30-PN-HRRP,68.0,,1.0338,14.4685,13.9953,12.0,07/01/2021,06/30/2024,2.4831959999999995
SARASOTA MEMORIAL HOSPITAL - VENICE,100359,FL,READM-30-HF-HRRP,666.0,,1.0033,19.9341,19.8686,133.0,07/01/2021,06/30/2024,0.6751240000000109
ASCENSION ST VINCENT'S ST JOHNS COUNTY,100361,FL,READM-30-PN-HRRP,68.0,29,1.0179,14.4727,14.2185,11.0,07/01/2021,06/30/2024,1.3314199999999996
ADVENTHEALTH PALM COAST PARKWAY,100363,FL,READM-30-HF-HRRP,66.0,,1.0469,23.5137,22.4605,19.0,07/01/2021,06/30/2024,4.176069999999999
HAMILTON MEDICAL CENTER,110001,GA,READM-30-COPD-HRRP,121.0,,1.0365,18.4734,17.8234,25.0,07/01/2021,06/30/2024,3.433685999999998
HAMILTON MEDICAL CENTER,110001,GA,READM-30-PN-HRRP,392.0,,1.0237,15.9273,15.5581,64.0,07/01/2021,06/30/2024,3.0122479999999996
UPSON REGIONAL MEDICAL CENTER,110002,GA,READM-30-PN-HRRP,107.0,,1.0437,13.3261,12.7677,17.0,07/01/2021,06/30/2024,3.338561000000002
UPSON REGIONAL MEDICAL CENTER,110002,GA,READM-30-HF-HRRP,80.0,,1.0913,17.4088,15.9526,20.0,07/01/2021,06/30/2024,7.237919999999999
Memorial Satilla Health,110003,GA,READM-30-HF-HRRP,173.0,,1.0149,19.6111,19.3223,35.0,07/01/2021,06/30/2024,1.5724210000000056
Memorial Satilla Health,110003,GA,READM-30-COPD-HRRP,50.0,,1.0892,19.2174,17.6436,16.0,07/01/2021,06/30/2024,7.1782
Memorial Satilla Health,110003,GA,READM-30-AMI-HRRP,82.0,,1.0605,12.3052,11.6038,13.0,07/01/2021,06/30/2024,3.484883999999999
Memorial Satilla Health,110003,GA,READM-30-PN-HRRP,286.0,,1.0133,16.124,15.9131,47.0,07/01/2021,06/30/2024,1.4885340000000014
ST MARY'S HOSPITAL,110006,GA,READM-30-HIP-KNEE-HRRP,111.0,,1.5095,9.1462,6.0593,15.0,07/01/2021,06/30/2024,8.274177
ST MARY'S HOSPITAL,110006,GA,READM-30-HF-HRRP,203.0,,1.0329,19.0575,18.4501,41.0,07/01/2021,06/30/2024,3.5462970000000027
ST MARY'S HOSPITAL,110006,GA,READM-30-COPD-HRRP,54.0,,1.0383,17.1929,16.5584,12.0,07/01/2021,06/30/2024,3.0584640000000007
ST MARY'S HOSPITAL,110006,GA,READM-30-PN-HRRP,201.0,,1.0117,14.5497,14.3822,30.0,07/01/2021,06/30/2024,1.091777999999998
ST MARY'S HOSPITAL,110006,GA,READM-30-AMI-HRRP,132.0,,1.0269,11.8849,11.5732,17.0,07/01/2021,06/30/2024,1.723376
PHOEBE PUTNEY MEMORIAL HOSPITAL,110007,GA,READM-30-HF-HRRP,394.0,,1.055,20.586,19.5134,85.0,07/01/2021,06/30/2024,8.117204000000001
PHOEBE PUTNEY MEMORIAL HOSPITAL,110007,GA,READM-30-COPD-HRRP,226.0,,1.0682,18.2393,17.0741,46.0,07/01/2021,06/30/2024,7.412534000000001
PHOEBE PUTNEY MEMORIAL HOSPITAL,110007,GA,READM-30-AMI-HRRP,159.0,,1.0459,13.0399,12.4675,23.0,07/01/2021,06/30/2024,3.1766749999999995
NORTHSIDE HOSPITAL CHEROKEE,110008,GA,READM-30-COPD-HRRP,188.0,,1.0283,19.6298,19.0901,39.0,07/01/2021,06/30/2024,3.1106120000000033
NORTHSIDE HOSPITAL CHEROKEE,110008,GA,READM-30-PN-HRRP,576.0,,1.0682,16.5929,15.5331,100.0,07/01/2021,06/30/2024,10.529344000000009
EMORY UNIVERSITY HOSPITAL,110010,GA,READM-30-PN-HRRP,365.0,,1.0132,16.7428,16.5241,62.0,07/01/2021,06/30/2024,1.6870350000000016
EMORY UNIVERSITY HOSPITAL,110010,GA,READM-30-HF-HRRP,518.0,,1.0025,19.0775,19.0301,99.0,07/01/2021,06/30/2024,0.4240819999999985
EMORY UNIVERSITY HOSPITAL,110010,GA,READM-30-AMI-HRRP,89.0,,1.0318,13.9446,13.5146,14.0,07/01/2021,06/30/2024,1.9720060000000004
TANNER MEDICAL CENTER - CARROLLTON,110011,GA,READM-30-HF-HRRP,296.0,,1.1399,22.0808,19.37,75.0,07/01/2021,06/30/2024,17.6648
TANNER MEDICAL CENTER - CARROLLTON,110011,GA,READM-30-PN-HRRP,355.0,,1.0187,15.4266,15.1433,56.0,07/01/2021,06/30/2024,2.2412849999999978
TANNER MEDICAL CENTER - CARROLLTON,110011,GA,READM-30-AMI-HRRP,163.0,,1.0646,13.393,12.5806,25.0,07/01/2021,06/30/2024,4.4936219999999985
TANNER MEDICAL CENTER VILLA RICA,110015,GA,READM-30-PN-HRRP,147.0,,1.1,15.4708,14.0643,29.0,07/01/2021,06/30/2024,8.325479000000001
TANNER MEDICAL CENTER VILLA RICA,110015,GA,READM-30-HF-HRRP,107.0,,1.1456,22.4332,19.5826,34.0,07/01/2021,06/30/2024,13.046617999999999
TANNER MEDICAL CENTER VILLA RICA,110015,GA,READM-30-COPD-HRRP,72.0,,1.0606,17.674,16.6648,17.0,07/01/2021,06/30/2024,5.001344000000001
WELLSTAR WEST GEORGIA MEDICAL CENTER,110016,GA,READM-30-HF-HRRP,299.0,,1.0434,20.7024,19.8413,65.0,07/01/2021,06/30/2024,5.6745129999999975
WELLSTAR WEST GEORGIA MEDICAL CENTER,110016,GA,READM-30-AMI-HRRP,64.0,,1.0494,14.9081,14.2069,12.0,07/01/2021,06/30/2024,2.907584
PIEDMONT NEWTON HOSPITAL,110018,GA,READM-30-PN-HRRP,127.0,,1.0487,15.624,14.8987,23.0,07/01/2021,06/30/2024,4.078651000000001
SOUTHEAST GEORGIA HEALTH SYSTEM- BRUNSWICK CAMPUS,110025,GA,READM-30-HF-HRRP,530.0,,1.0232,20.2501,19.7907,109.0,07/01/2021,06/30/2024,4.109290000000001
SOUTHEAST GEORGIA HEALTH SYSTEM- BRUNSWICK CAMPUS,110025,GA,READM-30-COPD-HRRP,135.0,,1.0269,17.8144,17.3474,26.0,07/01/2021,06/30/2024,2.581009999999999
SOUTHEAST GEORGIA HEALTH SYSTEM- BRUNSWICK CAMPUS,110025,GA,READM-30-PN-HRRP,552.0,,1.0997,17.1385,15.5841,101.0,07/01/2021,06/30/2024,14.975768000000002
"TY COBB REGIONAL MEDICAL CENTER, LLC",110027,GA,READM-30-HF-HRRP,67.0,,1.0536,18.3382,17.4047,16.0,07/01/2021,06/30/2024,4.338851000000002
PIEDMONT AUGUSTA HOSPITAL,110028,GA,READM-30-HF-HRRP,959.0,,1.0231,20.5761,20.1109,199.0,07/01/2021,06/30/2024,6.136468999999977
PIEDMONT AUGUSTA HOSPITAL,110028,GA,READM-30-CABG-HRRP,111.0,,1.1019,10.3742,9.4151,14.0,07/01/2021,06/30/2024,3.5492389999999983
"NORTHEAST GEORGIA MEDICAL CENTER, INC",110029,GA,READM-30-CABG-HRRP,263.0,,1.0666,11.1484,10.4522,31.0,07/01/2021,06/30/2024,3.5107140000000037
PIEDMONT CARTERSVILLE MEDICAL CENTER,110030,GA,READM-30-HF-HRRP,249.0,,1.0411,22.0853,21.2138,58.0,07/01/2021,06/30/2024,5.177638000000002
PIEDMONT CARTERSVILLE MEDICAL CENTER,110030,GA,READM-30-AMI-HRRP,74.0,,1.0308,16.7237,16.2245,14.0,07/01/2021,06/30/2024,1.9938699999999994
WELLSTAR SPALDING MEDICAL CENTER,110031,GA,READM-30-PN-HRRP,200.0,,1.015,16.9911,16.7406,35.0,07/01/2021,06/30/2024,1.5187999999999988
WELLSTAR SPALDING MEDICAL CENTER,110031,GA,READM-30-AMI-HRRP,90.0,,1.1331,15.0805,13.3095,20.0,07/01/2021,06/30/2024,8.021450000000002
STEPHENS COUNTY HOSPITAL,110032,GA,READM-30-PN-HRRP,76.0,,1.0198,14.1132,13.8388,12.0,07/01/2021,06/30/2024,1.4825119999999998
"WELLSTAR MCG HEALTH, AFFILIATED WITH MED COL",110034,GA,READM-30-PN-HRRP,173.0,,1.0477,17.25,16.4649,33.0,07/01/2021,06/30/2024,4.515723000000001
"WELLSTAR MCG HEALTH, AFFILIATED WITH MED COL",110034,GA,READM-30-HF-HRRP,217.0,,1.0764,22.3554,20.7685,54.0,07/01/2021,06/30/2024,8.932355000000001
"WELLSTAR MCG HEALTH, AFFILIATED WITH MED COL",110034,GA,READM-30-COPD-HRRP,59.0,,1.0682,18.9029,17.6953,16.0,07/01/2021,06/30/2024,5.559773
WELLSTAR KENNESTONE REGIONAL MEDICAL CENTER,110035,GA,READM-30-COPD-HRRP,254.0,,1.0107,19.3702,19.1654,50.0,07/01/2021,06/30/2024,1.3198839999999947
WELLSTAR KENNESTONE REGIONAL MEDICAL CENTER,110035,GA,READM-30-CABG-HRRP,254.0,,1.0859,12.1434,11.1833,33.0,07/01/2021,06/30/2024,4.5944180000000046
WELLSTAR KENNESTONE REGIONAL MEDICAL CENTER,110035,GA,READM-30-PN-HRRP,1022.0,,1.0183,15.7332,15.4509,162.0,07/01/2021,06/30/2024,4.091802000000001
SAVANNAH HEALTH SERVICES LLC DBA MEMORIAL HEALTH UNIVERSITY MEDICAL CENTER,110036,GA,READM-30-PN-HRRP,480.0,,1.1216,17.963,16.016,94.0,07/01/2021,06/30/2024,17.12320000000001
SAVANNAH HEALTH SERVICES LLC DBA MEMORIAL HEALTH UNIVERSITY MEDICAL CENTER,110036,GA,READM-30-COPD-HRRP,67.0,,1.0307,18.9689,18.4041,15.0,07/01/2021,06/30/2024,2.6692529999999994
SAVANNAH HEALTH SERVICES LLC DBA MEMORIAL HEALTH UNIVERSITY MEDICAL CENTER,110036,GA,READM-30-CABG-HRRP,84.0,,1.1371,10.3997,9.146,12.0,07/01/2021,06/30/2024,4.317359999999999
SAVANNAH HEALTH SERVICES LLC DBA MEMORIAL HEALTH UNIVERSITY MEDICAL CENTER,110036,GA,READM-30-AMI-HRRP,227.0,,1.1803,13.9346,11.8062,40.0,07/01/2021,06/30/2024,13.199926000000001
ARCHBOLD MEMORIAL HOSPITAL,110038,GA,READM-30-COPD-HRRP,58.0,,1.0154,17.0337,16.7759,11.0,07/01/2021,06/30/2024,1.269978
NORTHEAST GEORGIA MEDICAL CENTER HABERSHAM,110041,GA,READM-30-PN-HRRP,105.0,,1.0175,14.1567,13.9132,16.0,07/01/2021,06/30/2024,1.39114
WELLSTAR PAULDING MEDICAL CENTER,110042,GA,READM-30-HF-HRRP,633.0,,1.0521,21.6798,20.6055,141.0,07/01/2021,06/30/2024,10.567184999999995
WELLSTAR PAULDING MEDICAL CENTER,110042,GA,READM-30-COPD-HRRP,140.0,,1.0287,18.4985,17.9829,28.0,07/01/2021,06/30/2024,2.823939999999997
WELLSTAR PAULDING MEDICAL CENTER,110042,GA,READM-30-PN-HRRP,447.0,,1.0797,16.3075,15.1036,78.0,07/01/2021,06/30/2024,10.486908
ST JOSEPH'S HOSPITAL - SAVANNAH,110043,GA,READM-30-PN-HRRP,237.0,,1.0277,15.2685,14.8563,38.0,07/01/2021,06/30/2024,2.790568999999998
ST JOSEPH'S HOSPITAL - SAVANNAH,110043,GA,READM-30-HF-HRRP,370.0,,1.0287,18.9132,18.3861,72.0,07/01/2021,06/30/2024,3.971429999999998
PHOEBE SUMTER MEDICAL CENTER,110044,GA,READM-30-HF-HRRP,72.0,,1.0806,18.7581,17.3585,19.0,07/01/2021,06/30/2024,6.50188
PHOEBE SUMTER MEDICAL CENTER,110044,GA,READM-30-COPD-HRRP,62.0,,1.0426,19.1392,18.3578,15.0,07/01/2021,06/30/2024,3.6181639999999984
PHOEBE SUMTER MEDICAL CENTER,110044,GA,READM-30-PN-HRRP,87.0,,1.0174,14.7874,14.5342,14.0,07/01/2021,06/30/2024,1.3552459999999993
PIEDMONT WALTON HOSPITAL,110046,GA,READM-30-HF-HRRP,189.0,,1.0432,21.6258,20.7299,44.0,07/01/2021,06/30/2024,4.820488999999995
UNION GENERAL HOSPITAL,110051,GA,READM-30-HF-HRRP,180.0,,1.0078,18.5822,18.4387,34.0,07/01/2021,06/30/2024,0.8103400000000036
UNION GENERAL HOSPITAL,110051,GA,READM-30-COPD-HRRP,78.0,,1.0011,16.5654,16.5471,13.0,07/01/2021,06/30/2024,0.09326199999999929
ATRIUM HEALTH FLOYD MEDICAL CENTER,110054,GA,READM-30-PN-HRRP,395.0,,1.0029,16.4067,16.3595,65.0,07/01/2021,06/30/2024,0.3799749999999875
ATRIUM HEALTH FLOYD MEDICAL CENTER,110054,GA,READM-30-HF-HRRP,401.0,,1.0525,21.7475,20.6634,91.0,07/01/2021,06/30/2024,8.139766000000009
ATRIUM HEALTH FLOYD MEDICAL CENTER,110054,GA,READM-30-COPD-HRRP,201.0,,1.1207,22.4903,20.0688,54.0,07/01/2021,06/30/2024,13.661712000000001
ATRIUM HEALTH FLOYD MEDICAL CENTER,110054,GA,READM-30-AMI-HRRP,144.0,,1.0304,14.9032,14.4628,23.0,07/01/2021,06/30/2024,2.1735679999999995
PIEDMONT COLUMBUS REGIONAL MIDTOWN,110064,GA,READM-30-HF-HRRP,185.0,,1.0216,21.3086,20.8576,41.0,07/01/2021,06/30/2024,2.4134400000000014
PIEDMONT COLUMBUS REGIONAL MIDTOWN,110064,GA,READM-30-PN-HRRP,308.0,,1.0353,18.7033,18.0657,60.0,07/01/2021,06/30/2024,4.357644000000008
EMORY HOUSTON HOSPITAL WARNER ROBINS,110069,GA,READM-30-PN-HRRP,532.0,,1.1125,17.4468,15.6825,100.0,07/01/2021,06/30/2024,16.569100000000006
EMORY HOUSTON HOSPITAL WARNER ROBINS,110069,GA,READM-30-COPD-HRRP,195.0,,1.0157,19.3979,19.0983,39.0,07/01/2021,06/30/2024,1.7583150000000032
EMORY HOUSTON HOSPITAL WARNER ROBINS,110069,GA,READM-30-AMI-HRRP,166.0,,1.0031,13.1607,13.1206,22.0,07/01/2021,06/30/2024,0.21980400000000344
PIEDMONT ATHENS REGIONAL MEDICAL CENTER,110074,GA,READM-30-HF-HRRP,942.0,,1.019,20.8723,20.484,198.0,07/01/2021,06/30/2024,5.040719999999993
PIEDMONT ATHENS REGIONAL MEDICAL CENTER,110074,GA,READM-30-COPD-HRRP,218.0,,1.0162,20.5383,20.21,46.0,07/01/2021,06/30/2024,1.9421999999999997
PIEDMONT ATHENS REGIONAL MEDICAL CENTER,110074,GA,READM-30-CABG-HRRP,145.0,,1.0054,8.8715,8.8235,13.0,07/01/2021,06/30/2024,0.20592500000000058
PIEDMONT ATHENS REGIONAL MEDICAL CENTER,110074,GA,READM-30-AMI-HRRP,281.0,,1.0699,14.0817,13.1613,43.0,07/01/2021,06/30/2024,6.016746999999995
EAST GEORGIA REGIONAL MEDICAL CENTER,110075,GA,READM-30-PN-HRRP,241.0,,1.0195,16.471,16.1566,41.0,07/01/2021,06/30/2024,2.062593999999997
EAST GEORGIA REGIONAL MEDICAL CENTER,110075,GA,READM-30-COPD-HRRP,76.0,,1.0158,18.208,17.9246,15.0,07/01/2021,06/30/2024,1.3773039999999988
EAST GEORGIA REGIONAL MEDICAL CENTER,110075,GA,READM-30-AMI-HRRP,87.0,,1.0497,14.3648,13.685,15.0,07/01/2021,06/30/2024,3.0940499999999993
EMORY DECATUR HOSPITAL,110076,GA,READM-30-HF-HRRP,247.0,,1.004,18.5078,18.4341,46.0,07/01/2021,06/30/2024,0.4677730000000011
EMORY DECATUR HOSPITAL,110076,GA,READM-30-COPD-HRRP,59.0,,1.0511,20.6051,19.6031,16.0,07/01/2021,06/30/2024,4.434170999999999
EMORY DECATUR HOSPITAL,110076,GA,READM-30-AMI-HRRP,79.0,,1.0851,13.77,12.6898,15.0,07/01/2021,06/30/2024,4.975057999999999
EMORY UNIVERSITY HOSPITAL MIDTOWN,110078,GA,READM-30-PN-HRRP,148.0,,1.0073,17.233,17.1078,26.0,07/01/2021,06/30/2024,0.6804559999999995
EMORY UNIVERSITY HOSPITAL MIDTOWN,110078,GA,READM-30-HF-HRRP,366.0,,1.0833,21.6153,19.9523,85.0,07/01/2021,06/30/2024,11.974581999999998
EMORY UNIVERSITY HOSPITAL MIDTOWN,110078,GA,READM-30-COPD-HRRP,67.0,,1.0301,20.4896,19.89,16.0,07/01/2021,06/30/2024,2.6737
GRADY MEMORIAL HOSPITAL,110079,GA,READM-30-HF-HRRP,203.0,,1.1149,20.272,18.1828,49.0,07/01/2021,06/30/2024,12.088916000000005
"SAINT JOSEPH'S HOSPITAL OF ATLANTA, INC",110082,GA,READM-30-PN-HRRP,415.0,,1.0306,14.4662,14.0368,62.0,07/01/2021,06/30/2024,3.7472800000000035
"SAINT JOSEPH'S HOSPITAL OF ATLANTA, INC",110082,GA,READM-30-HF-HRRP,689.0,,1.0729,20.3042,18.9249,145.0,07/01/2021,06/30/2024,14.607439
"SAINT JOSEPH'S HOSPITAL OF ATLANTA, INC",110082,GA,READM-30-COPD-HRRP,99.0,,1.0237,18.4552,18.0286,20.0,07/01/2021,06/30/2024,2.1516860000000015
"SAINT JOSEPH'S HOSPITAL OF ATLANTA, INC",110082,GA,READM-30-CABG-HRRP,238.0,,1.0736,9.3309,8.691,24.0,07/01/2021,06/30/2024,3.3154199999999996
"SAINT JOSEPH'S HOSPITAL OF ATLANTA, INC",110082,GA,READM-30-AMI-HRRP,169.0,,1.0211,12.9886,12.7203,23.0,07/01/2021,06/30/2024,1.5026929999999972
"PIEDMONT HOSPITAL, INC",110083,GA,READM-30-HF-HRRP,926.0,,1.0149,20.1862,19.8898,188.0,07/01/2021,06/30/2024,3.820451999999989
"PIEDMONT HOSPITAL, INC",110083,GA,READM-30-CABG-HRRP,311.0,,1.0451,10.5663,10.1101,34.0,07/01/2021,06/30/2024,2.557589
"PIEDMONT HOSPITAL, INC",110083,GA,READM-30-AMI-HRRP,283.0,,1.0288,14.328,13.9265,42.0,07/01/2021,06/30/2024,2.5880050000000026
NORTHSIDE HOSPITAL GWINNETT,110087,GA,READM-30-HF-HRRP,611.0,,1.1094,22.3123,20.1117,144.0,07/01/2021,06/30/2024,21.117513000000002
NORTHSIDE HOSPITAL GWINNETT,110087,GA,READM-30-COPD-HRRP,138.0,,1.044,19.3924,18.5759,30.0,07/01/2021,06/30/2024,4.365257999999997
"COFFEE REGIONAL MEDICAL CENTER, INC",110089,GA,READM-30-HF-HRRP,120.0,,1.0076,19.5448,19.3974,24.0,07/01/2021,06/30/2024,0.723119999999998
"COFFEE REGIONAL MEDICAL CENTER, INC",110089,GA,READM-30-COPD-HRRP,70.0,,1.039,16.1081,15.5032,14.0,07/01/2021,06/30/2024,3.14776
PIEDMONT ROCKDALE HOSPITAL,110091,GA,READM-30-HF-HRRP,249.0,,1.0674,21.3662,20.0174,58.0,07/01/2021,06/30/2024,8.156674000000002
TIFT REGIONAL MEDICAL CENTER,110095,GA,READM-30-PN-HRRP,219.0,,1.0582,16.0969,15.2123,39.0,07/01/2021,06/30/2024,5.6850629999999995
TIFT REGIONAL MEDICAL CENTER,110095,GA,READM-30-HF-HRRP,214.0,,1.0254,19.7142,19.2264,44.0,07/01/2021,06/30/2024,2.8555039999999963
TIFT REGIONAL MEDICAL CENTER,110095,GA,READM-30-COPD-HRRP,109.0,,1.0062,18.8421,18.7256,21.0,07/01/2021,06/30/2024,0.5890959999999978
CRISP REGIONAL HOSPITAL,110104,GA,READM-30-PN-HRRP,116.0,,1.1089,17.2397,15.5462,27.0,07/01/2021,06/30/2024,8.966407999999998
COLQUITT REGIONAL MEDICAL CENTER,110105,GA,READM-30-PN-HRRP,149.0,,1.1462,16.7134,14.5812,34.0,07/01/2021,06/30/2024,12.274011999999999
COLQUITT REGIONAL MEDICAL CENTER,110105,GA,READM-30-HF-HRRP,191.0,,1.0998,20.9826,19.0789,47.0,07/01/2021,06/30/2024,10.559300999999998
COLQUITT REGIONAL MEDICAL CENTER,110105,GA,READM-30-COPD-HRRP,84.0,,1.0713,18.8832,17.6261,21.0,07/01/2021,06/30/2024,6.194075999999999
ATRIUM HEALTH NAVICENT THE MEDICAL CENTER,110107,GA,READM-30-PN-HRRP,359.0,,1.0589,18.1297,17.121,69.0,07/01/2021,06/30/2024,7.535610000000013
ATRIUM HEALTH NAVICENT THE MEDICAL CENTER,110107,GA,READM-30-CABG-HRRP,178.0,,1.0488,10.5459,10.0553,20.0,07/01/2021,06/30/2024,2.1015659999999983
UNIVERSITY MCDUFFIE COUNTY REGIONAL MEDICAL CENTER,110111,GA,READM-30-PN-HRRP,50.0,,1.0645,13.9815,13.1338,11.0,07/01/2021,06/30/2024,4.4331
SGMC HEALTH,110122,GA,READM-30-PN-HRRP,550.0,,1.0786,17.6114,16.3276,102.0,07/01/2021,06/30/2024,12.1982
SGMC HEALTH,110122,GA,READM-30-HF-HRRP,446.0,,1.0693,22.4214,20.9686,105.0,07/01/2021,06/30/2024,11.480044000000007
SGMC HEALTH,110122,GA,READM-30-COPD-HRRP,165.0,,1.0445,19.8109,18.9662,36.0,07/01/2021,06/30/2024,4.705770000000001
SGMC HEALTH,110122,GA,READM-30-AMI-HRRP,204.0,,1.0087,13.5104,13.3941,28.0,07/01/2021,06/30/2024,0.6760359999999999
WAYNE MEMORIAL HOSPITAL,110124,GA,READM-30-PN-HRRP,126.0,,1.0286,15.1918,14.7695,21.0,07/01/2021,06/30/2024,2.3904299999999985
FAIRVIEW PARK HOSPITAL,110125,GA,READM-30-PN-HRRP,345.0,,1.0577,17.1634,16.2265,63.0,07/01/2021,06/30/2024,7.018574999999991
FAIRVIEW PARK HOSPITAL,110125,GA,READM-30-COPD-HRRP,58.0,,1.0348,18.0469,17.4402,13.0,07/01/2021,06/30/2024,2.884684
MEMORIAL HEALTH MEADOWS HOSPITAL,110128,GA,READM-30-HF-HRRP,161.0,,1.0484,18.4129,17.5634,33.0,07/01/2021,06/30/2024,4.7229259999999975
ST FRANCIS HOSPITAL- EMORY HEALTHCARE,110129,GA,READM-30-PN-HRRP,292.0,,1.0015,15.0334,15.0103,44.0,07/01/2021,06/30/2024,0.16992399999999463
ST FRANCIS HOSPITAL- EMORY HEALTHCARE,110129,GA,READM-30-AMI-HRRP,175.0,,1.06,12.6098,11.8959,25.0,07/01/2021,06/30/2024,4.182175000000001
MEMORIAL HOSPITAL AND MANOR,110132,GA,READM-30-PN-HRRP,78.0,,1.0408,14.5847,14.0128,14.0,07/01/2021,06/30/2024,3.070015999999999
WELLSTAR COBB MEDICAL CENTER,110143,GA,READM-30-AMI-HRRP,70.0,,1.0273,13.7582,13.3928,11.0,07/01/2021,06/30/2024,1.6250400000000003
NORTHSIDE HOSPITAL,110161,GA,READM-30-PN-HRRP,413.0,,1.0855,17.0631,15.7187,76.0,07/01/2021,06/30/2024,11.081769000000008
NORTHSIDE HOSPITAL,110161,GA,READM-30-COPD-HRRP,75.0,,1.0845,17.5898,16.2197,19.0,07/01/2021,06/30/2024,6.835224999999999
NORTHSIDE HOSPITAL,110161,GA,READM-30-AMI-HRRP,60.0,,1.0498,14.1976,13.5236,11.0,07/01/2021,06/30/2024,2.88584
"COLISEUM MEDICAL CENTERS, LLC, DBA",110164,GA,READM-30-PN-HRRP,271.0,,1.0289,16.6354,16.1675,47.0,07/01/2021,06/30/2024,3.1860749999999953
"COLISEUM MEDICAL CENTERS, LLC, DBA",110164,GA,READM-30-HF-HRRP,193.0,,1.0512,21.4141,20.3702,45.0,07/01/2021,06/30/2024,5.685513999999998
"COLISEUM MEDICAL CENTERS, LLC, DBA",110164,GA,READM-30-COPD-HRRP,86.0,,1.0031,18.3348,18.2775,16.0,07/01/2021,06/30/2024,0.28134999999999977
SOUTHERN REGIONAL MEDICAL CENTER,110165,GA,READM-30-PN-HRRP,68.0,,1.059,16.3971,15.4835,15.0,07/01/2021,06/30/2024,4.471220000000001
SOUTHERN REGIONAL MEDICAL CENTER,110165,GA,READM-30-HF-HRRP,72.0,,1.0429,19.4024,18.6044,17.0,07/01/2021,06/30/2024,3.604832000000002
ADVENTHEALTH REDMOND,110168,GA,READM-30-PN-HRRP,442.0,,1.0648,18.2638,17.1524,85.0,07/01/2021,06/30/2024,9.186391999999998
ADVENTHEALTH REDMOND,110168,GA,READM-30-CABG-HRRP,117.0,,1.0378,11.9912,11.5543,15.0,07/01/2021,06/30/2024,1.4814690000000006
ADVENTHEALTH REDMOND,110168,GA,READM-30-AMI-HRRP,315.0,,1.0492,15.3993,14.6774,51.0,07/01/2021,06/30/2024,4.766189999999995
DOCTORS HOSPITAL,110177,GA,READM-30-HF-HRRP,178.0,,1.0127,20.2642,20.0091,37.0,07/01/2021,06/30/2024,1.3838020000000029
DOCTORS HOSPITAL,110177,GA,READM-30-COPD-HRRP,83.0,,1.0229,18.472,18.0584,17.0,07/01/2021,06/30/2024,2.011528
PIEDMONT HENRY HOSPITAL,110191,GA,READM-30-PN-HRRP,283.0,,1.1682,19.8603,17.001,67.0,07/01/2021,06/30/2024,18.88716999999999
PIEDMONT HENRY HOSPITAL,110191,GA,READM-30-COPD-HRRP,87.0,,1.0167,18.1365,17.8384,17.0,07/01/2021,06/30/2024,1.4805920000000015
PIEDMONT EASTSIDE MEDICAL CENTER,110192,GA,READM-30-PN-HRRP,219.0,,1.0957,16.3995,14.967,42.0,07/01/2021,06/30/2024,9.222270000000002
PIEDMONT EASTSIDE MEDICAL CENTER,110192,GA,READM-30-COPD-HRRP,87.0,,1.0015,17.1186,17.0938,15.0,07/01/2021,06/30/2024,0.12839400000000012
WELLSTAR NORTH FULTON MEDICAL CENTER,110198,GA,READM-30-AMI-HRRP,84.0,,1.0231,11.7573,11.4922,11.0,07/01/2021,06/30/2024,1.346551999999999
PIEDMONT MACON NORTH HOSPITAL,110201,GA,READM-30-HF-HRRP,91.0,,1.0738,18.6113,17.3327,22.0,07/01/2021,06/30/2024,6.227243000000001
PIEDMONT FAYETTE HOSPITAL,110215,GA,READM-30-PN-HRRP,475.0,,1.0448,15.8064,15.1282,78.0,07/01/2021,06/30/2024,6.141050000000007
PIEDMONT FAYETTE HOSPITAL,110215,GA,READM-30-HF-HRRP,689.0,,1.0594,20.2929,19.1544,144.0,07/01/2021,06/30/2024,12.026184
PIEDMONT FAYETTE HOSPITAL,110215,GA,READM-30-COPD-HRRP,115.0,,1.0225,16.8619,16.4913,21.0,07/01/2021,06/30/2024,2.0350050000000017
PIEDMONT MOUNTAINSIDE HOSPITAL INC,110225,GA,READM-30-HF-HRRP,263.0,,1.0275,20.5411,19.992,56.0,07/01/2021,06/30/2024,3.421039999999998
PIEDMONT MOUNTAINSIDE HOSPITAL INC,110225,GA,READM-30-COPD-HRRP,54.0,,1.038,17.2051,16.576,12.0,07/01/2021,06/30/2024,3.0489599999999992
EMORY HILLANDALE HOSPITAL,110226,GA,READM-30-HF-HRRP,77.0,,1.1152,19.732,17.6933,23.0,07/01/2021,06/30/2024,9.376159
"PIEDMONT NEWNAN HOSPITAL, INC",110229,GA,READM-30-COPD-HRRP,91.0,,1.0059,18.2095,18.1027,17.0,07/01/2021,06/30/2024,0.5265430000000002
EMORY JOHNS CREEK HOSPITAL,110230,GA,READM-30-COPD-HRRP,57.0,,1.0425,19.1394,18.3594,14.0,07/01/2021,06/30/2024,3.5351420000000005
NORTHSIDE HOSPITAL DULUTH,110252,GA,READM-30-PN-HRRP,187.0,,1.0069,15.7983,15.6904,30.0,07/01/2021,06/30/2024,0.6589519999999958
NORTHSIDE HOSPITAL DULUTH,110252,GA,READM-30-COPD-HRRP,58.0,,1.0933,21.0381,19.2422,19.0,07/01/2021,06/30/2024,7.839523999999999
THE QUEENS MEDICAL CENTER,120001,HI,READM-30-PN-HRRP,695.0,,1.0503,15.789,15.0323,113.0,07/01/2021,06/30/2024,8.525515000000013
THE QUEENS MEDICAL CENTER,120001,HI,READM-30-CABG-HRRP,101.0,,1.0205,10.3742,10.1657,11.0,07/01/2021,06/30/2024,0.7326429999999995
THE QUEENS MEDICAL CENTER,120001,HI,READM-30-AMI-HRRP,257.0,,1.0051,14.2956,14.2232,37.0,07/01/2021,06/30/2024,0.44637600000000077
MAUI MEMORIAL MEDICAL CENTER,120002,HI,READM-30-AMI-HRRP,83.0,,1.0153,12.3372,12.1511,11.0,07/01/2021,06/30/2024,0.9145870000000009
HILO BENIOFF MEDICAL CENTER,120005,HI,READM-30-COPD-HRRP,72.0,,1.0217,13.243,12.9621,11.0,07/01/2021,06/30/2024,1.667288000000001
HILO BENIOFF MEDICAL CENTER,120005,HI,READM-30-AMI-HRRP,127.0,,1.0747,12.1205,11.2785,19.0,07/01/2021,06/30/2024,4.676305000000001
ADVENTIST HEALTH CASTLE,120006,HI,READM-30-HF-HRRP,114.0,,1.0025,19.1386,19.0905,22.0,07/01/2021,06/30/2024,0.2368300000000012
KUAKINI MEDICAL CENTER,120007,HI,READM-30-HF-HRRP,118.0,,1.0145,19.4597,19.1819,24.0,07/01/2021,06/30/2024,1.3653580000000005
WILCOX MEMORIAL HOSPITAL,120014,HI,READM-30-HF-HRRP,126.0,,1.1564,20.2485,17.5095,36.0,07/01/2021,06/30/2024,13.938030000000001
KONA COMMUNITY HOSPITAL,120019,HI,READM-30-PN-HRRP,100.0,,1.0033,12.7892,12.7472,13.0,07/01/2021,06/30/2024,0.2528000000000006
KONA COMMUNITY HOSPITAL,120019,HI,READM-30-HF-HRRP,65.0,,1.0107,15.8003,15.6333,11.0,07/01/2021,06/30/2024,0.838355
STRAUB CLINIC AND HOSPITAL,120022,HI,READM-30-AMI-HRRP,157.0,,1.0328,13.6053,13.1737,23.0,07/01/2021,06/30/2024,2.317291000000001
PALI MOMI MEDICAL CENTER,120026,HI,READM-30-HF-HRRP,231.0,,1.0948,20.1138,18.372,53.0,07/01/2021,06/30/2024,10.560679999999998
SAINT ALPHONSUS MEDICAL CENTER - NAMPA,130013,ID,READM-30-PN-HRRP,117.0,,1.0242,14.9004,14.5486,19.0,07/01/2021,06/30/2024,1.9781380000000013
PORTNEUF MEDICAL CENTER,130028,ID,READM-30-PN-HRRP,247.0,,1.0161,14.9606,14.7243,38.0,07/01/2021,06/30/2024,1.6309790000000035
GRAHAM HOSPITAL ASSOCIATION,140001,IL,READM-30-HF-HRRP,86.0,,1.0344,18.1615,17.5576,18.0,07/01/2021,06/30/2024,2.9004639999999995
ALTON MEMORIAL HOSPITAL,140002,IL,READM-30-PN-HRRP,317.0,,1.0957,17.3008,15.7891,61.0,07/01/2021,06/30/2024,10.948552999999997
ALTON MEMORIAL HOSPITAL,140002,IL,READM-30-HF-HRRP,331.0,,1.1182,22.8634,20.4467,84.0,07/01/2021,06/30/2024,16.321422999999996
SAINT JOSEPH MEDICAL CENTER,140007,IL,READM-30-PN-HRRP,607.0,29,1.0258,17.5061,17.0662,108.0,07/01/2021,06/30/2024,4.4081660000000085
SAINT JOSEPH MEDICAL CENTER,140007,IL,READM-30-HF-HRRP,657.0,29,1.0503,21.516,20.4846,145.0,07/01/2021,06/30/2024,10.416178000000002
SAINT JOSEPH MEDICAL CENTER,140007,IL,READM-30-COPD-HRRP,164.0,29,1.008,18.5365,18.3888,31.0,07/01/2021,06/30/2024,0.8423680000000004
SAINT JOSEPH MEDICAL CENTER,140007,IL,READM-30-AMI-HRRP,192.0,29,1.0537,15.7399,14.938,33.0,07/01/2021,06/30/2024,4.3190399999999975
LOYOLA GOTTLIEB MEMORIAL HOSPITAL,140008,IL,READM-30-PN-HRRP,199.0,,1.0898,17.1759,15.7611,40.0,07/01/2021,06/30/2024,8.635411000000001
LOYOLA GOTTLIEB MEMORIAL HOSPITAL,140008,IL,READM-30-HF-HRRP,335.0,,1.0499,20.4331,19.4628,72.0,07/01/2021,06/30/2024,6.79961999999999
LOYOLA GOTTLIEB MEMORIAL HOSPITAL,140008,IL,READM-30-AMI-HRRP,80.0,,1.1074,17.0592,15.4049,19.0,07/01/2021,06/30/2024,6.676080000000001
NORTHSHORE UNIVERSITY HEALTHSYSTEM - EVANSTON HOSPITAL,140010,IL,READM-30-PN-HRRP,2245.0,,1.0428,16.2222,15.5565,367.0,07/01/2021,06/30/2024,17.756574999999998
NORTHSHORE UNIVERSITY HEALTHSYSTEM - EVANSTON HOSPITAL,140010,IL,READM-30-HF-HRRP,2138.0,,1.0574,20.3434,19.2389,439.0,07/01/2021,06/30/2024,27.67231800000002
HERRIN HOSPITAL,140011,IL,READM-30-PN-HRRP,346.0,,1.0679,16.6445,15.5858,62.0,07/01/2021,06/30/2024,8.073132000000001
HERRIN HOSPITAL,140011,IL,READM-30-HIP-KNEE-HRRP,108.0,,1.3418,7.9027,5.8896,12.0,07/01/2021,06/30/2024,5.639232000000001
HERRIN HOSPITAL,140011,IL,READM-30-HF-HRRP,261.0,,1.0005,20.6759,20.6659,54.0,07/01/2021,06/30/2024,0.06200099999999509
HERRIN HOSPITAL,140011,IL,READM-30-COPD-HRRP,204.0,,1.0679,19.197,17.9761,44.0,07/01/2021,06/30/2024,7.328756000000006
OSF SAINT KATHARINE MEDICAL CENTER,140012,IL,READM-30-HF-HRRP,176.0,,1.0265,18.8251,18.34,35.0,07/01/2021,06/30/2024,2.721599999999995
MT SINAI HOSPITAL MEDICAL CENTER,140018,IL,READM-30-COPD-HRRP,36.0,,1.0437,21.5062,20.6063,11.0,07/01/2021,06/30/2024,3.5817320000000006
COPLEY MEMORIAL HOSPITAL,140029,IL,READM-30-AMI-HRRP,157.0,,1.0503,13.6824,13.0271,24.0,07/01/2021,06/30/2024,3.547453000000001
ADVOCATE SHERMAN HOSPITAL,140030,IL,READM-30-PN-HRRP,547.0,,1.0392,16.3466,15.7295,92.0,07/01/2021,06/30/2024,5.959635000000006
ADVOCATE SHERMAN HOSPITAL,140030,IL,READM-30-HF-HRRP,721.0,,1.0347,20.0456,19.3741,147.0,07/01/2021,06/30/2024,7.312738999999993
ADVOCATE SHERMAN HOSPITAL,140030,IL,READM-30-AMI-HRRP,156.0,,1.0607,13.4627,12.6924,24.0,07/01/2021,06/30/2024,4.199856000000004
ST ANTHONYS MEMORIAL HOSPITAL,140032,IL,READM-30-PN-HRRP,314.0,,1.0118,15.6735,15.4901,50.0,07/01/2021,06/30/2024,1.3610859999999931
ST ANTHONYS MEMORIAL HOSPITAL,140032,IL,READM-30-HF-HRRP,296.0,,1.054,20.6633,19.604,65.0,07/01/2021,06/30/2024,6.972160000000002
SSM HEALTH ST MARY'S HOSPITAL -CENTRALIA,140034,IL,READM-30-PN-HRRP,342.0,,1.1036,17.6551,15.9981,67.0,07/01/2021,06/30/2024,12.286497999999995
SSM HEALTH ST MARY'S HOSPITAL -CENTRALIA,140034,IL,READM-30-COPD-HRRP,110.0,,1.0934,18.5988,17.0096,27.0,07/01/2021,06/30/2024,8.289439999999999
CGH MEDICAL CENTER,140043,IL,READM-30-PN-HRRP,233.0,,1.0866,15.2588,14.0427,41.0,07/01/2021,06/30/2024,8.280509000000002
CGH MEDICAL CENTER,140043,IL,READM-30-HF-HRRP,218.0,,1.0471,19.5839,18.7027,46.0,07/01/2021,06/30/2024,5.228113999999998
CGH MEDICAL CENTER,140043,IL,READM-30-AMI-HRRP,93.0,,1.1346,14.6092,12.8761,20.0,07/01/2021,06/30/2024,8.025227000000001
GOOD SAMARITAN REGIONAL HLTH CENTER,140046,IL,READM-30-COPD-HRRP,134.0,,1.0199,19.0427,18.6703,27.0,07/01/2021,06/30/2024,1.9817979999999977
GOOD SAMARITAN REGIONAL HLTH CENTER,140046,IL,READM-30-AMI-HRRP,212.0,,1.0826,14.1226,13.0446,34.0,07/01/2021,06/30/2024,6.3454479999999975
ADVOCATE TRINITY HOSPITAL,140048,IL,READM-30-PN-HRRP,269.0,,1.0845,18.7469,17.2868,56.0,07/01/2021,06/30/2024,9.498508000000001
ADVOCATE TRINITY HOSPITAL,140048,IL,READM-30-HF-HRRP,640.0,,1.0381,22.3735,21.5528,146.0,07/01/2021,06/30/2024,8.06207999999998
ADVOCATE TRINITY HOSPITAL,140048,IL,READM-30-COPD-HRRP,144.0,,1.1376,21.6256,19.0106,41.0,07/01/2021,06/30/2024,13.624735999999999
WEST SUBURBAN MEDICAL CENTER,140049,IL,READM-30-PN-HRRP,80.0,,1.0004,17.469,17.4627,14.0,07/01/2021,06/30/2024,0.02984000000000009
WEST SUBURBAN MEDICAL CENTER,140049,IL,READM-30-HF-HRRP,130.0,,1.1003,23.694,21.5335,38.0,07/01/2021,06/30/2024,10.006450000000001
OSF SAINT ANTHONY'S HEALTH CENTER,140052,IL,READM-30-HF-HRRP,110.0,,1.0103,17.5253,17.3472,20.0,07/01/2021,06/30/2024,0.9180799999999998
MACNEAL  HOSPITAL,140054,IL,READM-30-PN-HRRP,238.0,,1.0399,16.5432,15.9091,42.0,07/01/2021,06/30/2024,4.136341999999999
MACNEAL  HOSPITAL,140054,IL,READM-30-HF-HRRP,269.0,,1.0609,20.6882,19.5008,60.0,07/01/2021,06/30/2024,7.542847999999999
MACNEAL  HOSPITAL,140054,IL,READM-30-COPD-HRRP,119.0,,1.0693,21.6497,20.2473,31.0,07/01/2021,06/30/2024,6.905713000000002
MACNEAL  HOSPITAL,140054,IL,READM-30-AMI-HRRP,63.0,,1.0804,15.8364,14.6584,14.0,07/01/2021,06/30/2024,4.765208000000001
JERSEY COMMUNITY HOSPITAL,140059,IL,READM-30-PN-HRRP,85.0,,1.028,15.5048,15.083,15.0,07/01/2021,06/30/2024,2.179450000000001
PALOS COMMUNITY HOSPITAL,140062,IL,READM-30-PN-HRRP,1432.0,,1.0938,18.6327,17.035,273.0,07/01/2021,06/30/2024,29.05879999999999
PALOS COMMUNITY HOSPITAL,140062,IL,READM-30-HIP-KNEE-HRRP,281.0,,1.2957,6.7641,5.2203,22.0,07/01/2021,06/30/2024,7.330957
PALOS COMMUNITY HOSPITAL,140062,IL,READM-30-HF-HRRP,1360.0,,1.0614,21.6608,20.4079,299.0,07/01/2021,06/30/2024,21.452560000000005
PALOS COMMUNITY HOSPITAL,140062,IL,READM-30-COPD-HRRP,459.0,,1.0277,19.5926,19.0637,92.0,07/01/2021,06/30/2024,4.497617000000005
PALOS COMMUNITY HOSPITAL,140062,IL,READM-30-AMI-HRRP,341.0,,1.048,15.9901,15.2575,57.0,07/01/2021,06/30/2024,4.971924999999992
RUSH OAK PARK HOSPITAL,140063,IL,READM-30-PN-HRRP,224.0,,1.0554,16.2355,15.3829,40.0,07/01/2021,06/30/2024,5.5423040000000015
RUSH OAK PARK HOSPITAL,140063,IL,READM-30-HF-HRRP,265.0,,1.0148,20.3499,20.0531,55.0,07/01/2021,06/30/2024,1.8592849999999927
ST MARY MEDICAL CENTER,140064,IL,READM-30-PN-HRRP,298.0,,1.0168,14.7338,14.4904,45.0,07/01/2021,06/30/2024,1.8186079999999976
ST MARY MEDICAL CENTER,140064,IL,READM-30-HF-HRRP,237.0,,1.0612,18.4791,17.4135,48.0,07/01/2021,06/30/2024,6.730005000000006
UCHICAGO MEDICINE ADVENTHEALTH LA GRANGE,140065,IL,READM-30-HIP-KNEE-HRRP,255.0,,1.097,7.0237,6.4028,19.0,07/01/2021,06/30/2024,2.67286
SAINT FRANCIS MEDICAL CENTER,140067,IL,READM-30-PN-HRRP,822.0,,1.1165,17.2284,15.4307,149.0,07/01/2021,06/30/2024,22.159645999999995
SAINT FRANCIS MEDICAL CENTER,140067,IL,READM-30-CABG-HRRP,160.0,,1.0917,10.4683,9.5891,19.0,07/01/2021,06/30/2024,3.6574399999999994
ROSELAND COMMUNITY HOSPITAL,140068,IL,READM-30-HF-HRRP,53.0,,1.0052,23.7675,23.6437,13.0,07/01/2021,06/30/2024,0.4688390000000009
SAINT FRANCIS HOSPITAL-EVANSTON,140080,IL,READM-30-PN-HRRP,267.0,29,1.0405,17.3407,16.666,49.0,07/01/2021,06/30/2024,4.501779999999997
SAINT FRANCIS HOSPITAL-EVANSTON,140080,IL,READM-30-HF-HRRP,152.0,29,1.0941,21.945,20.0573,40.0,07/01/2021,06/30/2024,9.512903999999999
SAINT FRANCIS HOSPITAL-EVANSTON,140080,IL,READM-30-COPD-HRRP,48.0,29,1.0534,22.7369,21.585,15.0,07/01/2021,06/30/2024,4.639199999999999
LOUIS A WEISS MEMORIAL HOSPITAL,140082,IL,READM-30-PN-HRRP,169.0,,1.0581,20.1184,19.013,38.0,07/01/2021,06/30/2024,5.868029999999997
LOUIS A WEISS MEMORIAL HOSPITAL,140082,IL,READM-30-HIP-KNEE-HRRP,106.0,,1.4155,6.64,4.691,11.0,07/01/2021,06/30/2024,6.02754
LOUIS A WEISS MEMORIAL HOSPITAL,140082,IL,READM-30-HF-HRRP,105.0,,1.0441,22.6174,21.6614,27.0,07/01/2021,06/30/2024,4.25553
LOUIS A WEISS MEMORIAL HOSPITAL,140082,IL,READM-30-COPD-HRRP,42.0,,1.0419,25.4654,24.4406,14.0,07/01/2021,06/30/2024,3.7349479999999993
VISTA MEDICAL CENTER EAST,140084,IL,READM-30-PN-HRRP,228.0,,1.0343,17.8392,17.2476,43.0,07/01/2021,06/30/2024,3.675471999999999
VISTA MEDICAL CENTER EAST,140084,IL,READM-30-COPD-HRRP,81.0,,1.0186,19.2266,18.8764,17.0,07/01/2021,06/30/2024,1.7101159999999993
THE UNIVERSITY OF CHICAGO MEDICAL CENTER,140088,IL,READM-30-PN-HRRP,291.0,,1.1233,19.2162,17.107,64.0,07/01/2021,06/30/2024,14.218629999999997
THE UNIVERSITY OF CHICAGO MEDICAL CENTER,140088,IL,READM-30-HF-HRRP,705.0,,1.036,22.6025,21.8163,162.0,07/01/2021,06/30/2024,8.195085000000006
THE UNIVERSITY OF CHICAGO MEDICAL CENTER,140088,IL,READM-30-COPD-HRRP,241.0,,1.0066,19.7111,19.5823,48.0,07/01/2021,06/30/2024,0.8066570000000013
THE UNIVERSITY OF CHICAGO MEDICAL CENTER,140088,IL,READM-30-AMI-HRRP,141.0,,1.0432,18.2249,17.4701,28.0,07/01/2021,06/30/2024,3.367159000000001
MC DONOUGH DISTRICT HOSPITAL,140089,IL,READM-30-PN-HRRP,145.0,,1.1684,18.8785,16.1579,38.0,07/01/2021,06/30/2024,14.571044999999994
CARLE FOUNDATION HOSPITAL,140091,IL,READM-30-PN-HRRP,552.0,,1.089,17.7927,16.3389,104.0,07/01/2021,06/30/2024,13.809272000000007
CARLE FOUNDATION HOSPITAL,140091,IL,READM-30-HF-HRRP,838.0,,1.1525,24.3728,21.1474,215.0,07/01/2021,06/30/2024,37.78478799999999
CARLE FOUNDATION HOSPITAL,140091,IL,READM-30-COPD-HRRP,180.0,,1.0501,20.1714,19.2089,40.0,07/01/2021,06/30/2024,5.42398
CARLE FOUNDATION HOSPITAL,140091,IL,READM-30-CABG-HRRP,102.0,,1.05,11.4983,10.9511,13.0,07/01/2021,06/30/2024,1.8298780000000008
CARLE FOUNDATION HOSPITAL,140091,IL,READM-30-AMI-HRRP,314.0,,1.0311,14.4656,14.0287,47.0,07/01/2021,06/30/2024,2.9498820000000023
OSF SACRED HEART MEDICAL CENTER,140093,IL,READM-30-HF-HRRP,185.0,,1.1278,21.7107,19.25,49.0,07/01/2021,06/30/2024,13.387499999999996
OSF SACRED HEART MEDICAL CENTER,140093,IL,READM-30-COPD-HRRP,109.0,,1.0849,20.0599,18.4902,28.0,07/01/2021,06/30/2024,7.845682
MORRIS HOSPITAL & HEALTHCARE CENTERS,140101,IL,READM-30-PN-HRRP,282.0,,1.0312,16.6441,16.1404,49.0,07/01/2021,06/30/2024,3.4840720000000047
MORRIS HOSPITAL & HEALTHCARE CENTERS,140101,IL,READM-30-HF-HRRP,283.0,,1.0662,20.9612,19.6589,64.0,07/01/2021,06/30/2024,8.365313
ST BERNARD HOSPITAL,140103,IL,READM-30-HF-HRRP,34.0,,1.0441,27.7973,26.6233,13.0,07/01/2021,06/30/2024,3.9480780000000006
ST BERNARD HOSPITAL,140103,IL,READM-30-COPD-HRRP,34.0,,1.0969,27.7543,25.303,17.0,07/01/2021,06/30/2024,8.39698
OSF HEART OF MARY MEDICAL CENTER,140113,IL,READM-30-HF-HRRP,154.0,,1.0316,18.6762,18.1036,31.0,07/01/2021,06/30/2024,3.120456000000001
OSF HEART OF MARY MEDICAL CENTER,140113,IL,READM-30-AMI-HRRP,114.0,,1.0443,12.9859,12.4352,17.0,07/01/2021,06/30/2024,2.8238719999999997
SWEDISH HOSPITAL,140114,IL,READM-30-PN-HRRP,353.0,,1.019,17.1994,16.8786,62.0,07/01/2021,06/30/2024,2.418542000000002
SWEDISH HOSPITAL,140114,IL,READM-30-AMI-HRRP,143.0,,1.0254,14.4766,14.1185,22.0,07/01/2021,06/30/2024,1.8105449999999976
NORTHWESTERN MEDICINE MCHENRY,140116,IL,READM-30-PN-HRRP,1137.0,,1.0154,16.9709,16.7134,194.0,07/01/2021,06/30/2024,3.9686419999999885
NORTHWESTERN MEDICINE MCHENRY,140116,IL,READM-30-HIP-KNEE-HRRP,330.0,,1.079,6.6997,6.2091,23.0,07/01/2021,06/30/2024,2.509969999999999
NORTHWESTERN MEDICINE MCHENRY,140116,IL,READM-30-CABG-HRRP,115.0,,1.1516,11.6058,10.0783,17.0,07/01/2021,06/30/2024,5.409954999999998
NORTHWESTERN MEDICINE MCHENRY,140116,IL,READM-30-AMI-HRRP,327.0,,1.0632,14.0248,13.191,49.0,07/01/2021,06/30/2024,5.8654300000000035
AMITA HEALTH RESURRECTION MEDICAL CENTER,140117,IL,READM-30-AMI-HRRP,170.0,29,1.0193,15.2994,15.0091,27.0,07/01/2021,06/30/2024,1.4845299999999995
RUSH UNIVERSITY MEDICAL CENTER,140119,IL,READM-30-HF-HRRP,658.0,,1.0088,23.1518,22.9508,153.0,07/01/2021,06/30/2024,1.9837359999999933
RUSH UNIVERSITY MEDICAL CENTER,140119,IL,READM-30-AMI-HRRP,141.0,,1.0783,19.0503,17.6674,31.0,07/01/2021,06/30/2024,6.088965999999999
CARLE HEALTH PEKIN HOSPITAL,140120,IL,READM-30-HF-HRRP,130.0,,1.0057,18.1535,18.0512,24.0,07/01/2021,06/30/2024,0.5334399999999988
UCHICAGO MEDICINE ADVENTHEALTH HINSDALE,140122,IL,READM-30-COPD-HRRP,112.0,,1.004,18.4812,18.4068,21.0,07/01/2021,06/30/2024,0.3843839999999972
JOHN H STROGER JR HOSPITAL,140124,IL,READM-30-PN-HRRP,50.0,,1.0489,17.5179,16.7015,12.0,07/01/2021,06/30/2024,3.6492500000000003
JOHN H STROGER JR HOSPITAL,140124,IL,READM-30-COPD-HRRP,52.0,,1.0356,23.4481,22.6429,15.0,07/01/2021,06/30/2024,3.2256919999999987
GATEWAY REGIONAL MEDICAL CENTER,140125,IL,READM-30-PN-HRRP,79.0,,1.0043,14.8369,14.774,12.0,07/01/2021,06/30/2024,0.32854000000000205
CARLE BROMENN MEDICAL CENTER,140127,IL,READM-30-PN-HRRP,297.0,,1.0262,15.9192,15.513,49.0,07/01/2021,06/30/2024,2.926390000000005
CARLE BROMENN MEDICAL CENTER,140127,IL,READM-30-HIP-KNEE-HRRP,292.0,,1.5827,7.4284,4.6936,27.0,07/01/2021,06/30/2024,13.294688
CARLE BROMENN MEDICAL CENTER,140127,IL,READM-30-HF-HRRP,341.0,,1.035,20.3786,19.6885,72.0,07/01/2021,06/30/2024,4.862214999999992
CARLE BROMENN MEDICAL CENTER,140127,IL,READM-30-AMI-HRRP,98.0,,1.0492,13.8172,13.1688,16.0,07/01/2021,06/30/2024,3.094576
NORTHWESTERN LAKE FOREST HOSPITAL,140130,IL,READM-30-PN-HRRP,467.0,,1.0336,17.2903,16.7277,83.0,07/01/2021,06/30/2024,4.881641000000002
NORTHWESTERN LAKE FOREST HOSPITAL,140130,IL,READM-30-AMI-HRRP,100.0,,1.0561,14.1969,13.4423,17.0,07/01/2021,06/30/2024,3.5577000000000005
HOLY CROSS HOSPITAL,140133,IL,READM-30-COPD-HRRP,66.0,,1.0643,21.3773,20.0862,19.0,07/01/2021,06/30/2024,5.743107999999999
DECATUR MEMORIAL HOSPITAL,140135,IL,READM-30-COPD-HRRP,232.0,,1.0033,21.0108,20.9414,49.0,07/01/2021,06/30/2024,0.4159519999999972
MEMORIAL MEDICAL CENTER,140148,IL,READM-30-HF-HRRP,585.0,,1.0456,20.4703,19.5779,123.0,07/01/2021,06/30/2024,8.469285
MEMORIAL MEDICAL CENTER,140148,IL,READM-30-AMI-HRRP,419.0,,1.0334,13.9195,13.4702,60.0,07/01/2021,06/30/2024,3.5598620000000025
UNIVERSITY OF ILLINOIS HOSPITAL AND CLINICS,140150,IL,READM-30-HF-HRRP,175.0,,1.0594,22.1065,20.8662,43.0,07/01/2021,06/30/2024,6.48415
INSIGHT HOSPITAL AND MEDICAL CENTER CHICAGO,140158,IL,READM-30-PN-HRRP,57.0,,1.0218,16.709,16.3518,11.0,07/01/2021,06/30/2024,1.6794740000000008
SAINT JAMES HOSPITAL,140161,IL,READM-30-HF-HRRP,107.0,,1.048,16.5976,15.8374,21.0,07/01/2021,06/30/2024,4.053981999999998
ST JOSEPH MEDICAL CENTER,140162,IL,READM-30-PN-HRRP,336.0,,1.0312,14.58,14.1391,51.0,07/01/2021,06/30/2024,3.4926240000000064
ST JOSEPH MEDICAL CENTER,140162,IL,READM-30-HF-HRRP,386.0,,1.104,18.9121,17.1308,80.0,07/01/2021,06/30/2024,13.875111999999987
ST JOSEPH MEDICAL CENTER,140162,IL,READM-30-COPD-HRRP,87.0,,1.0045,14.5779,14.5119,13.0,07/01/2021,06/30/2024,0.3746469999999995
ST JOSEPH MEDICAL CENTER,140162,IL,READM-30-AMI-HRRP,144.0,,1.0035,10.9924,10.9544,16.0,07/01/2021,06/30/2024,0.2256640000000001
MEMORIAL HOSPITAL OF CARBONDALE,140164,IL,READM-30-HF-HRRP,311.0,,1.0652,22.9106,21.5083,76.0,07/01/2021,06/30/2024,9.109187000000006
MEMORIAL HOSPITAL OF CARBONDALE,140164,IL,READM-30-AMI-HRRP,214.0,,1.0711,13.783,12.8675,33.0,07/01/2021,06/30/2024,5.463550000000005
ST MARYS HOSPITAL,140166,IL,READM-30-PN-HRRP,332.0,,1.1273,18.6315,16.5277,70.0,07/01/2021,06/30/2024,15.128035999999994
ST MARYS HOSPITAL,140166,IL,READM-30-HF-HRRP,368.0,,1.0375,21.2766,20.5078,81.0,07/01/2021,06/30/2024,5.531296000000012
ST MARYS HOSPITAL,140166,IL,READM-30-COPD-HRRP,97.0,,1.0467,20.1905,19.2904,23.0,07/01/2021,06/30/2024,4.288311999999998
ST MARYS HOSPITAL,140166,IL,READM-30-AMI-HRRP,78.0,,1.019,14.1369,13.8735,12.0,07/01/2021,06/30/2024,1.1786700000000003
FRANCISCAN HEALTH OLYMPIA & CHICAGO HEIGHTS,140172,IL,READM-30-PN-HRRP,305.0,,1.0215,17.8811,17.505,56.0,07/01/2021,06/30/2024,2.6097500000000053
FRANCISCAN HEALTH OLYMPIA & CHICAGO HEIGHTS,140172,IL,READM-30-HF-HRRP,485.0,,1.0567,22.2428,21.0491,112.0,07/01/2021,06/30/2024,9.911865000000006
FRANCISCAN HEALTH OLYMPIA & CHICAGO HEIGHTS,140172,IL,READM-30-COPD-HRRP,126.0,,1.0539,20.612,19.5584,30.0,07/01/2021,06/30/2024,5.356416000000003
FRANCISCAN HEALTH OLYMPIA & CHICAGO HEIGHTS,140172,IL,READM-30-AMI-HRRP,112.0,,1.0142,14.5366,14.3337,17.0,07/01/2021,06/30/2024,0.9462560000000018
PRESENCE MERCY MEDICAL CENTER,140174,IL,READM-30-HF-HRRP,198.0,29,1.0896,22.0302,20.2191,50.0,07/01/2021,06/30/2024,9.966181999999996
PRESENCE MERCY MEDICAL CENTER,140174,IL,READM-30-COPD-HRRP,51.0,29,1.0883,19.0864,17.5381,16.0,07/01/2021,06/30/2024,7.055569
PRESENCE MERCY MEDICAL CENTER,140174,IL,READM-30-AMI-HRRP,71.0,29,1.0591,15.5168,14.6506,14.0,07/01/2021,06/30/2024,3.5980740000000004
JACKSON PARK HOSPITAL,140177,IL,READM-30-HF-HRRP,40.0,,1.0346,25.7291,24.8685,13.0,07/01/2021,06/30/2024,3.0526
JACKSON PARK HOSPITAL,140177,IL,READM-30-COPD-HRRP,29.0,,1.0474,28.001,26.7339,12.0,07/01/2021,06/30/2024,4.247169
OSF LITTLE COMPANY OF MARY MEDICAL CENTER,140179,IL,READM-30-PN-HRRP,404.0,,1.0921,18.5357,16.9719,81.0,07/01/2021,06/30/2024,12.433523999999991
OSF LITTLE COMPANY OF MARY MEDICAL CENTER,140179,IL,READM-30-HF-HRRP,511.0,,1.118,23.4025,20.9319,128.0,07/01/2021,06/30/2024,21.037991000000005
OSF LITTLE COMPANY OF MARY MEDICAL CENTER,140179,IL,READM-30-COPD-HRRP,152.0,,1.071,21.5163,20.0903,38.0,07/01/2021,06/30/2024,7.462744000000001
OSF LITTLE COMPANY OF MARY MEDICAL CENTER,140179,IL,READM-30-AMI-HRRP,91.0,,1.1116,16.9259,15.226,21.0,07/01/2021,06/30/2024,7.14434
PRESENCE SAINTS MARY AND ELIZABETH MEDICAL CENTER,140180,IL,READM-30-HF-HRRP,161.0,29,1.0714,25.2457,23.5629,46.0,07/01/2021,06/30/2024,8.063731000000004
PRESENCE SAINTS MARY AND ELIZABETH MEDICAL CENTER,140180,IL,READM-30-COPD-HRRP,53.0,29,1.0481,19.7906,18.8831,14.0,07/01/2021,06/30/2024,3.9919569999999993
PRESENCE SAINTS MARY AND ELIZABETH MEDICAL CENTER,140180,IL,READM-30-AMI-HRRP,32.0,29,1.1225,17.9193,15.9639,12.0,07/01/2021,06/30/2024,6.891552
ADVOCATE ILLINOIS MASONIC MEDICAL CENTER,140182,IL,READM-30-HF-HRRP,275.0,,1.087,22.1097,20.3407,67.0,07/01/2021,06/30/2024,11.063075000000005
ADVOCATE ILLINOIS MASONIC MEDICAL CENTER,140182,IL,READM-30-COPD-HRRP,45.0,,1.071,23.5663,22.005,16.0,07/01/2021,06/30/2024,6.09775
HEARTLAND REGIONAL MEDICAL CENTER,140184,IL,READM-30-PN-HRRP,145.0,,1.0589,16.65,15.7231,28.0,07/01/2021,06/30/2024,5.201504999999997
HEARTLAND REGIONAL MEDICAL CENTER,140184,IL,READM-30-HF-HRRP,115.0,,1.0795,22.0126,20.3911,31.0,07/01/2021,06/30/2024,7.550235000000001
HEARTLAND REGIONAL MEDICAL CENTER,140184,IL,READM-30-COPD-HRRP,58.0,,1.0676,22.2118,20.8052,18.0,07/01/2021,06/30/2024,5.932984000000001
MEMORIAL HOSPITAL,140185,IL,READM-30-PN-HRRP,685.0,,1.0045,17.6192,17.5406,121.0,07/01/2021,06/30/2024,0.8468900000000019
MEMORIAL HOSPITAL,140185,IL,READM-30-AMI-HRRP,151.0,,1.0557,15.9867,15.1426,27.0,07/01/2021,06/30/2024,4.134674
RIVERSIDE MEDICAL CENTER,140186,IL,READM-30-AMI-HRRP,115.0,,1.0113,14.2834,14.1235,17.0,07/01/2021,06/30/2024,0.7579750000000018
HSHS ST ELIZABETH'S HOSPITAL,140187,IL,READM-30-COPD-HRRP,86.0,,1.0145,19.6609,19.3795,18.0,07/01/2021,06/30/2024,1.3336299999999994
HSHS ST ELIZABETH'S HOSPITAL,140187,IL,READM-30-AMI-HRRP,253.0,,1.0033,14.5561,14.5076,37.0,07/01/2021,06/30/2024,0.2957719999999995
SARAH BUSH LINCOLN HEALTH CENTER,140189,IL,READM-30-HIP-KNEE-HRRP,301.0,,1.2592,7.0839,5.6259,24.0,07/01/2021,06/30/2024,7.066041000000002
INGALLS MEMORIAL HOSPITAL,140191,IL,READM-30-PN-HRRP,170.0,,1.0243,18.4327,17.9959,33.0,07/01/2021,06/30/2024,2.4069700000000047
INGALLS MEMORIAL HOSPITAL,140191,IL,READM-30-HF-HRRP,503.0,,1.1602,22.8411,19.6872,126.0,07/01/2021,06/30/2024,26.973383999999996
INGALLS MEMORIAL HOSPITAL,140191,IL,READM-30-COPD-HRRP,88.0,,1.0108,18.407,18.211,17.0,07/01/2021,06/30/2024,0.9743199999999987
ELMHURST MEMORIAL HOSPITAL,140200,IL,READM-30-PN-HRRP,759.0,,1.0571,16.8947,15.9815,132.0,07/01/2021,06/30/2024,10.700414999999992
ELMHURST MEMORIAL HOSPITAL,140200,IL,READM-30-HIP-KNEE-HRRP,894.0,,1.0717,5.0574,4.7193,46.0,07/01/2021,06/30/2024,3.8094579999999993
ELMHURST MEMORIAL HOSPITAL,140200,IL,READM-30-HF-HRRP,1124.0,,1.0958,20.6721,18.8646,239.0,07/01/2021,06/30/2024,26.961896000000024
ELMHURST MEMORIAL HOSPITAL,140200,IL,READM-30-CABG-HRRP,96.0,,1.0553,11.0409,10.4619,12.0,07/01/2021,06/30/2024,1.956576
ELMHURST MEMORIAL HOSPITAL,140200,IL,READM-30-AMI-HRRP,181.0,,1.0617,14.3234,13.4908,29.0,07/01/2021,06/30/2024,4.581651999999998
ADVOCATE CONDELL MEDICAL CENTER,140202,IL,READM-30-PN-HRRP,970.0,,1.1126,18.4188,16.5541,186.0,07/01/2021,06/30/2024,25.42523
ADVOCATE CONDELL MEDICAL CENTER,140202,IL,READM-30-COPD-HRRP,267.0,,1.0198,18.93,18.5617,52.0,07/01/2021,06/30/2024,2.4402610000000067
HUMBOLDT PARK HEALTH,140206,IL,READM-30-PN-HRRP,71.0,,1.0431,17.1033,16.396,15.0,07/01/2021,06/30/2024,3.3588400000000007
HUMBOLDT PARK HEALTH,140206,IL,READM-30-HF-HRRP,47.0,,1.0385,23.6057,22.7308,14.0,07/01/2021,06/30/2024,3.316524000000001
ADVOCATE CHRIST HOSPITAL & MEDICAL CENTER,140208,IL,READM-30-PN-HRRP,572.0,,1.1074,19.392,17.5111,118.0,07/01/2021,06/30/2024,17.83650800000001
ADVOCATE CHRIST HOSPITAL & MEDICAL CENTER,140208,IL,READM-30-HIP-KNEE-HRRP,169.0,,1.3511,7.9656,5.8958,17.0,07/01/2021,06/30/2024,7.036097999999999
ADVOCATE CHRIST HOSPITAL & MEDICAL CENTER,140208,IL,READM-30-COPD-HRRP,243.0,,1.0502,21.4823,20.4548,56.0,07/01/2021,06/30/2024,6.294836000000004
ADVOCATE CHRIST HOSPITAL & MEDICAL CENTER,140208,IL,READM-30-CABG-HRRP,175.0,,1.1633,15.3363,13.1831,31.0,07/01/2021,06/30/2024,7.929575
ADVOCATE CHRIST HOSPITAL & MEDICAL CENTER,140208,IL,READM-30-AMI-HRRP,309.0,,1.0854,17.3592,15.993,58.0,07/01/2021,06/30/2024,8.581629999999997
CARLE HEALTH METHODIST HOSPITAL,140209,IL,READM-30-PN-HRRP,340.0,,1.038,17.1999,16.5702,61.0,07/01/2021,06/30/2024,4.6613200000000035
CARLE HEALTH METHODIST HOSPITAL,140209,IL,READM-30-HF-HRRP,345.0,,1.0891,21.6588,19.8867,81.0,07/01/2021,06/30/2024,12.390884999999997
CARLE HEALTH METHODIST HOSPITAL,140209,IL,READM-30-COPD-HRRP,111.0,,1.0304,19.5834,19.0054,24.0,07/01/2021,06/30/2024,2.9040059999999954
NORTHWESTERN MEDICINE DELNOR COMMUNITY HOSPITAL,140211,IL,READM-30-PN-HRRP,430.0,,1.004,15.751,15.6877,68.0,07/01/2021,06/30/2024,0.5428899999999999
NORTHWESTERN MEDICINE DELNOR COMMUNITY HOSPITAL,140211,IL,READM-30-COPD-HRRP,126.0,,1.01,17.6777,17.5036,23.0,07/01/2021,06/30/2024,0.9454640000000012
NORTHWESTERN MEDICINE DELNOR COMMUNITY HOSPITAL,140211,IL,READM-30-AMI-HRRP,132.0,,1.0379,12.2366,11.7898,18.0,07/01/2021,06/30/2024,2.4374640000000003
SILVER CROSS HOSPITAL  AND MEDICAL CENTERS,140213,IL,READM-30-PN-HRRP,1110.0,,1.1266,18.3648,16.3015,212.0,07/01/2021,06/30/2024,31.053349999999966
SILVER CROSS HOSPITAL  AND MEDICAL CENTERS,140213,IL,READM-30-HF-HRRP,1136.0,,1.08,21.4202,19.8338,249.0,07/01/2021,06/30/2024,23.688031999999993
SILVER CROSS HOSPITAL  AND MEDICAL CENTERS,140213,IL,READM-30-COPD-HRRP,307.0,,1.0107,17.6623,17.4754,55.0,07/01/2021,06/30/2024,1.350522000000005
ADVOCATE LUTHERAN GENERAL HOSPITAL,140223,IL,READM-30-PN-HRRP,1099.0,,1.0675,19.1477,17.9376,215.0,07/01/2021,06/30/2024,17.865775999999983
ADVOCATE LUTHERAN GENERAL HOSPITAL,140223,IL,READM-30-COPD-HRRP,175.0,,1.0067,19.7091,19.5777,35.0,07/01/2021,06/30/2024,0.739024999999998
ADVOCATE LUTHERAN GENERAL HOSPITAL,140223,IL,READM-30-CABG-HRRP,75.0,,1.1092,11.0492,9.961,11.0,07/01/2021,06/30/2024,3.5292499999999993
PRESENCE SAINT JOSEPH HOSPITAL - CHICAGO,140224,IL,READM-30-PN-HRRP,102.0,29,1.0152,16.649,16.3991,18.0,07/01/2021,06/30/2024,1.2729180000000007
UW HEALTH,140228,IL,READM-30-PN-HRRP,492.0,,1.0209,16.3837,16.0482,82.0,07/01/2021,06/30/2024,3.0428560000000004
UW HEALTH,140228,IL,READM-30-HF-HRRP,435.0,,1.1372,22.8594,20.1006,109.0,07/01/2021,06/30/2024,21.562390000000008
UW HEALTH,140228,IL,READM-30-COPD-HRRP,153.0,,1.0235,18.478,18.0543,30.0,07/01/2021,06/30/2024,2.3769209999999994
UW HEALTH,140228,IL,READM-30-CABG-HRRP,65.0,,1.1145,12.5273,11.2401,11.0,07/01/2021,06/30/2024,3.6939349999999997
UW HEALTH,140228,IL,READM-30-AMI-HRRP,167.0,,1.1322,14.2086,12.5499,30.0,07/01/2021,06/30/2024,9.041667
EDWARD HOSPITAL,140231,IL,READM-30-HIP-KNEE-HRRP,309.0,,1.1499,5.634,4.8995,19.0,07/01/2021,06/30/2024,3.860545
EDWARD HOSPITAL,140231,IL,READM-30-HF-HRRP,1065.0,,1.0381,20.682,19.9232,223.0,07/01/2021,06/30/2024,10.817919999999987
EDWARD HOSPITAL,140231,IL,READM-30-COPD-HRRP,294.0,,1.0681,20.0781,18.7988,64.0,07/01/2021,06/30/2024,8.731528000000004
EDWARD HOSPITAL,140231,IL,READM-30-CABG-HRRP,118.0,,1.0747,10.2938,9.5781,14.0,07/01/2021,06/30/2024,2.6978420000000014
EDWARD HOSPITAL,140231,IL,READM-30-AMI-HRRP,213.0,,1.0982,14.1698,12.9026,35.0,07/01/2021,06/30/2024,7.517461999999998
SAINT ANTHONY MEDICAL CENTER,140233,IL,READM-30-PN-HRRP,484.0,,1.0897,17.7986,16.3329,92.0,07/01/2021,06/30/2024,12.948764000000011
SAINT ANTHONY MEDICAL CENTER,140233,IL,READM-30-HIP-KNEE-HRRP,150.0,,1.3518,6.9935,5.1734,14.0,07/01/2021,06/30/2024,6.2399
SAINT ANTHONY MEDICAL CENTER,140233,IL,READM-30-HF-HRRP,519.0,,1.0249,19.5031,19.0287,103.0,07/01/2021,06/30/2024,4.241046999999995
SAINT ANTHONY MEDICAL CENTER,140233,IL,READM-30-CABG-HRRP,79.0,,1.1934,13.1183,10.9926,15.0,07/01/2021,06/30/2024,6.3158460000000005
SAINT ANTHONY MEDICAL CENTER,140233,IL,READM-30-AMI-HRRP,205.0,,1.0095,13.4237,13.297,28.0,07/01/2021,06/30/2024,0.7411499999999975
NORTHWESTERN MEDICINE CENTRAL DUPAGE HOSPITAL,140242,IL,READM-30-PN-HRRP,685.0,,1.0594,17.2388,16.2725,122.0,07/01/2021,06/30/2024,10.533374999999992
NORTHWESTERN MEDICINE CENTRAL DUPAGE HOSPITAL,140242,IL,READM-30-COPD-HRRP,189.0,,1.0129,16.9673,16.7516,33.0,07/01/2021,06/30/2024,1.3394760000000012
COMMUNITY FIRST MEDICAL CENTER,140251,IL,READM-30-HF-HRRP,191.0,,1.0346,22.2223,21.479,45.0,07/01/2021,06/30/2024,3.975110000000001
NORTHWEST COMMUNITY HOSPITAL 1,140252,IL,READM-30-COPD-HRRP,297.0,,1.0155,17.7993,17.528,54.0,07/01/2021,06/30/2024,1.9418399999999991
NORTHWEST COMMUNITY HOSPITAL 1,140252,IL,READM-30-CABG-HRRP,127.0,,1.0657,10.5209,9.8726,15.0,07/01/2021,06/30/2024,2.461797999999998
NORTHWEST COMMUNITY HOSPITAL 1,140252,IL,READM-30-AMI-HRRP,312.0,,1.1094,14.0104,12.6284,49.0,07/01/2021,06/30/2024,9.599392000000009
ALEXIAN BROTHERS MEDICAL CENTER 1,140258,IL,READM-30-PN-HRRP,580.0,29,1.0148,16.8974,16.6512,99.0,07/01/2021,06/30/2024,2.4230400000000003
ALEXIAN BROTHERS MEDICAL CENTER 1,140258,IL,READM-30-HIP-KNEE-HRRP,295.0,29,1.0648,5.5184,5.1824,17.0,07/01/2021,06/30/2024,1.7119199999999992
ALEXIAN BROTHERS MEDICAL CENTER 1,140258,IL,READM-30-HF-HRRP,791.0,29,1.032,20.6934,20.0513,166.0,07/01/2021,06/30/2024,7.394216999999969
ALEXIAN BROTHERS MEDICAL CENTER 1,140258,IL,READM-30-COPD-HRRP,136.0,29,1.081,19.2221,17.7814,32.0,07/01/2021,06/30/2024,7.817295999999995
ALEXIAN BROTHERS MEDICAL CENTER 1,140258,IL,READM-30-AMI-HRRP,175.0,29,1.0179,13.7676,13.5251,25.0,07/01/2021,06/30/2024,1.3310749999999985
LOYOLA UNIVERSITY MEDICAL CENTER,140276,IL,READM-30-PN-HRRP,250.0,,1.0261,16.9003,16.4709,44.0,07/01/2021,06/30/2024,2.822749999999999
LOYOLA UNIVERSITY MEDICAL CENTER,140276,IL,READM-30-COPD-HRRP,82.0,,1.1036,21.2224,19.2295,25.0,07/01/2021,06/30/2024,9.231809999999998
LOYOLA UNIVERSITY MEDICAL CENTER,140276,IL,READM-30-CABG-HRRP,127.0,,1.0641,12.0913,11.3625,17.0,07/01/2021,06/30/2024,2.5696250000000003
LOYOLA UNIVERSITY MEDICAL CENTER,140276,IL,READM-30-AMI-HRRP,149.0,,1.0697,17.0399,15.9293,29.0,07/01/2021,06/30/2024,5.265343000000001
TRINITY ROCK ISLAND,140280,IL,READM-30-PN-HRRP,436.0,,1.1355,17.0853,15.0465,83.0,07/01/2021,06/30/2024,17.397260000000003
TRINITY ROCK ISLAND,140280,IL,READM-30-COPD-HRRP,136.0,,1.0076,16.5088,16.3843,23.0,07/01/2021,06/30/2024,0.7173520000000018
TRINITY ROCK ISLAND,140280,IL,READM-30-AMI-HRRP,215.0,,1.0146,11.2975,11.1352,25.0,07/01/2021,06/30/2024,1.0593200000000031
NORTHWESTERN MEMORIAL HOSPITAL,140281,IL,READM-30-PN-HRRP,796.0,,1.0415,18.7412,17.9948,152.0,07/01/2021,06/30/2024,8.761391999999972
NORTHWESTERN MEMORIAL HOSPITAL,140281,IL,READM-30-HIP-KNEE-HRRP,482.0,,1.0332,5.7315,5.5474,28.0,07/01/2021,06/30/2024,1.2615320000000025
NORTHWESTERN MEMORIAL HOSPITAL,140281,IL,READM-30-COPD-HRRP,174.0,,1.0843,23.2836,21.4724,47.0,07/01/2021,06/30/2024,9.638024000000001
NORTHWESTERN MEDICINE KISHWAUKEE HOSPITAL,140286,IL,READM-30-COPD-HRRP,125.0,,1.0364,19.4529,18.7691,27.0,07/01/2021,06/30/2024,3.538624999999996
ADVOCATE GOOD SAMARITAN HOSPITAL,140288,IL,READM-30-HF-HRRP,942.0,,1.0494,20.5386,19.5711,197.0,07/01/2021,06/30/2024,12.640237999999982
ADVOCATE GOOD SAMARITAN HOSPITAL,140288,IL,READM-30-CABG-HRRP,159.0,,1.0624,10.9617,10.3181,19.0,07/01/2021,06/30/2024,2.594221000000001
ANDERSON HOSPITAL,140289,IL,READM-30-PN-HRRP,337.0,,1.0639,16.5761,15.5811,60.0,07/01/2021,06/30/2024,7.491692999999998
ANDERSON HOSPITAL,140289,IL,READM-30-COPD-HRRP,98.0,,1.0629,18.8739,17.7568,23.0,07/01/2021,06/30/2024,5.598336000000003
ST ALEXIUS MEDICAL CENTER,140290,IL,READM-30-PN-HRRP,443.0,29,1.0605,19.3821,18.2771,90.0,07/01/2021,06/30/2024,9.03244699999999
ADVOCATE GOOD SHEPHERD HOSPITAL,140291,IL,READM-30-PN-HRRP,740.0,,1.0502,17.3887,16.558,132.0,07/01/2021,06/30/2024,9.470799999999997
ADVOCATE GOOD SHEPHERD HOSPITAL,140291,IL,READM-30-COPD-HRRP,180.0,,1.0318,18.7137,18.1365,36.0,07/01/2021,06/30/2024,3.354299999999995
ADVOCATE GOOD SHEPHERD HOSPITAL,140291,IL,READM-30-CABG-HRRP,112.0,,1.1049,11.9518,10.8173,16.0,07/01/2021,06/30/2024,3.8846240000000005
UCHICAGO MEDICINE ADVENTHEALTH GLENOAKS,140292,IL,READM-30-PN-HRRP,141.0,,1.0159,16.2711,16.0167,24.0,07/01/2021,06/30/2024,1.4164530000000006
UCHICAGO MEDICINE ADVENTHEALTH GLENOAKS,140292,IL,READM-30-HF-HRRP,89.0,,1.0313,19.9407,19.3352,20.0,07/01/2021,06/30/2024,2.791672000000002
UCHICAGO MEDICINE ADVENTHEALTH GLENOAKS,140292,IL,READM-30-COPD-HRRP,45.0,,1.0278,21.9026,21.3107,12.0,07/01/2021,06/30/2024,2.4101849999999985
DEACONESS ILLINOIS CROSSROADS,140294,IL,READM-30-PN-HRRP,58.0,,1.0384,14.7122,14.1679,11.0,07/01/2021,06/30/2024,2.7826179999999994
UCHICAGO MEDICINE ADVENTHEALTH BOLINGBROOK,140304,IL,READM-30-PN-HRRP,194.0,,1.0049,16.8408,16.7593,33.0,07/01/2021,06/30/2024,0.48695800000000133
UCHICAGO MEDICINE ADVENTHEALTH BOLINGBROOK,140304,IL,READM-30-HF-HRRP,204.0,,1.0177,21.4166,21.0451,45.0,07/01/2021,06/30/2024,2.0679959999999937
UCHICAGO MEDICINE ADVENTHEALTH BOLINGBROOK,140304,IL,READM-30-COPD-HRRP,69.0,,1.0608,19.6858,18.5581,18.0,07/01/2021,06/30/2024,5.194911000000001
JOHNSON MEMORIAL HOSPITAL,150001,IN,READM-30-HF-HRRP,128.0,,1.0198,16.8929,16.5653,23.0,07/01/2021,06/30/2024,1.7964160000000007
METHODIST HOSPITALS INC,150002,IN,READM-30-PN-HRRP,303.0,,1.0551,18.2588,17.3054,59.0,07/01/2021,06/30/2024,6.564638000000002
METHODIST HOSPITALS INC,150002,IN,READM-30-HF-HRRP,402.0,,1.1072,22.2562,20.1014,97.0,07/01/2021,06/30/2024,16.19237199999999
METHODIST HOSPITALS INC,150002,IN,READM-30-COPD-HRRP,145.0,,1.0492,18.9183,18.0313,31.0,07/01/2021,06/30/2024,4.8546149999999955
METHODIST HOSPITALS INC,150002,IN,READM-30-AMI-HRRP,93.0,,1.1299,17.7543,15.7137,23.0,07/01/2021,06/30/2024,8.386259
HENDRICKS REGIONAL HEALTH,150005,IN,READM-30-HF-HRRP,258.0,,1.0066,18.8102,18.687,49.0,07/01/2021,06/30/2024,0.7875399999999999
NORTHWEST HEALTH-LA PORTE,150006,IN,READM-30-PN-HRRP,312.0,,1.1262,17.623,15.648,63.0,07/01/2021,06/30/2024,14.178239999999995
NORTHWEST HEALTH-LA PORTE,150006,IN,READM-30-HF-HRRP,248.0,,1.0631,20.3905,19.1809,55.0,07/01/2021,06/30/2024,7.431367999999999
NORTHWEST HEALTH-LA PORTE,150006,IN,READM-30-COPD-HRRP,114.0,,1.0419,19.2673,18.4933,25.0,07/01/2021,06/30/2024,3.9176379999999966
ST CATHERINE HOSPITAL INC,150008,IN,READM-30-COPD-HRRP,65.0,,1.0845,21.2983,19.6384,20.0,07/01/2021,06/30/2024,7.23504
NORTON CLARK HOSPITAL,150009,IN,READM-30-COPD-HRRP,141.0,,1.0199,20.905,20.4976,31.0,07/01/2021,06/30/2024,2.098384000000003
ASCENSION ST VINCENT KOKOMO,150010,IN,READM-30-PN-HRRP,180.0,29,1.0316,16.0677,15.5753,31.0,07/01/2021,06/30/2024,2.964459999999999
MARION GENERAL HOSPITAL,150011,IN,READM-30-HF-HRRP,231.0,,1.0166,18.54,18.2375,44.0,07/01/2021,06/30/2024,1.8713750000000005
MARION GENERAL HOSPITAL,150011,IN,READM-30-COPD-HRRP,101.0,,1.0828,18.9573,17.507,25.0,07/01/2021,06/30/2024,7.3179300000000005
SAINT JOSEPH REGIONAL MEDICAL CENTER,150012,IN,READM-30-HF-HRRP,458.0,,1.0549,19.6848,18.6608,94.0,07/01/2021,06/30/2024,8.533535999999998
FRANCISCAN HEALTH MICHIGAN CITY,150015,IN,READM-30-PN-HRRP,362.0,,1.0541,16.9765,16.1057,65.0,07/01/2021,06/30/2024,6.6973660000000095
FRANCISCAN HEALTH MICHIGAN CITY,150015,IN,READM-30-HF-HRRP,333.0,,1.0378,20.5032,19.7567,71.0,07/01/2021,06/30/2024,5.210189
FRANCISCAN HEALTH MICHIGAN CITY,150015,IN,READM-30-COPD-HRRP,93.0,,1.0274,18.2467,17.7606,19.0,07/01/2021,06/30/2024,2.4826419999999985
FRANCISCAN HEALTH MICHIGAN CITY,150015,IN,READM-30-AMI-HRRP,125.0,,1.1842,15.4396,13.0376,28.0,07/01/2021,06/30/2024,11.703
ELKHART GENERAL HOSPITAL,150018,IN,READM-30-HF-HRRP,303.0,,1.0517,19.5972,18.6332,63.0,07/01/2021,06/30/2024,6.541404
ELKHART GENERAL HOSPITAL,150018,IN,READM-30-CABG-HRRP,111.0,,1.0319,10.9738,10.6346,13.0,07/01/2021,06/30/2024,1.195593999999998
PARKVIEW REGIONAL MEDICAL CENTER,150021,IN,READM-30-HF-HRRP,727.0,,1.0275,20.4967,19.9475,151.0,07/01/2021,06/30/2024,5.981674999999996
PARKVIEW REGIONAL MEDICAL CENTER,150021,IN,READM-30-COPD-HRRP,247.0,,1.0904,19.6502,18.0214,55.0,07/01/2021,06/30/2024,10.487142000000006
PARKVIEW REGIONAL MEDICAL CENTER,150021,IN,READM-30-CABG-HRRP,129.0,,1.0355,10.1535,9.8053,14.0,07/01/2021,06/30/2024,1.3511629999999997
FRANCISCAN HEALTH CRAWFORDSVILLE,150022,IN,READM-30-PN-HRRP,103.0,,1.0408,16.7998,16.1419,20.0,07/01/2021,06/30/2024,3.373843000000001
UNION HOSPITAL INC,150023,IN,READM-30-PN-HRRP,934.0,,1.0877,18.6535,17.1497,180.0,07/01/2021,06/30/2024,19.82180200000002
UNION HOSPITAL INC,150023,IN,READM-30-HF-HRRP,803.0,,1.1008,23.3843,21.2427,195.0,07/01/2021,06/30/2024,24.421119000000004
ESKENAZI HEALTH,150024,IN,READM-30-PN-HRRP,92.0,,1.0681,19.933,18.6618,23.0,07/01/2021,06/30/2024,5.831143999999998
ESKENAZI HEALTH,150024,IN,READM-30-HF-HRRP,167.0,,1.0196,20.7039,20.3058,36.0,07/01/2021,06/30/2024,2.0893139999999946
ESKENAZI HEALTH,150024,IN,READM-30-COPD-HRRP,90.0,,1.024,20.2486,19.7731,20.0,07/01/2021,06/30/2024,2.20421
GOSHEN HOSPITAL,150026,IN,READM-30-AMI-HRRP,85.0,,1.0304,12.3674,12.0025,12.0,07/01/2021,06/30/2024,1.7978750000000012
HENRY COUNTY MEMORIAL HOSPITAL,150030,IN,READM-30-PN-HRRP,155.0,,1.0486,13.5272,12.9007,24.0,07/01/2021,06/30/2024,4.003914999999999
HENRY COUNTY MEMORIAL HOSPITAL,150030,IN,READM-30-COPD-HRRP,89.0,,1.0599,19.7734,18.6556,22.0,07/01/2021,06/30/2024,5.396515999999998
ST MARY MEDICAL CENTER INC,150034,IN,READM-30-HF-HRRP,464.0,,1.0165,21.0752,20.7325,99.0,07/01/2021,06/30/2024,2.8011999999999944
ST MARY MEDICAL CENTER INC,150034,IN,READM-30-CABG-HRRP,61.0,,1.18,14.04,11.8987,13.0,07/01/2021,06/30/2024,5.741793
ST MARY MEDICAL CENTER INC,150034,IN,READM-30-AMI-HRRP,112.0,,1.0022,13.2914,13.2617,15.0,07/01/2021,06/30/2024,0.1468960000000017
NORTHWEST HEALTH - PORTER,150035,IN,READM-30-HF-HRRP,611.0,,1.0894,22.5248,20.6764,144.0,07/01/2021,06/30/2024,17.667196000000004
HANCOCK REGIONAL HOSPITAL,150037,IN,READM-30-HF-HRRP,86.0,,1.0154,17.3553,17.0918,16.0,07/01/2021,06/30/2024,1.3010520000000003
HANCOCK REGIONAL HOSPITAL,150037,IN,READM-30-COPD-HRRP,144.0,,1.0356,19.0157,18.3624,30.0,07/01/2021,06/30/2024,3.5581439999999986
GOOD SAMARITAN HOSPITAL,150042,IN,READM-30-PN-HRRP,397.0,,1.0677,15.286,14.3169,65.0,07/01/2021,06/30/2024,8.161907000000006
GOOD SAMARITAN HOSPITAL,150042,IN,READM-30-HF-HRRP,322.0,,1.0809,19.3955,17.9434,68.0,07/01/2021,06/30/2024,10.222251999999997
BAPTIST HEALTH FLOYD,150044,IN,READM-30-PN-HRRP,835.0,,1.059,18.3289,17.3075,157.0,07/01/2021,06/30/2024,12.48237499999999
BAPTIST HEALTH FLOYD,150044,IN,READM-30-COPD-HRRP,326.0,,1.0262,20.864,20.3308,70.0,07/01/2021,06/30/2024,3.721592000000001
PARKVIEW DEKALB HOSPITAL,150045,IN,READM-30-HF-HRRP,62.0,,1.0469,18.9395,18.0916,15.0,07/01/2021,06/30/2024,3.783208
TERRE HAUTE REGIONAL HOSPITAL,150046,IN,READM-30-PN-HRRP,219.0,,1.074,18.3178,17.0557,45.0,07/01/2021,06/30/2024,7.648016999999996
TERRE HAUTE REGIONAL HOSPITAL,150046,IN,READM-30-HF-HRRP,172.0,,1.087,21.9985,20.2384,44.0,07/01/2021,06/30/2024,9.189952000000005
TERRE HAUTE REGIONAL HOSPITAL,150046,IN,READM-30-COPD-HRRP,66.0,,1.0787,17.5236,16.2457,17.0,07/01/2021,06/30/2024,6.277838000000001
TERRE HAUTE REGIONAL HOSPITAL,150046,IN,READM-30-AMI-HRRP,124.0,,1.0374,13.8179,13.3201,19.0,07/01/2021,06/30/2024,2.483075999999997
REID HEALTH,150048,IN,READM-30-PN-HRRP,651.0,,1.0584,17.0754,16.1339,115.0,07/01/2021,06/30/2024,9.968311
REID HEALTH,150048,IN,READM-30-AMI-HRRP,245.0,,1.0561,14.365,13.6017,38.0,07/01/2021,06/30/2024,4.675834999999999
INDIANA UNIVERSITY HEALTH,150056,IN,READM-30-CABG-HRRP,82.0,,1.1148,11.2115,10.0571,12.0,07/01/2021,06/30/2024,3.753178
FRANCISCAN HEALTH MOORESVILLE,150057,IN,READM-30-PN-HRRP,176.0,,1.0439,14.8858,14.2599,29.0,07/01/2021,06/30/2024,3.902576
MEMORIAL HOSPITAL OF SOUTH BEND,150058,IN,READM-30-COPD-HRRP,206.0,,1.103,19.2929,17.4907,47.0,07/01/2021,06/30/2024,10.969158
RIVERVIEW HEALTH,150059,IN,READM-30-PN-HRRP,200.0,,1.0469,14.9945,14.3224,33.0,07/01/2021,06/30/2024,4.3552000000000035
RIVERVIEW HEALTH,150059,IN,READM-30-COPD-HRRP,109.0,,1.0429,18.2646,17.5125,23.0,07/01/2021,06/30/2024,3.9113749999999996
NORTON-KING'S DAUGHTERS' HEALTH,150069,IN,READM-30-HF-HRRP,115.0,29,1.0175,18.922,18.5971,23.0,07/01/2021,06/30/2024,1.6133349999999993
NORTON-KING'S DAUGHTERS' HEALTH,150069,IN,READM-30-COPD-HRRP,72.0,29,1.0192,16.1657,15.8611,13.0,07/01/2021,06/30/2024,1.5800079999999994
COMMUNITY HOSPITAL EAST,150074,IN,READM-30-HF-HRRP,577.0,,1.0814,20.6803,19.1229,125.0,07/01/2021,06/30/2024,14.660866999999996
COMMUNITY HOSPITAL EAST,150074,IN,READM-30-COPD-HRRP,132.0,,1.0161,18.7991,18.5005,26.0,07/01/2021,06/30/2024,1.579340000000002
COMMUNITY HOSPITAL EAST,150074,IN,READM-30-AMI-HRRP,291.0,,1.1367,13.932,12.2565,47.0,07/01/2021,06/30/2024,11.333585
DEACONESS HOSPITAL INC,150082,IN,READM-30-HIP-KNEE-HRRP,188.0,,1.2025,8.4125,6.996,18.0,07/01/2021,06/30/2024,4.847519999999998
DEACONESS HOSPITAL INC,150082,IN,READM-30-HF-HRRP,1472.0,,1.0949,21.0854,19.2579,317.0,07/01/2021,06/30/2024,33.52371199999999
DEACONESS HOSPITAL INC,150082,IN,READM-30-CABG-HRRP,164.0,,1.1139,9.9064,8.8931,19.0,07/01/2021,06/30/2024,4.415315999999999
ASCENSION ST VINCENT HOSPITAL,150084,IN,READM-30-HF-HRRP,566.0,29,1.0425,21.3655,20.4945,124.0,07/01/2021,06/30/2024,8.001130000000003
ASCENSION ST VINCENT HOSPITAL,150084,IN,READM-30-AMI-HRRP,116.0,29,1.0345,14.8769,14.3808,19.0,07/01/2021,06/30/2024,2.318271999999997
ST ELIZABETH DEARBORN HOSPITAL,150086,IN,READM-30-HF-HRRP,143.0,,1.0142,20.9531,20.6592,31.0,07/01/2021,06/30/2024,1.457343999999999
ST ELIZABETH DEARBORN HOSPITAL,150086,IN,READM-30-COPD-HRRP,99.0,,1.0501,21.4069,20.3847,25.0,07/01/2021,06/30/2024,4.819147000000001
ASCENSION ST VINCENT ANDERSON,150088,IN,READM-30-PN-HRRP,198.0,29,1.0289,16.2027,15.7476,34.0,07/01/2021,06/30/2024,2.8197519999999976
ASCENSION ST VINCENT ANDERSON,150088,IN,READM-30-HF-HRRP,116.0,29,1.0832,20.8102,19.2109,30.0,07/01/2021,06/30/2024,7.715356000000003
ASCENSION ST VINCENT ANDERSON,150088,IN,READM-30-COPD-HRRP,55.0,29,1.0217,22.3652,21.8892,14.0,07/01/2021,06/30/2024,1.9609400000000008
INDIANA UNIVERSITY HEALTH BALL MEMORIAL HOSPITAL,150089,IN,READM-30-HF-HRRP,665.0,,1.1092,21.8577,19.7062,153.0,07/01/2021,06/30/2024,21.95377000000002
INDIANA UNIVERSITY HEALTH BALL MEMORIAL HOSPITAL,150089,IN,READM-30-AMI-HRRP,195.0,,1.0911,14.6181,13.3978,33.0,07/01/2021,06/30/2024,6.8742899999999985
FRANCISCAN HEALTH DYER,150090,IN,READM-30-HF-HRRP,341.0,,1.0383,22.9921,22.1435,81.0,07/01/2021,06/30/2024,5.490665000000007
FRANCISCAN HEALTH DYER,150090,IN,READM-30-COPD-HRRP,78.0,,1.0087,20.9486,20.7685,17.0,07/01/2021,06/30/2024,0.8005700000000004
FRANCISCAN HEALTH DYER,150090,IN,READM-30-AMI-HRRP,99.0,,1.0515,16.4881,15.6805,19.0,07/01/2021,06/30/2024,3.476305
PARKVIEW HUNTINGTON HOSPITAL,150091,IN,READM-30-PN-HRRP,73.0,,1.1131,15.0983,13.5638,18.0,07/01/2021,06/30/2024,8.098426
MAJOR HOSPITAL,150097,IN,READM-30-HF-HRRP,103.0,,1.0276,22.2847,21.6857,25.0,07/01/2021,06/30/2024,2.663729
MAJOR HOSPITAL,150097,IN,READM-30-COPD-HRRP,78.0,,1.0301,20.1877,19.5973,18.0,07/01/2021,06/30/2024,2.7141059999999992
ASCENSION ST VINCENT EVANSVILLE,150100,IN,READM-30-PN-HRRP,325.0,29,1.0042,16.8364,16.7665,55.0,07/01/2021,06/30/2024,0.5088749999999962
ASCENSION ST VINCENT EVANSVILLE,150100,IN,READM-30-AMI-HRRP,179.0,29,1.0399,13.4242,12.9095,26.0,07/01/2021,06/30/2024,2.8919950000000014
PARKVIEW WHITLEY HOSPITAL,150101,IN,READM-30-HF-HRRP,80.0,,1.0002,17.4837,17.4805,14.0,07/01/2021,06/30/2024,0.015600000000000946
NORTHWEST HEALTH - STARKE,150102,IN,READM-30-HF-HRRP,31.0,,1.0533,22.7293,21.5798,11.0,07/01/2021,06/30/2024,4.310262000000001
WITHAM HEALTH SERVICES,150104,IN,READM-30-PN-HRRP,135.0,,1.0502,15.3778,14.6428,24.0,07/01/2021,06/30/2024,4.232219999999998
FRANCISCAN HEALTH LAFAYETTE,150109,IN,READM-30-COPD-HRRP,90.0,,1.0385,20.1192,19.3726,21.0,07/01/2021,06/30/2024,3.56466
COLUMBUS REGIONAL HOSPITAL,150112,IN,READM-30-COPD-HRRP,164.0,,1.0702,20.6615,19.3061,39.0,07/01/2021,06/30/2024,7.337995999999997
COLUMBUS REGIONAL HOSPITAL,150112,IN,READM-30-AMI-HRRP,196.0,,1.0138,13.4182,13.2351,27.0,07/01/2021,06/30/2024,1.0592040000000011
COMMUNITY HOSPITAL OF ANDERSON AND MADISON COUNTY,150113,IN,READM-30-COPD-HRRP,95.0,,1.0356,19.3624,18.6976,21.0,07/01/2021,06/30/2024,3.2372799999999984
MEMORIAL HOSPITAL AND HEALTH CARE CENTER,150115,IN,READM-30-AMI-HRRP,152.0,,1.0006,10.5076,10.5015,16.0,07/01/2021,06/30/2024,0.0377200000000002
COMMUNITY HOSPITAL,150125,IN,READM-30-PN-HRRP,730.0,,1.0668,18.4304,17.2761,139.0,07/01/2021,06/30/2024,12.884470000000007
COMMUNITY HOSPITAL,150125,IN,READM-30-HF-HRRP,1122.0,,1.1138,23.1645,20.7978,268.0,07/01/2021,06/30/2024,34.648684
COMMUNITY HOSPITAL,150125,IN,READM-30-COPD-HRRP,326.0,,1.0648,20.0276,18.8095,70.0,07/01/2021,06/30/2024,8.681029999999993
FRANCISCAN HEALTH CROWN POINT,150126,IN,READM-30-PN-HRRP,505.0,,1.004,16.3826,16.3174,83.0,07/01/2021,06/30/2024,0.597130000000007
FRANCISCAN HEALTH CROWN POINT,150126,IN,READM-30-HF-HRRP,528.0,,1.0096,19.7548,19.5665,105.0,07/01/2021,06/30/2024,1.6888799999999975
"COMMUNITY HOSPITAL SOUTH, INC.",150128,IN,READM-30-PN-HRRP,287.0,,1.0643,15.9781,15.0133,50.0,07/01/2021,06/30/2024,6.911829000000004
"COMMUNITY HOSPITAL SOUTH, INC.",150128,IN,READM-30-COPD-HRRP,127.0,,1.0158,19.5451,19.2419,26.0,07/01/2021,06/30/2024,1.5627870000000001
KOSCIUSKO COMMUNITY HOSPITAL,150133,IN,READM-30-PN-HRRP,191.0,,1.032,16.1738,15.6722,33.0,07/01/2021,06/30/2024,3.066098
KOSCIUSKO COMMUNITY HOSPITAL,150133,IN,READM-30-COPD-HRRP,57.0,,1.0364,16.5985,16.016,12.0,07/01/2021,06/30/2024,2.8708800000000014
PARKVIEW NOBLE HOSPITAL,150146,IN,READM-30-PN-HRRP,83.0,,1.0843,16.3397,15.069,19.0,07/01/2021,06/30/2024,6.492729999999998
PARKVIEW NOBLE HOSPITAL,150146,IN,READM-30-HF-HRRP,87.0,,1.012,18.5588,18.3378,17.0,07/01/2021,06/30/2024,1.0461139999999993
DUPONT HOSPITAL LLC,150150,IN,READM-30-PN-HRRP,70.0,,1.1035,16.3214,14.7899,18.0,07/01/2021,06/30/2024,7.647069999999999
ASCENSION ST VINCENT CARMEL,150157,IN,READM-30-PN-HRRP,114.0,29,1.0072,15.3706,15.2613,18.0,07/01/2021,06/30/2024,0.6021180000000008
INDIANA UNIVERSITY HEALTH NORTH HOSPITAL,150161,IN,READM-30-HF-HRRP,212.0,,1.044,19.763,18.9299,45.0,07/01/2021,06/30/2024,4.868611999999999
FRANCISCAN HEALTH INDIANAPOLIS,150162,IN,READM-30-PN-HRRP,1033.0,,1.0302,17.5201,17.0067,183.0,07/01/2021,06/30/2024,7.320788999999991
FRANCISCAN HEALTH INDIANAPOLIS,150162,IN,READM-30-COPD-HRRP,161.0,,1.0067,18.9427,18.8161,31.0,07/01/2021,06/30/2024,0.7060790000000026
FRANCISCAN HEALTH INDIANAPOLIS,150162,IN,READM-30-CABG-HRRP,115.0,,1.0758,10.5461,9.8033,14.0,07/01/2021,06/30/2024,2.726205
FRANCISCAN HEALTH INDIANAPOLIS,150162,IN,READM-30-AMI-HRRP,283.0,,1.0283,13.2813,12.9156,39.0,07/01/2021,06/30/2024,2.4488520000000022
FRANCISCAN HEALTH MUNSTER,150165,IN,READM-30-PN-HRRP,149.0,,1.0573,16.9445,16.0265,29.0,07/01/2021,06/30/2024,5.120515000000001
FRANCISCAN HEALTH MUNSTER,150165,IN,READM-30-HF-HRRP,243.0,,1.0966,22.6711,20.674,62.0,07/01/2021,06/30/2024,11.76218
FRANCISCAN HEALTH MUNSTER,150165,IN,READM-30-COPD-HRRP,74.0,,1.0003,18.8865,18.8804,14.0,07/01/2021,06/30/2024,0.028503999999998086
COMMUNITY HOSPITAL NORTH,150169,IN,READM-30-HF-HRRP,262.0,,1.0578,20.579,19.455,58.0,07/01/2021,06/30/2024,7.02790000000001
INDIANA UNIVERSITY HEALTH ARNETT HOSPITAL,150173,IN,READM-30-AMI-HRRP,186.0,,1.0261,13.2783,12.9403,26.0,07/01/2021,06/30/2024,1.931041999999998
UNITYPOINT HEALTH - MARSHALLTOWN,160001,IA,READM-30-HF-HRRP,88.0,,1.034,16.669,16.1201,17.0,07/01/2021,06/30/2024,2.8143119999999993
CHI HEALTH MERCY COUNCIL BLUFFS,160028,IA,READM-30-HF-HRRP,146.0,,1.0304,20.4296,19.8275,32.0,07/01/2021,06/30/2024,3.051849999999998
UNIVERSITY OF IOWA HEALTH CARE MEDICAL CENTER DOWN,160029,IA,READM-30-HF-HRRP,366.0,,1.0729,19.1225,17.8239,75.0,07/01/2021,06/30/2024,9.764526000000004
UNIVERSITY OF IOWA HEALTH CARE MEDICAL CENTER DOWN,160029,IA,READM-30-COPD-HRRP,91.0,,1.0109,17.8093,17.6165,17.0,07/01/2021,06/30/2024,0.968985
UNIVERSITY OF IOWA HEALTH CARE MEDICAL CENTER DOWN,160029,IA,READM-30-AMI-HRRP,177.0,,1.0135,10.9287,10.7831,20.0,07/01/2021,06/30/2024,0.9139130000000009
MARY GREELEY MEDICAL CENTER,160030,IA,READM-30-HF-HRRP,508.0,,1.014,17.7213,17.477,91.0,07/01/2021,06/30/2024,2.2168399999999906
GENESIS MEDICAL CENTER-DAVENPORT,160033,IA,READM-30-HIP-KNEE-HRRP,202.0,,1.072,6.0361,5.6305,13.0,07/01/2021,06/30/2024,1.6263900000000007
GENESIS MEDICAL CENTER-DAVENPORT,160033,IA,READM-30-HF-HRRP,658.0,,1.1371,21.9698,19.3217,154.0,07/01/2021,06/30/2024,26.863214
GENESIS MEDICAL CENTER-DAVENPORT,160033,IA,READM-30-COPD-HRRP,246.0,,1.139,19.3034,16.9472,57.0,07/01/2021,06/30/2024,15.309888
ST LUKES HOSPITAL,160045,IA,READM-30-PN-HRRP,493.0,,1.0827,15.9701,14.7503,84.0,07/01/2021,06/30/2024,11.281020999999996
ST LUKES HOSPITAL,160045,IA,READM-30-COPD-HRRP,153.0,,1.0687,17.7861,16.6428,32.0,07/01/2021,06/30/2024,6.536515999999995
MERCYONE NORTH IOWA MEDICAL CENTER,160064,IA,READM-30-HIP-KNEE-HRRP,155.0,,1.0967,7.0477,6.4264,12.0,07/01/2021,06/30/2024,2.0390800000000002
MERCYONE NORTH IOWA MEDICAL CENTER,160064,IA,READM-30-AMI-HRRP,263.0,,1.1019,13.3536,12.1184,40.0,07/01/2021,06/30/2024,8.128608
MERCYONE DUBUQUE MEDICAL CENTER,160069,IA,READM-30-HF-HRRP,201.0,,1.082,18.6077,17.1977,43.0,07/01/2021,06/30/2024,8.432623
MERCY MEDICAL CENTER - CEDAR RAPIDS,160079,IA,READM-30-AMI-HRRP,170.0,,1.0463,13.348,12.7573,25.0,07/01/2021,06/30/2024,3.3125899999999966
MERCYONE CLINTON MEDICAL CENTER,160080,IA,READM-30-COPD-HRRP,106.0,,1.0245,19.9742,19.4958,23.0,07/01/2021,06/30/2024,2.3344520000000024
UNITYPOINT HEALTH - DES MOINES IOWA METHODIST MEDI,160082,IA,READM-30-AMI-HRRP,619.0,,1.0948,12.3588,11.2886,81.0,07/01/2021,06/30/2024,11.123565999999997
MERCYONE DES MOINES MEDICAL CENTER,160083,IA,READM-30-CABG-HRRP,364.0,,1.0539,10.6186,10.0755,40.0,07/01/2021,06/30/2024,3.325180000000003
ALLEN HOSPITAL,160110,IA,READM-30-AMI-HRRP,176.0,,1.0557,13.2222,12.524,26.0,07/01/2021,06/30/2024,3.9577600000000004
SPENCER MUNICIPAL HOSPITAL,160112,IA,READM-30-PN-HRRP,178.0,,1.0329,14.5435,14.08,28.0,07/01/2021,06/30/2024,2.9375999999999998
SPENCER MUNICIPAL HOSPITAL,160112,IA,READM-30-HF-HRRP,123.0,,1.0097,18.1431,17.9684,23.0,07/01/2021,06/30/2024,0.8988680000000038
FINLEY HOSPITAL,160117,IA,READM-30-PN-HRRP,171.0,,1.0373,13.249,12.7726,25.0,07/01/2021,06/30/2024,3.158853999999998
LAKES REGIONAL HEALTHCARE,160124,IA,READM-30-PN-HRRP,142.0,,1.0518,13.9039,13.2194,23.0,07/01/2021,06/30/2024,4.228452000000001
LAKES REGIONAL HEALTHCARE,160124,IA,READM-30-HF-HRRP,75.0,,1.0601,17.2366,16.2598,17.0,07/01/2021,06/30/2024,4.805150000000001
MERCYONE SIOUXLAND MEDICAL CENTER,160153,IA,READM-30-PN-HRRP,310.0,,1.0556,18.1551,17.1988,60.0,07/01/2021,06/30/2024,6.683720000000008
MERCYONE SIOUXLAND MEDICAL CENTER,160153,IA,READM-30-HF-HRRP,223.0,,1.0015,21.9239,21.8916,49.0,07/01/2021,06/30/2024,0.18173199999999667
SAINT JOHN HOSPITAL,170009,KS,READM-30-HF-HRRP,81.0,,1.0567,20.9119,19.7906,21.0,07/01/2021,06/30/2024,4.969613999999996
HAYS MEDICAL CENTER,170013,KS,READM-30-PN-HRRP,411.0,,1.0345,17.6854,17.0953,75.0,07/01/2021,06/30/2024,4.738316999999995
ADVENTHEALTH OTTAWA,170014,KS,READM-30-PN-HRRP,154.0,,1.091,16.395,15.027,31.0,07/01/2021,06/30/2024,7.858420000000002
ADVENTHEALTH OTTAWA,170014,KS,READM-30-HF-HRRP,73.0,,1.084,20.7531,19.1458,21.0,07/01/2021,06/30/2024,7.023565999999999
UNIVERSITY OF KANSAS HEALTH SYSTEM - ST FRANCIS CAMPUS,170016,KS,READM-30-COPD-HRRP,83.0,,1.0523,18.3502,17.4381,19.0,07/01/2021,06/30/2024,4.526377000000002
HUTCHINSON REGIONAL MEDICAL CENTER INC,170020,KS,READM-30-COPD-HRRP,125.0,,1.0277,19.1706,18.6535,26.0,07/01/2021,06/30/2024,2.6831250000000004
ST. CATHERINE HOSPITAL - GARDEN CITY,170023,KS,READM-30-PN-HRRP,127.0,,1.0094,15.2604,15.1185,20.0,07/01/2021,06/30/2024,0.7995050000000035
UNIVERSITY OF KANSAS HOSPITAL,170040,KS,READM-30-PN-HRRP,551.0,,1.0663,19.8725,18.6367,114.0,07/01/2021,06/30/2024,11.311782999999991
UNIVERSITY OF KANSAS HOSPITAL,170040,KS,READM-30-COPD-HRRP,162.0,,1.01,20.5177,20.3142,34.0,07/01/2021,06/30/2024,1.090996000000004
SOUTHWEST MEDICAL CENTER,170068,KS,READM-30-PN-HRRP,129.0,,1.0568,15.7692,14.9209,24.0,07/01/2021,06/30/2024,4.752039
"STORMONT VAIL HEALTH FLINT HILLS, LLC",170074,KS,READM-30-PN-HRRP,70.0,,1.0747,14.7429,13.718,15.0,07/01/2021,06/30/2024,5.397400000000001
STORMONT VAIL HOSPITAL,170086,KS,READM-30-HIP-KNEE-HRRP,226.0,,1.0267,6.0597,5.9018,14.0,07/01/2021,06/30/2024,0.661932000000002
STORMONT VAIL HOSPITAL,170086,KS,READM-30-HF-HRRP,767.0,,1.0153,19.9344,19.6331,154.0,07/01/2021,06/30/2024,3.414123000000018
STORMONT VAIL HOSPITAL,170086,KS,READM-30-COPD-HRRP,234.0,,1.014,17.5129,17.2705,42.0,07/01/2021,06/30/2024,1.5870299999999986
NMC HEALTH,170103,KS,READM-30-PN-HRRP,142.0,,1.0398,15.0957,14.5185,24.0,07/01/2021,06/30/2024,3.38373
ADVENTHEALTH SHAWNEE MISSION,170104,KS,READM-30-HIP-KNEE-HRRP,147.0,,1.1839,6.1638,5.2062,11.0,07/01/2021,06/30/2024,3.3468860000000005
"ASCENSION VIA CHRISTI HOSPITALS WICHITA, INC.",170122,KS,READM-30-COPD-HRRP,120.0,29,1.0557,18.3365,17.3682,26.0,07/01/2021,06/30/2024,5.158159999999999
LMH,170137,KS,READM-30-AMI-HRRP,108.0,,1.0336,12.3531,11.9514,15.0,07/01/2021,06/30/2024,2.0924880000000012
PROVIDENCE MEDICAL CENTER,170146,KS,READM-30-PN-HRRP,343.0,,1.0886,17.8391,16.3866,67.0,07/01/2021,06/30/2024,10.793961999999993
PROVIDENCE MEDICAL CENTER,170146,KS,READM-30-COPD-HRRP,48.0,,1.032,18.0355,17.4767,11.0,07/01/2021,06/30/2024,2.6111839999999997
PROVIDENCE MEDICAL CENTER,170146,KS,READM-30-AMI-HRRP,88.0,,1.0191,14.8019,14.5239,14.0,07/01/2021,06/30/2024,1.2189680000000003
CENTURA ST. CATHERINE-DODGE CITY,170175,KS,READM-30-PN-HRRP,79.0,,1.0297,14.065,13.6594,13.0,07/01/2021,06/30/2024,2.209074000000001
OVERLAND PARK REG MED CTR,170176,KS,READM-30-PN-HRRP,316.0,,1.0594,17.116,16.156,58.0,07/01/2021,06/30/2024,6.947040000000008
OVERLAND PARK REG MED CTR,170176,KS,READM-30-AMI-HRRP,105.0,,1.1093,15.7953,14.239,22.0,07/01/2021,06/30/2024,7.049049999999998
MENORAH MEDICAL CENTER,170182,KS,READM-30-HIP-KNEE-HRRP,577.0,,1.221,5.8407,4.7835,36.0,07/01/2021,06/30/2024,8.399204999999998
MENORAH MEDICAL CENTER,170182,KS,READM-30-HF-HRRP,190.0,,1.0388,21.6734,20.8634,44.0,07/01/2021,06/30/2024,4.359540000000003
SAINT LUKE'S SOUTH HOSPITAL,170185,KS,READM-30-COPD-HRRP,108.0,,1.0226,18.8258,18.4094,22.0,07/01/2021,06/30/2024,2.1178479999999986
UNIVERSITY  OF KS HLTH SYSTEM GREAT BEND CAMPUS,170191,KS,READM-30-HF-HRRP,76.0,,1.0019,18.2398,18.2043,14.0,07/01/2021,06/30/2024,0.164731999999999
KANSAS MEDICAL CENTER LLC,170197,KS,READM-30-PN-HRRP,96.0,,1.0091,12.938,12.8208,13.0,07/01/2021,06/30/2024,0.6920320000000011
KANSAS MEDICAL CENTER LLC,170197,KS,READM-30-CABG-HRRP,176.0,,1.0284,10.3863,10.0998,19.0,07/01/2021,06/30/2024,1.2243519999999997
"ADVENTHEALTH SOUTH OVERLAND PARK, INC",170208,KS,READM-30-PN-HRRP,57.0,,1.0489,15.4479,14.7272,12.0,07/01/2021,06/30/2024,3.6054960000000005
"ADVENTHEALTH SOUTH OVERLAND PARK, INC",170208,KS,READM-30-HF-HRRP,63.0,,1.0016,20.4458,20.4126,13.0,07/01/2021,06/30/2024,0.14006200000000035
ST ELIZABETH FT THOMAS,180001,KY,READM-30-PN-HRRP,251.0,,1.0188,16.2352,15.9363,42.0,07/01/2021,06/30/2024,1.999887000000001
ST ELIZABETH FT THOMAS,180001,KY,READM-30-HF-HRRP,213.0,,1.1132,22.1101,19.8614,55.0,07/01/2021,06/30/2024,12.695218000000004
ST ELIZABETH FT THOMAS,180001,KY,READM-30-COPD-HRRP,150.0,,1.077,21.5717,20.0291,38.0,07/01/2021,06/30/2024,7.9563500000000005
WHITESBURG ARH HOSPITAL,180002,KY,READM-30-PN-HRRP,132.0,,1.0041,17.9676,17.8933,24.0,07/01/2021,06/30/2024,0.38084399999999974
WHITESBURG ARH HOSPITAL,180002,KY,READM-30-COPD-HRRP,81.0,,1.0455,20.5132,19.6212,20.0,07/01/2021,06/30/2024,4.106827999999998
OWENSBORO HEALTH MUHLENBERG COMMUNITY HOSPITAL,180004,KY,READM-30-HF-HRRP,53.0,,1.045,20.4325,19.5521,14.0,07/01/2021,06/30/2024,3.6373870000000004
HIGHLANDS ARH REGIONAL MEDICAL CENTER,180005,KY,READM-30-PN-HRRP,114.0,,1.0618,17.4916,16.4729,24.0,07/01/2021,06/30/2024,5.220894000000001
HIGHLANDS ARH REGIONAL MEDICAL CENTER,180005,KY,READM-30-HF-HRRP,60.0,,1.0319,21.1354,20.4812,15.0,07/01/2021,06/30/2024,2.7112799999999986
KING'S DAUGHTERS' MEDICAL CENTER,180009,KY,READM-30-PN-HRRP,704.0,,1.1033,19.0636,17.2791,141.0,07/01/2021,06/30/2024,19.355136
KING'S DAUGHTERS' MEDICAL CENTER,180009,KY,READM-30-COPD-HRRP,321.0,,1.0191,20.4216,20.0382,67.0,07/01/2021,06/30/2024,2.6773780000000045
SAINT JOSEPH HOSPITAL,180010,KY,READM-30-PN-HRRP,368.0,,1.0625,18.4268,17.3436,72.0,07/01/2021,06/30/2024,8.17555200000001
SAINT JOSEPH HOSPITAL,180010,KY,READM-30-HF-HRRP,319.0,,1.1035,22.7779,20.642,80.0,07/01/2021,06/30/2024,14.152020000000007
SAINT JOSEPH HOSPITAL,180010,KY,READM-30-COPD-HRRP,47.0,,1.0123,21.3644,21.1048,11.0,07/01/2021,06/30/2024,1.0807439999999993
SAINT JOSEPH HOSPITAL,180010,KY,READM-30-AMI-HRRP,182.0,,1.0416,13.6997,13.1531,27.0,07/01/2021,06/30/2024,3.0613579999999985
SAINT JOSEPH LONDON,180011,KY,READM-30-HF-HRRP,228.0,,1.0887,23.0786,21.1978,59.0,07/01/2021,06/30/2024,10.669016
BAPTIST HEALTH HARDIN,180012,KY,READM-30-PN-HRRP,740.0,,1.1169,18.0403,16.1518,141.0,07/01/2021,06/30/2024,21.476679999999988
BAPTIST HEALTH HARDIN,180012,KY,READM-30-COPD-HRRP,229.0,,1.0315,18.2232,17.6669,44.0,07/01/2021,06/30/2024,3.5427990000000023
THE MEDICAL CENTER (BOWLING GREEN),180013,KY,READM-30-AMI-HRRP,340.0,,1.0946,14.8102,13.5304,55.0,07/01/2021,06/30/2024,8.99664
T J SAMSON COMMUNITY HOSPITAL,180017,KY,READM-30-PN-HRRP,282.0,,1.0269,15.3368,14.9357,45.0,07/01/2021,06/30/2024,2.8813259999999943
T J SAMSON COMMUNITY HOSPITAL,180017,KY,READM-30-HF-HRRP,280.0,,1.0319,19.9026,19.287,58.0,07/01/2021,06/30/2024,3.9964000000000013
ST CLAIRE REGIONAL MEDICAL CENTER,180018,KY,READM-30-PN-HRRP,238.0,,1.1067,19.343,17.4773,53.0,07/01/2021,06/30/2024,11.404026000000002
ST CLAIRE REGIONAL MEDICAL CENTER,180018,KY,READM-30-HF-HRRP,163.0,,1.0217,21.1144,20.6662,36.0,07/01/2021,06/30/2024,2.314093999999997
MIDDLESBORO ARH HOSPITAL,180020,KY,READM-30-PN-HRRP,77.0,,1.0517,16.4364,15.6285,16.0,07/01/2021,06/30/2024,3.966054999999999
CHI SAINT JOSEPH FLAGET MEMORIAL HOSPITAL,180025,KY,READM-30-HF-HRRP,107.0,,1.0228,20.8756,20.4098,24.0,07/01/2021,06/30/2024,2.1615140000000004
MURRAY-CALLOWAY COUNTY HOSPITAL,180027,KY,READM-30-PN-HRRP,244.0,,1.0298,14.7866,14.3594,38.0,07/01/2021,06/30/2024,2.963064000000003
MURRAY-CALLOWAY COUNTY HOSPITAL,180027,KY,READM-30-HF-HRRP,122.0,,1.0951,20.0318,18.2914,31.0,07/01/2021,06/30/2024,8.684492000000002
HAZARD ARH REGIONAL MEDICAL CENTER,180029,KY,READM-30-PN-HRRP,260.0,,1.0786,20.2776,18.8004,58.0,07/01/2021,06/30/2024,9.118960000000001
HAZARD ARH REGIONAL MEDICAL CENTER,180029,KY,READM-30-COPD-HRRP,73.0,,1.0553,22.9956,21.7906,21.0,07/01/2021,06/30/2024,5.0928619999999984
HAZARD ARH REGIONAL MEDICAL CENTER,180029,KY,READM-30-AMI-HRRP,80.0,,1.087,15.8389,14.5716,17.0,07/01/2021,06/30/2024,5.34272
ST ELIZABETH EDGEWOOD,180035,KY,READM-30-PN-HRRP,588.0,,1.0627,17.6613,16.6196,108.0,07/01/2021,06/30/2024,10.276752000000016
ST ELIZABETH EDGEWOOD,180035,KY,READM-30-COPD-HRRP,322.0,,1.0777,22.1125,20.5183,77.0,07/01/2021,06/30/2024,10.931073999999995
ST ELIZABETH EDGEWOOD,180035,KY,READM-30-AMI-HRRP,386.0,,1.1605,15.6301,13.4687,68.0,07/01/2021,06/30/2024,16.010818
OWENSBORO HEALTH REGIONAL HOSPITAL,180038,KY,READM-30-PN-HRRP,604.0,,1.0652,17.8308,16.7392,112.0,07/01/2021,06/30/2024,10.895231999999993
OWENSBORO HEALTH REGIONAL HOSPITAL,180038,KY,READM-30-COPD-HRRP,193.0,,1.0707,18.1508,16.952,40.0,07/01/2021,06/30/2024,7.282640000000001
UOFL HEALTH - JEWISH HOSPITAL and Mary & Elizabeth Hospital,180040,KY,READM-30-HF-HRRP,552.0,,1.1152,22.6275,20.2905,133.0,07/01/2021,06/30/2024,20.996439999999993
UOFL HEALTH - JEWISH HOSPITAL and Mary & Elizabeth Hospital,180040,KY,READM-30-AMI-HRRP,288.0,,1.0378,13.9234,13.4162,42.0,07/01/2021,06/30/2024,3.3613440000000026
AdventHealthManchester,180043,KY,READM-30-HF-HRRP,68.0,,1.0654,22.4257,21.0489,20.0,07/01/2021,06/30/2024,5.686748
PIKEVILLE MEDICAL CENTER,180044,KY,READM-30-PN-HRRP,458.0,,1.0899,18.7946,17.2446,92.0,07/01/2021,06/30/2024,13.019732000000005
PIKEVILLE MEDICAL CENTER,180044,KY,READM-30-HF-HRRP,270.0,,1.024,21.9377,21.4229,61.0,07/01/2021,06/30/2024,3.1581700000000055
PIKEVILLE MEDICAL CENTER,180044,KY,READM-30-COPD-HRRP,168.0,,1.0384,20.3187,19.5674,37.0,07/01/2021,06/30/2024,4.1267680000000055
PIKEVILLE MEDICAL CENTER,180044,KY,READM-30-AMI-HRRP,166.0,,1.0662,14.2805,13.3934,27.0,07/01/2021,06/30/2024,4.766956
ST ELIZABETH FLORENCE,180045,KY,READM-30-PN-HRRP,315.0,,1.0577,17.5194,16.5629,59.0,07/01/2021,06/30/2024,6.826864999999998
ST ELIZABETH FLORENCE,180045,KY,READM-30-COPD-HRRP,167.0,,1.0168,18.4198,18.1152,32.0,07/01/2021,06/30/2024,1.7476159999999972
EPHRAIM MCDOWELL REGIONAL MEDICAL CENTER,180048,KY,READM-30-PN-HRRP,362.0,,1.0242,15.3088,14.947,57.0,07/01/2021,06/30/2024,2.891860000000001
EPHRAIM MCDOWELL REGIONAL MEDICAL CENTER,180048,KY,READM-30-AMI-HRRP,115.0,,1.085,11.3281,10.4409,17.0,07/01/2021,06/30/2024,4.992965000000002
BAPTIST HEALTH RICHMOND,180049,KY,READM-30-COPD-HRRP,77.0,,1.0411,19.4264,18.6589,18.0,07/01/2021,06/30/2024,3.6326470000000004
HARLAN ARH HOSPITAL,180050,KY,READM-30-PN-HRRP,168.0,,1.0991,19.8964,18.1022,40.0,07/01/2021,06/30/2024,9.588304
HARLAN ARH HOSPITAL,180050,KY,READM-30-HF-HRRP,50.0,,1.0694,22.0628,20.631,16.0,07/01/2021,06/30/2024,5.6845
HARLAN ARH HOSPITAL,180050,KY,READM-30-COPD-HRRP,56.0,,1.0322,20.7318,20.0859,14.0,07/01/2021,06/30/2024,2.7518960000000003
JENNIE STUART MEDICAL CENTER,180051,KY,READM-30-PN-HRRP,233.0,,1.0653,15.3834,14.4406,40.0,07/01/2021,06/30/2024,6.3534019999999956
DEACONESS HENDERSON HOSPITAL,180056,KY,READM-30-HF-HRRP,173.0,,1.075,20.6757,19.2336,41.0,07/01/2021,06/30/2024,7.7258720000000025
SAINT JOSEPH MOUNT STERLING,180064,KY,READM-30-HF-HRRP,65.0,,1.0116,20.2399,20.0081,14.0,07/01/2021,06/30/2024,0.9947350000000004
TUG VALLEY ARH REGIONAL MEDICAL CENTER,180069,KY,READM-30-PN-HRRP,128.0,,1.1823,23.3288,19.7316,42.0,07/01/2021,06/30/2024,16.743552
TUG VALLEY ARH REGIONAL MEDICAL CENTER,180069,KY,READM-30-HF-HRRP,71.0,,1.0431,20.9797,20.1137,18.0,07/01/2021,06/30/2024,3.7192729999999994
TUG VALLEY ARH REGIONAL MEDICAL CENTER,180069,KY,READM-30-COPD-HRRP,99.0,,1.05,20.4829,19.5077,24.0,07/01/2021,06/30/2024,4.6873770000000015
OWENSBORO HEALTH TWIN LAKES MEDICAL CENTER,180070,KY,READM-30-HF-HRRP,87.0,,1.0484,20.2066,19.2743,21.0,07/01/2021,06/30/2024,4.231359000000001
PAINTSVILLE ARH HOSPITAL,180078,KY,READM-30-PN-HRRP,132.0,,1.1367,18.4065,16.1933,33.0,07/01/2021,06/30/2024,11.624844
HARRISON MEMORIAL HOSPITAL,180079,KY,READM-30-PN-HRRP,102.0,,1.0348,13.5262,13.071,16.0,07/01/2021,06/30/2024,2.667580000000001
"NORTON HOSPITALS, INC",180088,KY,READM-30-PN-HRRP,1690.0,,1.0224,16.3025,15.9456,277.0,07/01/2021,06/30/2024,7.519359999999949
"NORTON HOSPITALS, INC",180088,KY,READM-30-HF-HRRP,1668.0,,1.0261,20.8695,20.3383,350.0,07/01/2021,06/30/2024,10.757156000000009
"NORTON HOSPITALS, INC",180088,KY,READM-30-COPD-HRRP,474.0,,1.0902,19.5341,17.9175,99.0,07/01/2021,06/30/2024,14.07105
"NORTON HOSPITALS, INC",180088,KY,READM-30-CABG-HRRP,216.0,,1.0031,11.074,11.04,24.0,07/01/2021,06/30/2024,0.15360000000000085
"NORTON HOSPITALS, INC",180088,KY,READM-30-AMI-HRRP,642.0,,1.1967,16.445,13.7421,115.0,07/01/2021,06/30/2024,26.775717999999983
CLARK REGIONAL MEDICAL CENTER,180092,KY,READM-30-PN-HRRP,135.0,,1.0364,15.999,15.4374,24.0,07/01/2021,06/30/2024,3.1595099999999974
CLARK REGIONAL MEDICAL CENTER,180092,KY,READM-30-AMI-HRRP,60.0,,1.0503,14.1517,13.4745,11.0,07/01/2021,06/30/2024,2.9153000000000002
BAPTIST HEALTH DEACONESS MADISONVILLE,180093,KY,READM-30-COPD-HRRP,84.0,,1.0051,19.7836,19.6838,17.0,07/01/2021,06/30/2024,0.4656079999999996
GEORGETOWN COMMUNITY HOSPITAL,180101,KY,READM-30-PN-HRRP,59.0,,1.0432,13.9859,13.4068,11.0,07/01/2021,06/30/2024,3.089988000000001
GEORGETOWN COMMUNITY HOSPITAL,180101,KY,READM-30-HF-HRRP,56.0,,1.0326,19.101,18.4982,13.0,07/01/2021,06/30/2024,2.6410079999999994
MERCY HEALTH - LOURDES HOSPITAL,180102,KY,READM-30-HIP-KNEE-HRRP,322.0,,1.1803,6.856,5.8085,24.0,07/01/2021,06/30/2024,5.296629999999997
MERCY HEALTH - LOURDES HOSPITAL,180102,KY,READM-30-COPD-HRRP,149.0,,1.0281,18.7414,18.2285,30.0,07/01/2021,06/30/2024,2.839534999999998
MERCY HEALTH - LOURDES HOSPITAL,180102,KY,READM-30-CABG-HRRP,74.0,,1.069,13.7826,12.8928,12.0,07/01/2021,06/30/2024,2.459328000000001
MERCY HEALTH - LOURDES HOSPITAL,180102,KY,READM-30-AMI-HRRP,162.0,,1.1693,16.5904,14.1879,35.0,07/01/2021,06/30/2024,12.015601999999998
BAPTIST HEALTH LEXINGTON,180103,KY,READM-30-CABG-HRRP,181.0,,1.1198,11.103,9.9154,23.0,07/01/2021,06/30/2024,5.053125999999999
BAPTIST HEALTH PADUCAH,180104,KY,READM-30-PN-HRRP,444.0,,1.0632,16.6463,15.6567,78.0,07/01/2021,06/30/2024,8.484251999999998
MONROE COUNTY MEDICAL CENTER,180105,KY,READM-30-PN-HRRP,133.0,,1.1648,16.5058,14.1701,32.0,07/01/2021,06/30/2024,13.153767000000002
MONROE COUNTY MEDICAL CENTER,180105,KY,READM-30-HF-HRRP,74.0,,1.1101,18.4554,16.6251,21.0,07/01/2021,06/30/2024,8.697426
MONROE COUNTY MEDICAL CENTER,180105,KY,READM-30-COPD-HRRP,59.0,,1.0331,16.3532,15.8296,12.0,07/01/2021,06/30/2024,2.6605360000000005
JACKSON PURCHASE MEDICAL CENTER,180116,KY,READM-30-HF-HRRP,137.0,,1.0303,19.6016,19.026,29.0,07/01/2021,06/30/2024,2.934380000000001
JACKSON PURCHASE MEDICAL CENTER,180116,KY,READM-30-COPD-HRRP,87.0,,1.0512,18.7617,17.8475,20.0,07/01/2021,06/30/2024,4.472675000000001
TRISTAR GREENVIEW REGIONAL HOSPITAL,180124,KY,READM-30-HF-HRRP,176.0,,1.0715,19.3541,18.0634,39.0,07/01/2021,06/30/2024,7.208415999999996
TRISTAR GREENVIEW REGIONAL HOSPITAL,180124,KY,READM-30-COPD-HRRP,80.0,,1.0494,16.8188,16.0264,17.0,07/01/2021,06/30/2024,4.178880000000001
TRISTAR GREENVIEW REGIONAL HOSPITAL,180124,KY,READM-30-AMI-HRRP,68.0,,1.0931,14.0022,12.8094,14.0,07/01/2021,06/30/2024,5.289607999999999
FRANKFORT REGIONAL MEDICAL CENTER,180127,KY,READM-30-HF-HRRP,130.0,,1.0684,20.8936,19.5552,32.0,07/01/2021,06/30/2024,6.578240000000001
THREE RIVERS MEDICAL CENTER,180128,KY,READM-30-PN-HRRP,68.0,,1.0051,17.1462,17.06,12.0,07/01/2021,06/30/2024,0.3992000000000022
BAPTIST HEALTH LOUISVILLE,180130,KY,READM-30-PN-HRRP,1132.0,,1.0013,15.8051,15.7847,179.0,07/01/2021,06/30/2024,0.3171959999999956
BAPTIST HEALTH LOUISVILLE,180130,KY,READM-30-HIP-KNEE-HRRP,199.0,,1.1552,7.1956,6.2287,16.0,07/01/2021,06/30/2024,3.6048869999999997
BAPTIST HEALTH LOUISVILLE,180130,KY,READM-30-COPD-HRRP,357.0,,1.048,19.1928,18.3142,72.0,07/01/2021,06/30/2024,6.618306000000004
LAKE CUMBERLAND REGIONAL HOSPITAL,180132,KY,READM-30-HF-HRRP,220.0,,1.0622,21.1702,19.9308,51.0,07/01/2021,06/30/2024,7.152239999999999
LAKE CUMBERLAND REGIONAL HOSPITAL,180132,KY,READM-30-COPD-HRRP,146.0,,1.0223,20.0939,19.656,31.0,07/01/2021,06/30/2024,2.302240000000001
LAKE CUMBERLAND REGIONAL HOSPITAL,180132,KY,READM-30-AMI-HRRP,189.0,,1.0997,13.3181,12.1111,30.0,07/01/2021,06/30/2024,7.110021
UNIVERSITY OF LOUISVILLE HOSPITAL,180141,KY,READM-30-PN-HRRP,113.0,,1.013,19.5535,19.3033,23.0,07/01/2021,06/30/2024,1.187270999999999
UNIVERSITY OF LOUISVILLE HOSPITAL,180141,KY,READM-30-HF-HRRP,65.0,,1.0607,22.4207,21.1385,19.0,07/01/2021,06/30/2024,5.259974999999999
UNIVERSITY OF LOUISVILLE HOSPITAL,180141,KY,READM-30-COPD-HRRP,41.0,,1.0527,21.9991,20.8978,13.0,07/01/2021,06/30/2024,4.431902000000001
SAINT JOSEPH EAST,180143,KY,READM-30-PN-HRRP,104.0,,1.0579,16.5971,15.6888,21.0,07/01/2021,06/30/2024,4.683648000000002
SAINT JOSEPH EAST,180143,KY,READM-30-HIP-KNEE-HRRP,75.0,,1.3861,9.5143,6.8643,11.0,07/01/2021,06/30/2024,5.851775
SAINT JOSEPH EAST,180143,KY,READM-30-HF-HRRP,101.0,,1.0358,20.2477,19.5483,23.0,07/01/2021,06/30/2024,3.2562169999999995
OCHSNER LAFAYETTE GENERAL MEDICAL CENTER,190002,LA,READM-30-CABG-HRRP,198.0,,1.2341,13.3439,10.8126,32.0,07/01/2021,06/30/2024,10.591052000000001
OCHSNER LAFAYETTE GENERAL MEDICAL CENTER,190002,LA,READM-30-AMI-HRRP,223.0,,1.0538,14.9221,14.1599,36.0,07/01/2021,06/30/2024,4.423423
THIBODAUX REGIONAL MEDICAL CENTER,190004,LA,READM-30-AMI-HRRP,123.0,,1.0008,14.6018,14.5906,18.0,07/01/2021,06/30/2024,0.05356199999999944
UNIVERSITY MEDICAL CENTER NEW ORLEANS,190005,LA,READM-30-HF-HRRP,73.0,,1.003,20.2466,20.1855,15.0,07/01/2021,06/30/2024,0.2645850000000003
OCHSNER UNIVERSITY HOSPITAL AND CLINICS,190006,LA,READM-30-PN-HRRP,57.0,,1.0722,18.0394,16.8252,15.0,07/01/2021,06/30/2024,5.409636000000001
OCHSNER UNIVERSITY HOSPITAL AND CLINICS,190006,LA,READM-30-HF-HRRP,65.0,,1.0738,22.6364,21.0801,20.0,07/01/2021,06/30/2024,6.297934999999999
NATCHITOCHES REGIONAL MEDICAL CENTER,190007,LA,READM-30-PN-HRRP,94.0,,1.0294,17.0599,16.5733,18.0,07/01/2021,06/30/2024,2.4210980000000006
TERREBONNE GENERAL MEDICAL CENTER - PARISH,190008,LA,READM-30-AMI-HRRP,88.0,,1.067,15.5202,14.5458,17.0,07/01/2021,06/30/2024,4.199695999999999
OCHSNER ST MARY,190014,LA,READM-30-PN-HRRP,81.0,,1.0195,13.2933,13.0393,12.0,07/01/2021,06/30/2024,1.438167
NORTH OAKS MEDICAL CENTER,190015,LA,READM-30-PN-HRRP,407.0,,1.1139,17.1449,15.3916,77.0,07/01/2021,06/30/2024,14.356188000000003
NORTH OAKS MEDICAL CENTER,190015,LA,READM-30-HF-HRRP,447.0,,1.1447,22.386,19.5561,110.0,07/01/2021,06/30/2024,22.584232999999998
NORTH OAKS MEDICAL CENTER,190015,LA,READM-30-COPD-HRRP,85.0,,1.012,18.9614,18.7366,17.0,07/01/2021,06/30/2024,1.0738900000000005
NORTH OAKS MEDICAL CENTER,190015,LA,READM-30-AMI-HRRP,111.0,,1.1129,15.7657,14.1658,23.0,07/01/2021,06/30/2024,7.275962
OPELOUSAS GENERAL HEALTH SYSTEM,190017,LA,READM-30-PN-HRRP,238.0,,1.0454,18.0429,17.2589,46.0,07/01/2021,06/30/2024,4.923818000000004
OPELOUSAS GENERAL HEALTH SYSTEM,190017,LA,READM-30-HF-HRRP,154.0,,1.0158,20.685,20.3639,33.0,07/01/2021,06/30/2024,1.6395939999999989
OPELOUSAS GENERAL HEALTH SYSTEM,190017,LA,READM-30-AMI-HRRP,62.0,,1.091,12.4216,11.386,12.0,07/01/2021,06/30/2024,4.94068
CHRISTUS ST FRANCES CABRINI HOSPITAL,190019,LA,READM-30-HF-HRRP,468.0,,1.0205,20.4096,20.0001,97.0,07/01/2021,06/30/2024,3.3995320000000078
CHRISTUS ST FRANCES CABRINI HOSPITAL,190019,LA,READM-30-COPD-HRRP,127.0,,1.0018,18.0068,17.9747,23.0,07/01/2021,06/30/2024,0.17213100000000026
LANE REGIONAL MEDICAL CENTER,190020,LA,READM-30-PN-HRRP,82.0,,1.0137,14.7704,14.5707,13.0,07/01/2021,06/30/2024,1.0520259999999997
LANE REGIONAL MEDICAL CENTER,190020,LA,READM-30-HF-HRRP,104.0,,1.0274,18.3596,17.8694,21.0,07/01/2021,06/30/2024,2.4158240000000006
RAPIDES REGIONAL MEDICAL CENTER,190026,LA,READM-30-PN-HRRP,444.0,,1.1335,18.1228,15.989,89.0,07/01/2021,06/30/2024,18.008839999999992
RAPIDES REGIONAL MEDICAL CENTER,190026,LA,READM-30-AMI-HRRP,164.0,,1.0518,13.0838,12.4399,24.0,07/01/2021,06/30/2024,3.5985639999999997
CHRISTUS OCHSNER ST PATRICK HOSPITAL,190027,LA,READM-30-COPD-HRRP,65.0,,1.0095,17.4005,17.2373,12.0,07/01/2021,06/30/2024,0.7957549999999998
CHRISTUS OCHSNER ST PATRICK HOSPITAL,190027,LA,READM-30-AMI-HRRP,126.0,,1.1042,14.2532,12.9076,23.0,07/01/2021,06/30/2024,6.7364239999999995
OCHSNER MEDICAL CENTER ACUTE,190036,LA,READM-30-PN-HRRP,384.0,,1.0986,17.3518,15.7939,73.0,07/01/2021,06/30/2024,12.351424000000002
OCHSNER MEDICAL CENTER ACUTE,190036,LA,READM-30-COPD-HRRP,112.0,,1.0655,21.524,20.2018,29.0,07/01/2021,06/30/2024,6.373984000000004
WEST JEFFERSON MEDICAL CENTER,190039,LA,READM-30-PN-HRRP,77.0,,1.037,17.5651,16.9379,16.0,07/01/2021,06/30/2024,2.9578170000000004
WEST JEFFERSON MEDICAL CENTER,190039,LA,READM-30-HF-HRRP,232.0,,1.041,20.2982,19.4995,50.0,07/01/2021,06/30/2024,4.761159999999997
SLIDELL MEMORIAL HOSPITAL,190040,LA,READM-30-PN-HRRP,202.0,29,1.0669,18.5752,17.4101,42.0,07/01/2021,06/30/2024,6.831598
SLIDELL MEMORIAL HOSPITAL,190040,LA,READM-30-HF-HRRP,383.0,29,1.1517,23.3601,20.284,100.0,07/01/2021,06/30/2024,22.31228
SLIDELL MEMORIAL HOSPITAL,190040,LA,READM-30-COPD-HRRP,105.0,29,1.0857,20.7469,19.1087,28.0,07/01/2021,06/30/2024,7.935865000000003
SLIDELL MEMORIAL HOSPITAL,190040,LA,READM-30-AMI-HRRP,105.0,29,1.0725,13.7863,12.8544,18.0,07/01/2021,06/30/2024,4.502880000000001
CHRISTUS SHREVEPORT-BOSSIER HEALTH SYSTEM,190041,LA,READM-30-PN-HRRP,415.0,,1.0998,17.0066,15.4631,77.0,07/01/2021,06/30/2024,12.828134999999989
CHRISTUS SHREVEPORT-BOSSIER HEALTH SYSTEM,190041,LA,READM-30-HF-HRRP,611.0,,1.0092,19.3674,19.1901,119.0,07/01/2021,06/30/2024,1.7484889999999922
CHRISTUS SHREVEPORT-BOSSIER HEALTH SYSTEM,190041,LA,READM-30-COPD-HRRP,157.0,,1.0081,16.8248,16.6894,27.0,07/01/2021,06/30/2024,0.7976420000000033
CHRISTUS SHREVEPORT-BOSSIER HEALTH SYSTEM,190041,LA,READM-30-CABG-HRRP,136.0,,1.0336,10.4079,10.0691,15.0,07/01/2021,06/30/2024,1.306023999999999
CHRISTUS SHREVEPORT-BOSSIER HEALTH SYSTEM,190041,LA,READM-30-AMI-HRRP,192.0,,1.0558,14.1668,13.4187,30.0,07/01/2021,06/30/2024,4.236096
ST TAMMANY PARISH HOSPITAL,190045,LA,READM-30-COPD-HRRP,118.0,,1.0301,20.9683,20.3547,27.0,07/01/2021,06/30/2024,2.9814539999999994
ST TAMMANY PARISH HOSPITAL,190045,LA,READM-30-CABG-HRRP,69.0,,1.2217,12.7315,10.4211,14.0,07/01/2021,06/30/2024,6.8094410000000005
TOURO INFIRMARY,190046,LA,READM-30-PN-HRRP,116.0,,1.0996,17.7233,16.1177,27.0,07/01/2021,06/30/2024,8.303468000000002
TOURO INFIRMARY,190046,LA,READM-30-HF-HRRP,127.0,,1.0183,19.4418,19.0919,26.0,07/01/2021,06/30/2024,1.7532870000000038
BEAUREGARD MEMORIAL HOSPITAL,190050,LA,READM-30-HF-HRRP,67.0,,1.0173,19.0457,18.7214,14.0,07/01/2021,06/30/2024,1.4566620000000015
OCHSNER AMERICAN LEGION HOSPITAL,190053,LA,READM-30-PN-HRRP,143.0,,1.0176,15.2767,15.0118,23.0,07/01/2021,06/30/2024,1.5331259999999993
OCHSNER AMERICAN LEGION HOSPITAL,190053,LA,READM-30-HF-HRRP,127.0,,1.0831,19.8751,18.3495,31.0,07/01/2021,06/30/2024,7.696135000000002
OCHSNER AMERICAN LEGION HOSPITAL,190053,LA,READM-30-COPD-HRRP,54.0,,1.0167,18.0889,17.7915,11.0,07/01/2021,06/30/2024,1.3925900000000002
LAKE CHARLES MEMORIAL HOSPITAL,190060,LA,READM-30-HF-HRRP,378.0,,1.0191,20.0068,19.6316,77.0,07/01/2021,06/30/2024,2.7925520000000006
BATON ROUGE GENERAL MEDICAL CENTER,190065,LA,READM-30-PN-HRRP,356.0,,1.0185,16.2277,15.9329,59.0,07/01/2021,06/30/2024,2.278876000000004
BATON ROUGE GENERAL MEDICAL CENTER,190065,LA,READM-30-HIP-KNEE-HRRP,114.0,,1.2935,7.0276,5.4331,11.0,07/01/2021,06/30/2024,4.806266
NORTHERN LOUISIANA MEDICAL CENTER,190086,LA,READM-30-PN-HRRP,135.0,,1.0247,14.3751,14.028,21.0,07/01/2021,06/30/2024,2.062199999999997
WINN PARISH MEDICAL CENTER,190090,LA,READM-30-PN-HRRP,94.0,,1.022,14.4492,14.1381,15.0,07/01/2021,06/30/2024,1.7101860000000002
AVOYELLES HOSPITAL,190099,LA,READM-30-PN-HRRP,67.0,,1.0617,13.6461,12.853,13.0,07/01/2021,06/30/2024,4.388489999999999
"OUR LADY OF LOURDES REGIONAL MEDICAL CENTER, INC",190102,LA,READM-30-HF-HRRP,771.0,,1.0417,19.5922,18.8079,154.0,07/01/2021,06/30/2024,8.991091000000011
"OUR LADY OF LOURDES REGIONAL MEDICAL CENTER, INC",190102,LA,READM-30-COPD-HRRP,153.0,,1.052,17.8376,16.9558,31.0,07/01/2021,06/30/2024,5.057626000000003
"OUR LADY OF LOURDES REGIONAL MEDICAL CENTER, INC",190102,LA,READM-30-CABG-HRRP,204.0,,1.0899,10.1923,9.3518,23.0,07/01/2021,06/30/2024,3.9223280000000003
"OUR LADY OF LOURDES REGIONAL MEDICAL CENTER, INC",190102,LA,READM-30-AMI-HRRP,376.0,,1.0347,13.3701,12.9221,52.0,07/01/2021,06/30/2024,3.4129039999999975
WILLIS KNIGHTON MEDICAL CENTER,190111,LA,READM-30-PN-HRRP,1055.0,,1.0468,16.203,15.4788,174.0,07/01/2021,06/30/2024,10.69865999999999
WILLIS KNIGHTON MEDICAL CENTER,190111,LA,READM-30-HF-HRRP,1182.0,,1.0191,20.6948,20.3079,246.0,07/01/2021,06/30/2024,5.960622000000001
WILLIS KNIGHTON MEDICAL CENTER,190111,LA,READM-30-CABG-HRRP,170.0,,1.1979,11.9584,9.9832,25.0,07/01/2021,06/30/2024,8.028559999999999
WILLIS KNIGHTON MEDICAL CENTER,190111,LA,READM-30-AMI-HRRP,352.0,,1.0439,13.5831,13.0125,50.0,07/01/2021,06/30/2024,4.196000000000005
CLAIBORNE MEMORIAL MEDICAL CENTER,190114,LA,READM-30-PN-HRRP,147.0,,1.0247,14.5664,14.2153,23.0,07/01/2021,06/30/2024,2.103508999999999
CLAIBORNE MEMORIAL MEDICAL CENTER,190114,LA,READM-30-HF-HRRP,45.0,,1.0771,19.2433,17.8662,14.0,07/01/2021,06/30/2024,5.96021
ST FRANCIS MEDICAL CENTER,190125,LA,READM-30-HF-HRRP,395.0,,1.007,19.3664,19.2318,77.0,07/01/2021,06/30/2024,1.034390000000002
FRANKLIN MEDICAL CENTER,190140,LA,READM-30-PN-HRRP,88.0,,1.0012,14.6826,14.6648,13.0,07/01/2021,06/30/2024,0.09497599999999906
MINDEN MEDICAL CENTER,190144,LA,READM-30-PN-HRRP,141.0,,1.069,16.6759,15.6002,28.0,07/01/2021,06/30/2024,6.003717999999999
LASALLE GENERAL HOSPITAL,190145,LA,READM-30-PN-HRRP,60.0,,1.0186,16.2664,15.9687,11.0,07/01/2021,06/30/2024,1.41878
GLENWOOD REGIONAL MEDICAL CENTER,190160,LA,READM-30-PN-HRRP,296.0,,1.0115,15.6197,15.4414,47.0,07/01/2021,06/30/2024,1.293455999999999
GLENWOOD REGIONAL MEDICAL CENTER,190160,LA,READM-30-HF-HRRP,423.0,,1.1494,21.9313,19.08,103.0,07/01/2021,06/30/2024,22.291600000000017
GLENWOOD REGIONAL MEDICAL CENTER,190160,LA,READM-30-COPD-HRRP,93.0,,1.0522,19.5579,18.588,22.0,07/01/2021,06/30/2024,4.7131599999999985
GLENWOOD REGIONAL MEDICAL CENTER,190160,LA,READM-30-AMI-HRRP,239.0,,1.1714,15.4214,13.1647,45.0,07/01/2021,06/30/2024,13.536367000000002
BYRD REGIONAL HOSPITAL,190164,LA,READM-30-PN-HRRP,146.0,,1.0813,18.2454,16.8735,32.0,07/01/2021,06/30/2024,7.3646899999999995
BYRD REGIONAL HOSPITAL,190164,LA,READM-30-HF-HRRP,115.0,,1.0416,21.7192,20.8515,28.0,07/01/2021,06/30/2024,4.020775
BYRD REGIONAL HOSPITAL,190164,LA,READM-30-COPD-HRRP,93.0,,1.0465,19.9596,19.0732,22.0,07/01/2021,06/30/2024,4.2619240000000005
EAST JEFFERSON GENERAL HOSPITAL,190176,LA,READM-30-PN-HRRP,312.0,,1.0068,16.1993,16.0895,51.0,07/01/2021,06/30/2024,0.8007599999999968
EAST JEFFERSON GENERAL HOSPITAL,190176,LA,READM-30-CABG-HRRP,84.0,,1.0565,11.3757,10.7673,11.0,07/01/2021,06/30/2024,1.9554679999999998
EAST JEFFERSON GENERAL HOSPITAL,190176,LA,READM-30-AMI-HRRP,142.0,,1.1203,16.2336,14.4901,29.0,07/01/2021,06/30/2024,8.424057999999999
CITIZENS MEDICAL CENTER,190184,LA,READM-30-PN-HRRP,42.0,,1.0647,16.2219,15.2355,11.0,07/01/2021,06/30/2024,4.60109
CITIZENS MEDICAL CENTER,190184,LA,READM-30-HF-HRRP,44.0,,1.0285,20.3407,19.7771,11.0,07/01/2021,06/30/2024,2.298076
OCHSNER MEDICAL CENTER - BATON ROUGE,190202,LA,READM-30-PN-HRRP,108.0,,1.0257,16.0315,15.63,19.0,07/01/2021,06/30/2024,2.119600000000002
OCHSNER MEDICAL CENTER - BATON ROUGE,190202,LA,READM-30-HF-HRRP,226.0,,1.0133,20.3703,20.1037,47.0,07/01/2021,06/30/2024,1.5656379999999999
EAST CARROLL PARISH HOSPITAL,190208,LA,READM-30-COPD-HRRP,48.0,,1.1093,17.8292,16.072,16.0,07/01/2021,06/30/2024,8.28544
CHRISTUS CENTRAL LOUISIANA SURGICAL HOSPITAL,190298,LA,READM-30-HIP-KNEE-HRRP,177.0,,1.3037,7.2894,5.5913,16.0,07/01/2021,06/30/2024,6.103399
ACADIAN MEDICAL CENTER,190318,LA,READM-30-HF-HRRP,49.0,,1.025,18.8342,18.3756,11.0,07/01/2021,06/30/2024,1.9959560000000014
ST JOSEPH HOSPITAL,200001,ME,READM-30-PN-HRRP,273.0,,1.1728,16.9634,14.464,57.0,07/01/2021,06/30/2024,17.51328
ST JOSEPH HOSPITAL,200001,ME,READM-30-COPD-HRRP,75.0,,1.024,18.9643,18.5194,16.0,07/01/2021,06/30/2024,2.11045
NORTHERN LIGHT MERCY HOSPITAL,200008,ME,READM-30-HF-HRRP,123.0,,1.0132,17.951,17.7176,23.0,07/01/2021,06/30/2024,1.2073520000000002
YORK HOSPITAL,200020,ME,READM-30-PN-HRRP,193.0,,1.0297,13.5337,13.1436,28.0,07/01/2021,06/30/2024,2.6328519999999997
CARY MEDICAL CENTER,200031,ME,READM-30-HF-HRRP,56.0,,1.0907,20.8541,19.1207,18.0,07/01/2021,06/30/2024,7.292408
CARY MEDICAL CENTER,200031,ME,READM-30-COPD-HRRP,47.0,,1.0573,15.0838,14.2663,11.0,07/01/2021,06/30/2024,4.2948390000000005
NORTHERN LIGHT MAINE COAST HOSPITAL,200050,ME,READM-30-PN-HRRP,90.0,,1.0222,16.156,15.8054,16.0,07/01/2021,06/30/2024,1.7751400000000004
MAINEHEALTH PEN BAY HOSPITAL,200063,ME,READM-30-PN-HRRP,116.0,,1.0266,13.2009,12.8589,17.0,07/01/2021,06/30/2024,2.0836759999999988
MAINEHEALTH PEN BAY HOSPITAL,200063,ME,READM-30-HF-HRRP,143.0,,1.0339,18.6225,18.0128,29.0,07/01/2021,06/30/2024,3.241696000000001
MERITUS MEDICAL CENTER,210001,MD,READM-30-PN-HRRP,896.0,,1.2406,19.4437,15.6728,189.0,07/01/2021,06/30/2024,48.57171199999999
MERITUS MEDICAL CENTER,210001,MD,READM-30-AMI-HRRP,284.0,,1.0361,14.495,13.9899,43.0,07/01/2021,06/30/2024,3.2686840000000004
UNIVERSITY OF MARYLAND MEDICAL CENTER,210002,MD,READM-30-COPD-HRRP,89.0,,1.0013,21.2354,21.2076,19.0,07/01/2021,06/30/2024,0.125236000000001
UNIVERSITY OF MARYLAND MEDICAL CENTER,210002,MD,READM-30-AMI-HRRP,210.0,,1.0251,16.0484,15.6557,35.0,07/01/2021,06/30/2024,2.12303
UNIVERSITY OF MD CAPITAL REGION MEDICAL CENTER,210003,MD,READM-30-HF-HRRP,211.0,,1.1122,23.2371,20.8928,57.0,07/01/2021,06/30/2024,12.916192000000002
UNIVERSITY OF MD CAPITAL REGION MEDICAL CENTER,210003,MD,READM-30-COPD-HRRP,110.0,,1.0407,22.6182,21.7331,28.0,07/01/2021,06/30/2024,4.093589999999999
HOLY CROSS HOSPITAL,210004,MD,READM-30-AMI-HRRP,83.0,,1.0566,14.6908,13.9036,15.0,07/01/2021,06/30/2024,3.460011999999999
FREDERICK HEALTH HOSPITAL,210005,MD,READM-30-COPD-HRRP,379.0,,1.064,20.6493,19.4063,83.0,07/01/2021,06/30/2024,9.45012299999999
FREDERICK HEALTH HOSPITAL,210005,MD,READM-30-AMI-HRRP,182.0,,1.0095,14.0196,13.8878,26.0,07/01/2021,06/30/2024,0.7242040000000003
MERCY MEDICAL CENTER INC,210008,MD,READM-30-PN-HRRP,72.0,,1.0485,17.7113,16.8918,16.0,07/01/2021,06/30/2024,3.837903999999998
MERCY MEDICAL CENTER INC,210008,MD,READM-30-HF-HRRP,168.0,,1.1038,22.4112,20.3035,45.0,07/01/2021,06/30/2024,10.890120000000003
MERCY MEDICAL CENTER INC,210008,MD,READM-30-COPD-HRRP,46.0,,1.0257,21.7549,21.2093,12.0,07/01/2021,06/30/2024,2.2437220000000018
"JOHNS HOPKINS HOSPITAL, THE",210009,MD,READM-30-AMI-HRRP,186.0,,1.0249,15.4362,15.0608,30.0,07/01/2021,06/30/2024,1.9869120000000002
SAINT AGNES HOSPITAL,210011,MD,READM-30-PN-HRRP,305.0,29,1.0132,15.4512,15.2494,48.0,07/01/2021,06/30/2024,1.4893300000000025
SAINT AGNES HOSPITAL,210011,MD,READM-30-COPD-HRRP,255.0,29,1.027,19.5978,19.0834,52.0,07/01/2021,06/30/2024,3.3373300000000015
SINAI HOSPITAL OF BALTIMORE,210012,MD,READM-30-HF-HRRP,461.0,,1.0459,21.8376,20.8797,104.0,07/01/2021,06/30/2024,7.744582999999992
MEDSTAR FRANKLIN SQUARE MEDICAL CENTER,210015,MD,READM-30-AMI-HRRP,194.0,,1.0554,17.5931,16.6695,37.0,07/01/2021,06/30/2024,4.661170000000006
ADVENTIST HEALTHCARE WHITE OAK MEDICAL CENTER,210016,MD,READM-30-PN-HRRP,514.0,,1.006,16.2635,16.1666,84.0,07/01/2021,06/30/2024,0.9036760000000186
ADVENTIST HEALTHCARE WHITE OAK MEDICAL CENTER,210016,MD,READM-30-COPD-HRRP,149.0,,1.0242,19.6019,19.1387,31.0,07/01/2021,06/30/2024,2.483336999999999
ADVENTIST HEALTHCARE WHITE OAK MEDICAL CENTER,210016,MD,READM-30-CABG-HRRP,223.0,,1.0994,11.4427,10.4081,28.0,07/01/2021,06/30/2024,4.789937000000002
ADVENTIST HEALTHCARE WHITE OAK MEDICAL CENTER,210016,MD,READM-30-AMI-HRRP,267.0,,1.038,13.8941,13.385,39.0,07/01/2021,06/30/2024,3.262050000000002
MEDSTAR MONTGOMERY MEDICAL CENTER,210018,MD,READM-30-COPD-HRRP,106.0,,1.0035,19.5639,19.4956,21.0,07/01/2021,06/30/2024,0.3346640000000001
"TIDALHEALTH PENINSULA REGIONAL, INC",210019,MD,READM-30-AMI-HRRP,482.0,,1.0142,14.166,13.9681,69.0,07/01/2021,06/30/2024,1.6737580000000065
SUBURBAN HOSPITAL,210022,MD,READM-30-PN-HRRP,640.0,,1.0293,14.8588,14.4362,97.0,07/01/2021,06/30/2024,4.608320000000006
SUBURBAN HOSPITAL,210022,MD,READM-30-HF-HRRP,849.0,,1.0287,18.4903,17.9742,159.0,07/01/2021,06/30/2024,6.399042000000009
SUBURBAN HOSPITAL,210022,MD,READM-30-AMI-HRRP,291.0,,1.0042,12.9843,12.9294,38.0,07/01/2021,06/30/2024,0.3754460000000037
"LUMINIS HEALTH ANNE ARUNDEL MEDICAL CENTER, INC",210023,MD,READM-30-PN-HRRP,1253.0,,1.0108,15.3458,15.1815,193.0,07/01/2021,06/30/2024,2.775804999999991
"LUMINIS HEALTH ANNE ARUNDEL MEDICAL CENTER, INC",210023,MD,READM-30-HIP-KNEE-HRRP,250.0,,1.1052,5.9402,5.3749,16.0,07/01/2021,06/30/2024,2.5627499999999994
"LUMINIS HEALTH ANNE ARUNDEL MEDICAL CENTER, INC",210023,MD,READM-30-COPD-HRRP,541.0,,1.0214,19.4847,19.0771,107.0,07/01/2021,06/30/2024,3.792888999999988
"LUMINIS HEALTH ANNE ARUNDEL MEDICAL CENTER, INC",210023,MD,READM-30-AMI-HRRP,371.0,,1.0701,13.891,12.981,55.0,07/01/2021,06/30/2024,6.8404899999999955
MEDSTAR UNION MEMORIAL HOSPITAL,210024,MD,READM-30-COPD-HRRP,168.0,,1.0171,23.582,23.1845,41.0,07/01/2021,06/30/2024,2.0500400000000027
WESTERN MARYLAND REGIONAL MEDICAL CENTER,210027,MD,READM-30-COPD-HRRP,288.0,,1.0343,19.6165,18.9662,59.0,07/01/2021,06/30/2024,4.377344000000001
WESTERN MARYLAND REGIONAL MEDICAL CENTER,210027,MD,READM-30-AMI-HRRP,209.0,,1.0427,14.287,13.7014,32.0,07/01/2021,06/30/2024,3.3640740000000022
MEDSTAR SAINT MARY'S HOSPITAL,210028,MD,READM-30-HF-HRRP,399.0,,1.0307,20.747,20.1283,85.0,07/01/2021,06/30/2024,4.688083000000006
JOHNS HOPKINS BAYVIEW MEDICAL CENTER,210029,MD,READM-30-COPD-HRRP,280.0,,1.0156,22.422,22.0766,64.0,07/01/2021,06/30/2024,2.185520000000004
UNION HOSPITAL OF CECIL COUNTY,210032,MD,READM-30-PN-HRRP,338.0,,1.0336,16.4996,15.9628,58.0,07/01/2021,06/30/2024,4.045736000000005
UNION HOSPITAL OF CECIL COUNTY,210032,MD,READM-30-HF-HRRP,315.0,,1.0007,19.6672,19.6542,62.0,07/01/2021,06/30/2024,0.08926999999999907
UNION HOSPITAL OF CECIL COUNTY,210032,MD,READM-30-COPD-HRRP,304.0,,1.0488,20.8447,19.8754,67.0,07/01/2021,06/30/2024,6.578784000000006
CARROLL HOSPITAL CENTER,210033,MD,READM-30-PN-HRRP,922.0,,1.0468,16.0466,15.3298,151.0,07/01/2021,06/30/2024,9.659243999999973
CARROLL HOSPITAL CENTER,210033,MD,READM-30-HF-HRRP,740.0,,1.0133,20.1405,19.8767,150.0,07/01/2021,06/30/2024,2.9124199999999973
CARROLL HOSPITAL CENTER,210033,MD,READM-30-COPD-HRRP,427.0,,1.0005,18.0242,18.0152,77.0,07/01/2021,06/30/2024,0.07509600000000205
UNIVERSITY OF MD CHARLES REGIONAL  MEDICAL CENTER,210035,MD,READM-30-HF-HRRP,258.0,,1.0309,21.2225,20.5866,57.0,07/01/2021,06/30/2024,3.886572000000001
CALVERTHEALTH MEDICAL CENTER,210039,MD,READM-30-PN-HRRP,432.0,,1.0168,15.9463,15.6833,70.0,07/01/2021,06/30/2024,2.2481439999999964
NORTHWEST HOSPITAL CENTER,210040,MD,READM-30-PN-HRRP,422.0,,1.0152,17.0552,16.7995,73.0,07/01/2021,06/30/2024,2.1061100000000152
NORTHWEST HOSPITAL CENTER,210040,MD,READM-30-HF-HRRP,529.0,,1.0648,21.6172,20.3022,119.0,07/01/2021,06/30/2024,11.601362000000009
NORTHWEST HOSPITAL CENTER,210040,MD,READM-30-COPD-HRRP,187.0,,1.0075,20.0132,19.8642,38.0,07/01/2021,06/30/2024,0.8539460000000005
NORTHWEST HOSPITAL CENTER,210040,MD,READM-30-AMI-HRRP,51.0,,1.0422,17.2832,16.5826,11.0,07/01/2021,06/30/2024,2.5428739999999994
JOHNS HOPKINS HOWARD COUNTY MEDICAL CENTER,210048,MD,READM-30-PN-HRRP,730.0,,1.0487,15.4568,14.7395,116.0,07/01/2021,06/30/2024,8.401650000000004
JOHNS HOPKINS HOWARD COUNTY MEDICAL CENTER,210048,MD,READM-30-HF-HRRP,799.0,,1.084,19.7977,18.264,164.0,07/01/2021,06/30/2024,18.070639999999997
UMD UPPER CHESAPEAKE MEDICAL CENTER,210049,MD,READM-30-COPD-HRRP,330.0,,1.0483,18.6476,17.7876,65.0,07/01/2021,06/30/2024,6.300919999999998
"LUMINIS HEALTH DOCTORS COMMUNITY MEDICAL CTR, INC",210051,MD,READM-30-COPD-HRRP,193.0,,1.0011,20.163,20.1404,39.0,07/01/2021,06/30/2024,0.12902799999999814
MEDSTAR GOOD SAMARITAN HOSPITAL,210056,MD,READM-30-HF-HRRP,483.0,,1.0167,23.342,22.9583,114.0,07/01/2021,06/30/2024,3.1114109999999897
MEDSTAR GOOD SAMARITAN HOSPITAL,210056,MD,READM-30-COPD-HRRP,206.0,,1.0498,21.4816,20.4632,48.0,07/01/2021,06/30/2024,5.845807999999998
ADVENTIST HEALTHCARE SHADY GROVE MEDICAL CENTER,210057,MD,READM-30-PN-HRRP,680.0,,1.0473,16.162,15.4314,113.0,07/01/2021,06/30/2024,8.066479999999999
ADVENTIST HEALTHCARE SHADY GROVE MEDICAL CENTER,210057,MD,READM-30-HIP-KNEE-HRRP,200.0,,1.3921,7.0884,5.0919,18.0,07/01/2021,06/30/2024,7.8162
ADVENTIST HEALTHCARE FORT WASHINGTON MEDICAL CTR,210060,MD,READM-30-PN-HRRP,156.0,,1.0208,15.1491,14.8398,25.0,07/01/2021,06/30/2024,1.8499119999999998
ATLANTIC GENERAL HOSPITAL,210061,MD,READM-30-PN-HRRP,338.0,,1.0234,13.758,13.4433,48.0,07/01/2021,06/30/2024,2.561646000000003
MEDSTAR SOUTHERN MARYLAND HOSPITAL CENTER,210062,MD,READM-30-COPD-HRRP,156.0,,1.0491,21.3565,20.357,37.0,07/01/2021,06/30/2024,5.243079999999999
UNIVERSITY OF MD ST JOSEPH MEDICAL CENTER,210063,MD,READM-30-HIP-KNEE-HRRP,265.0,,1.1797,7.1954,6.0993,21.0,07/01/2021,06/30/2024,4.836855
UNIVERSITY OF MD ST JOSEPH MEDICAL CENTER,210063,MD,READM-30-CABG-HRRP,376.0,,1.0027,10.8859,10.857,41.0,07/01/2021,06/30/2024,0.17768000000000228
HOLY CROSS GERMANTOWN HOSPITAL,210065,MD,READM-30-PN-HRRP,211.0,,1.1208,17.204,15.3497,44.0,07/01/2021,06/30/2024,11.612133
HOLY CROSS GERMANTOWN HOSPITAL,210065,MD,READM-30-HF-HRRP,171.0,,1.0687,20.5697,19.2476,40.0,07/01/2021,06/30/2024,7.086604000000001
HOLY CROSS GERMANTOWN HOSPITAL,210065,MD,READM-30-COPD-HRRP,109.0,,1.0491,20.5317,19.5703,26.0,07/01/2021,06/30/2024,4.6683730000000025
UMASS MEMORIAL HEALTHALLIANCE HOSPITALS,220001,MA,READM-30-PN-HRRP,412.0,,1.1001,17.3712,15.7904,78.0,07/01/2021,06/30/2024,12.943552000000011
UMASS MEMORIAL HEALTHALLIANCE HOSPITALS,220001,MA,READM-30-HF-HRRP,393.0,,1.0464,22.0426,21.0662,90.0,07/01/2021,06/30/2024,7.209834000000001
UMASS MEMORIAL HEALTHALLIANCE HOSPITALS,220001,MA,READM-30-COPD-HRRP,214.0,,1.0207,20.7619,20.3409,46.0,07/01/2021,06/30/2024,2.470473999999996
MOUNT AUBURN HOSPITAL,220002,MA,READM-30-PN-HRRP,477.0,,1.1017,15.6407,14.1971,81.0,07/01/2021,06/30/2024,13.279832999999996
STURDY MEMORIAL HOSPITAL,220008,MA,READM-30-PN-HRRP,766.0,,1.1319,16.676,14.7321,136.0,07/01/2021,06/30/2024,23.152113999999997
STURDY MEMORIAL HOSPITAL,220008,MA,READM-30-HIP-KNEE-HRRP,189.0,,1.2872,5.3661,4.1688,13.0,07/01/2021,06/30/2024,5.1209679999999995
STURDY MEMORIAL HOSPITAL,220008,MA,READM-30-HF-HRRP,416.0,,1.1237,21.2669,18.9263,97.0,07/01/2021,06/30/2024,18.26659199999999
STURDY MEMORIAL HOSPITAL,220008,MA,READM-30-COPD-HRRP,298.0,,1.0847,18.784,17.3169,62.0,07/01/2021,06/30/2024,10.395637999999998
LAWRENCE GENERAL HOSPITAL,220010,MA,READM-30-HF-HRRP,522.0,,1.0254,19.7665,19.2774,105.0,07/01/2021,06/30/2024,4.3719719999999995
LAWRENCE GENERAL HOSPITAL,220010,MA,READM-30-AMI-HRRP,108.0,,1.0935,14.2758,13.0548,20.0,07/01/2021,06/30/2024,5.900816000000001
CAPE COD HOSPITAL,220012,MA,READM-30-PN-HRRP,1548.0,,1.0957,16.1452,14.7346,256.0,07/01/2021,06/30/2024,27.908391999999992
CAPE COD HOSPITAL,220012,MA,READM-30-HF-HRRP,1188.0,,1.1149,20.1322,18.0582,247.0,07/01/2021,06/30/2024,32.46858400000002
CAPE COD HOSPITAL,220012,MA,READM-30-COPD-HRRP,340.0,,1.0473,17.5412,16.7495,63.0,07/01/2021,06/30/2024,6.051699999999997
CAPE COD HOSPITAL,220012,MA,READM-30-AMI-HRRP,652.0,,1.0987,12.468,11.3481,86.0,07/01/2021,06/30/2024,12.010388000000006
"COOLEY DICKINSON HOSPITAL INC,THE",220015,MA,READM-30-HF-HRRP,423.0,,1.1401,19.3094,16.9371,91.0,07/01/2021,06/30/2024,19.356066999999996
"COOLEY DICKINSON HOSPITAL INC,THE",220015,MA,READM-30-COPD-HRRP,121.0,,1.0759,16.3565,15.2031,25.0,07/01/2021,06/30/2024,6.604248999999999
BAYSTATE FRANKLIN MEDICAL CENTER,220016,MA,READM-30-HF-HRRP,300.0,,1.0293,18.3187,17.7978,57.0,07/01/2021,06/30/2024,3.6066000000000003
BAYSTATE FRANKLIN MEDICAL CENTER,220016,MA,READM-30-COPD-HRRP,142.0,,1.0546,18.388,17.4363,30.0,07/01/2021,06/30/2024,5.240454
CARNEY HOSPITAL,220017,MA,READM-30-PN-HRRP,64.0,,1.0115,15.9851,15.8034,11.0,07/01/2021,06/30/2024,0.8858239999999995
UMASS MEMORIAL HEALTH - HARRINGTON HOSPITAL,220019,MA,READM-30-PN-HRRP,268.0,,1.1101,15.7221,14.1629,49.0,07/01/2021,06/30/2024,11.043427999999999
UMASS MEMORIAL HEALTH - HARRINGTON HOSPITAL,220019,MA,READM-30-HF-HRRP,281.0,,1.1008,20.6523,18.7617,65.0,07/01/2021,06/30/2024,12.279623
UMASS MEMORIAL HEALTH - HARRINGTON HOSPITAL,220019,MA,READM-30-COPD-HRRP,134.0,,1.0473,19.0756,18.214,29.0,07/01/2021,06/30/2024,4.5932400000000015
SAINT ANNE'S HOSPITAL,220020,MA,READM-30-HF-HRRP,343.0,,1.0479,20.2907,19.3627,73.0,07/01/2021,06/30/2024,6.585938999999996
SAINT ANNE'S HOSPITAL,220020,MA,READM-30-COPD-HRRP,152.0,,1.0421,18.3915,17.6479,31.0,07/01/2021,06/30/2024,4.175191999999999
SAINT ANNE'S HOSPITAL,220020,MA,READM-30-AMI-HRRP,71.0,,1.0545,14.4848,13.7363,13.0,07/01/2021,06/30/2024,3.2472269999999988
HOLYOKE MEDICAL CENTER,220024,MA,READM-30-PN-HRRP,318.0,,1.0749,16.0965,14.9745,56.0,07/01/2021,06/30/2024,8.381089999999993
HOLYOKE MEDICAL CENTER,220024,MA,READM-30-HF-HRRP,260.0,,1.0638,17.9399,16.8633,51.0,07/01/2021,06/30/2024,7.1554200000000066
HOLYOKE MEDICAL CENTER,220024,MA,READM-30-COPD-HRRP,102.0,,1.0486,17.2381,16.4389,21.0,07/01/2021,06/30/2024,4.232322
ANNA JAQUES HOSPITAL,220029,MA,READM-30-PN-HRRP,461.0,,1.1039,16.3607,14.8204,82.0,07/01/2021,06/30/2024,13.677955999999995
ANNA JAQUES HOSPITAL,220029,MA,READM-30-HIP-KNEE-HRRP,307.0,,1.1386,4.4108,3.874,15.0,07/01/2021,06/30/2024,3.106819999999999
ANNA JAQUES HOSPITAL,220029,MA,READM-30-HF-HRRP,354.0,,1.0468,19.6917,18.8118,73.0,07/01/2021,06/30/2024,6.406227999999999
ANNA JAQUES HOSPITAL,220029,MA,READM-30-COPD-HRRP,186.0,,1.1478,18.266,15.9135,44.0,07/01/2021,06/30/2024,14.40089
BAYSTATE WING HOSPITAL,220030,MA,READM-30-PN-HRRP,295.0,,1.0302,14.9298,14.4918,46.0,07/01/2021,06/30/2024,3.249190000000006
BAYSTATE WING HOSPITAL,220030,MA,READM-30-HF-HRRP,414.0,,1.0487,19.9444,19.019,86.0,07/01/2021,06/30/2024,7.261340000000018
BAYSTATE WING HOSPITAL,220030,MA,READM-30-COPD-HRRP,162.0,,1.0617,19.4433,18.3126,36.0,07/01/2021,06/30/2024,6.333587999999999
BOSTON MEDICAL CENTER,220031,MA,READM-30-COPD-HRRP,106.0,,1.0846,22.4113,20.6635,30.0,07/01/2021,06/30/2024,8.096690000000002
NORTHEAST HOSPITAL CORPORATION,220033,MA,READM-30-HF-HRRP,944.0,,1.045,19.4736,18.6357,187.0,07/01/2021,06/30/2024,11.078992
NORTHEAST HOSPITAL CORPORATION,220033,MA,READM-30-COPD-HRRP,252.0,,1.0591,18.1536,17.1413,50.0,07/01/2021,06/30/2024,6.803923999999995
NORTHEAST HOSPITAL CORPORATION,220033,MA,READM-30-AMI-HRRP,212.0,,1.0186,14.1789,13.9199,31.0,07/01/2021,06/30/2024,1.4898120000000006
NORTH SHORE MEDICAL CENTER -,220035,MA,READM-30-PN-HRRP,1012.0,,1.0921,17.3966,15.9301,182.0,07/01/2021,06/30/2024,20.787387999999993
NORTH SHORE MEDICAL CENTER -,220035,MA,READM-30-COPD-HRRP,295.0,,1.0132,21.0136,20.7408,63.0,07/01/2021,06/30/2024,1.8146399999999971
BOSTON MEDICAL CENTER-BRIGHTON,220036,MA,READM-30-HF-HRRP,249.0,,1.1383,21.8863,19.2274,64.0,07/01/2021,06/30/2024,16.123773999999997
BOSTON MEDICAL CENTER-BRIGHTON,220036,MA,READM-30-CABG-HRRP,270.0,,1.0527,12.8263,12.1842,36.0,07/01/2021,06/30/2024,3.10266
BOSTON MEDICAL CENTER-BRIGHTON,220036,MA,READM-30-AMI-HRRP,329.0,,1.2639,18.4135,14.5689,73.0,07/01/2021,06/30/2024,25.068319000000002
BERKSHIRE MEDICAL CENTER,220046,MA,READM-30-HF-HRRP,895.0,,1.0312,20.3072,19.692,184.0,07/01/2021,06/30/2024,7.756599999999992
UMASS MEMORIAL HEALTHCARE-MARLBOROUGH HOSPITAL,220049,MA,READM-30-PN-HRRP,251.0,,1.1444,17.8563,15.603,54.0,07/01/2021,06/30/2024,14.836469999999998
UMASS MEMORIAL HEALTHCARE-MARLBOROUGH HOSPITAL,220049,MA,READM-30-HF-HRRP,229.0,,1.0726,20.9006,19.4852,53.0,07/01/2021,06/30/2024,8.378892
UMASS MEMORIAL HEALTHCARE-MARLBOROUGH HOSPITAL,220049,MA,READM-30-COPD-HRRP,109.0,,1.09,18.1299,16.6334,26.0,07/01/2021,06/30/2024,7.869593999999999
SIGNATURE HEALTHCARE BROCKTON HOSPITAL,220052,MA,READM-30-HF-HRRP,170.0,29,1.0027,19.8867,19.8337,34.0,07/01/2021,06/30/2024,0.28270999999999447
SIGNATURE HEALTHCARE BROCKTON HOSPITAL,220052,MA,READM-30-COPD-HRRP,132.0,29,1.0751,18.6603,17.3568,30.0,07/01/2021,06/30/2024,7.089023999999998
BETH ISRAEL DEACONESS HOSPITAL PLYMOUTH,220060,MA,READM-30-AMI-HRRP,201.0,,1.0009,12.4145,12.4029,25.0,07/01/2021,06/30/2024,0.07017099999999843
LOWELL GENERAL HOSPITAL,220063,MA,READM-30-PN-HRRP,731.0,,1.1036,17.5536,15.9051,135.0,07/01/2021,06/30/2024,18.733719000000008
LOWELL GENERAL HOSPITAL,220063,MA,READM-30-HF-HRRP,1027.0,,1.0677,20.6635,19.3526,217.0,07/01/2021,06/30/2024,18.248798000000022
LOWELL GENERAL HOSPITAL,220063,MA,READM-30-COPD-HRRP,340.0,,1.1022,20.2092,18.3357,76.0,07/01/2021,06/30/2024,13.658619999999999
LOWELL GENERAL HOSPITAL,220063,MA,READM-30-AMI-HRRP,214.0,,1.1177,15.54,13.904,39.0,07/01/2021,06/30/2024,9.245440000000002
BAYSTATE NOBLE HOSPITAL,220065,MA,READM-30-PN-HRRP,181.0,,1.0285,14.4547,14.054,28.0,07/01/2021,06/30/2024,2.562260000000002
BAYSTATE NOBLE HOSPITAL,220065,MA,READM-30-HF-HRRP,238.0,,1.0644,18.3141,17.2058,48.0,07/01/2021,06/30/2024,7.050196
MERCY MEDICAL CTR,220066,MA,READM-30-PN-HRRP,278.0,,1.0973,16.8371,15.3442,53.0,07/01/2021,06/30/2024,10.343124000000003
MERCY MEDICAL CTR,220066,MA,READM-30-HF-HRRP,407.0,,1.025,19.7093,19.2296,82.0,07/01/2021,06/30/2024,3.735527999999988
MERCY MEDICAL CTR,220066,MA,READM-30-COPD-HRRP,138.0,,1.1165,20.7652,18.5982,37.0,07/01/2021,06/30/2024,11.334484000000003
MELROSEWAKEFIELD HEALTHCARE,220070,MA,READM-30-PN-HRRP,527.0,,1.1524,18.0956,15.702,105.0,07/01/2021,06/30/2024,22.250460000000004
MELROSEWAKEFIELD HEALTHCARE,220070,MA,READM-30-HF-HRRP,665.0,,1.0521,19.7489,18.7712,135.0,07/01/2021,06/30/2024,10.171520000000001
MELROSEWAKEFIELD HEALTHCARE,220070,MA,READM-30-COPD-HRRP,221.0,,1.1361,21.7916,19.1815,58.0,07/01/2021,06/30/2024,15.608885
MELROSEWAKEFIELD HEALTHCARE,220070,MA,READM-30-AMI-HRRP,145.0,,1.0369,13.2085,12.7379,21.0,07/01/2021,06/30/2024,2.530045000000001
BROWN UNIVERSITY HEALTH MORTON HOSPITAL,220073,MA,READM-30-PN-HRRP,477.0,,1.1453,16.7558,14.6299,89.0,07/01/2021,06/30/2024,19.215377000000004
BROWN UNIVERSITY HEALTH MORTON HOSPITAL,220073,MA,READM-30-HIP-KNEE-HRRP,239.0,,1.5594,6.6581,4.2697,21.0,07/01/2021,06/30/2024,10.795416999999999
BROWN UNIVERSITY HEALTH MORTON HOSPITAL,220073,MA,READM-30-HF-HRRP,444.0,,1.0951,20.8132,19.0061,99.0,07/01/2021,06/30/2024,14.612915999999998
BROWN UNIVERSITY HEALTH MORTON HOSPITAL,220073,MA,READM-30-COPD-HRRP,298.0,,1.0672,19.1846,17.9771,62.0,07/01/2021,06/30/2024,8.428241999999997
BAYSTATE MEDICAL CENTER,220077,MA,READM-30-PN-HRRP,939.0,,1.1764,19.7851,16.8182,197.0,07/01/2021,06/30/2024,39.077102
BAYSTATE MEDICAL CENTER,220077,MA,READM-30-HF-HRRP,1717.0,,1.0538,21.1502,20.071,367.0,07/01/2021,06/30/2024,22.380929999999978
BAYSTATE MEDICAL CENTER,220077,MA,READM-30-COPD-HRRP,412.0,,1.0675,22.0699,20.674,96.0,07/01/2021,06/30/2024,10.823120000000003
BAYSTATE MEDICAL CENTER,220077,MA,READM-30-CABG-HRRP,310.0,,1.2464,13.9229,11.1705,49.0,07/01/2021,06/30/2024,14.371450000000003
BAYSTATE MEDICAL CENTER,220077,MA,READM-30-AMI-HRRP,1124.0,,1.1792,15.4378,13.0921,182.0,07/01/2021,06/30/2024,34.844796
HOLY FAMILY HOSPITAL,220080,MA,READM-30-PN-HRRP,608.0,,1.0532,15.3919,14.6149,97.0,07/01/2021,06/30/2024,8.141407999999998
HOLY FAMILY HOSPITAL,220080,MA,READM-30-HIP-KNEE-HRRP,131.0,,1.5658,6.7811,4.3309,14.0,07/01/2021,06/30/2024,8.326521
HOLY FAMILY HOSPITAL,220080,MA,READM-30-HF-HRRP,535.0,,1.0662,19.698,18.4741,110.0,07/01/2021,06/30/2024,11.163565000000006
HOLY FAMILY HOSPITAL,220080,MA,READM-30-COPD-HRRP,182.0,,1.0621,16.8367,15.8527,35.0,07/01/2021,06/30/2024,6.148085999999999
HOLY FAMILY HOSPITAL,220080,MA,READM-30-AMI-HRRP,70.0,,1.0288,15.0515,14.6307,12.0,07/01/2021,06/30/2024,1.7585100000000011
BETH ISRAEL DEACONESS HOSPITAL - NEEDHAM,220083,MA,READM-30-PN-HRRP,706.0,,1.1018,15.9454,14.472,119.0,07/01/2021,06/30/2024,16.827680000000015
BETH ISRAEL DEACONESS HOSPITAL - NEEDHAM,220083,MA,READM-30-HF-HRRP,536.0,,1.0635,19.3269,18.1729,108.0,07/01/2021,06/30/2024,10.59325600000001
EMERSON HOSPITAL -,220084,MA,READM-30-PN-HRRP,418.0,,1.0128,15.1102,14.9199,64.0,07/01/2021,06/30/2024,1.6348180000000028
EMERSON HOSPITAL -,220084,MA,READM-30-COPD-HRRP,76.0,,1.0872,20.6891,19.029,22.0,07/01/2021,06/30/2024,7.537960000000002
BETH ISRAEL DEACONESS MEDICAL CENTER,220086,MA,READM-30-PN-HRRP,608.0,,1.0153,17.0977,16.8397,105.0,07/01/2021,06/30/2024,2.614623999999992
BETH ISRAEL DEACONESS MEDICAL CENTER,220086,MA,READM-30-CABG-HRRP,319.0,,1.0762,10.0724,9.3591,34.0,07/01/2021,06/30/2024,4.144471000000003
BETH ISRAEL DEACONESS MEDICAL CENTER,220086,MA,READM-30-AMI-HRRP,530.0,,1.1194,15.5018,13.8489,88.0,07/01/2021,06/30/2024,14.600830000000002
MILFORD REGIONAL MEDICAL CENTER,220090,MA,READM-30-PN-HRRP,840.0,,1.1784,17.8501,15.1482,161.0,07/01/2021,06/30/2024,33.75511999999999
MILFORD REGIONAL MEDICAL CENTER,220090,MA,READM-30-HF-HRRP,733.0,,1.2135,22.618,18.6381,180.0,07/01/2021,06/30/2024,43.38272699999999
MILFORD REGIONAL MEDICAL CENTER,220090,MA,READM-30-COPD-HRRP,367.0,,1.158,20.4156,17.6306,86.0,07/01/2021,06/30/2024,21.295697999999987
HEYWOOD HOSPITAL -,220095,MA,READM-30-PN-HRRP,285.0,,1.0319,14.7176,14.2621,44.0,07/01/2021,06/30/2024,3.353014999999999
HEYWOOD HOSPITAL -,220095,MA,READM-30-HF-HRRP,209.0,,1.0439,18.6342,17.8501,42.0,07/01/2021,06/30/2024,4.693290999999995
HEYWOOD HOSPITAL -,220095,MA,READM-30-COPD-HRRP,123.0,,1.072,17.8569,16.658,27.0,07/01/2021,06/30/2024,6.510659999999998
NASHOBA VALLEY MEDICAL CENTER,220098,MA,READM-30-PN-HRRP,128.0,,1.0124,14.9966,14.8135,20.0,07/01/2021,06/30/2024,1.0387200000000014
NASHOBA VALLEY MEDICAL CENTER,220098,MA,READM-30-COPD-HRRP,76.0,,1.0079,17.6729,17.535,14.0,07/01/2021,06/30/2024,0.6733999999999991
SOUTH SHORE HOSPITAL,220100,MA,READM-30-PN-HRRP,1883.0,,1.1766,18.4249,15.6593,358.0,07/01/2021,06/30/2024,63.135380999999995
SOUTH SHORE HOSPITAL,220100,MA,READM-30-HF-HRRP,1759.0,,1.0474,20.1041,19.1934,357.0,07/01/2021,06/30/2024,19.388094000000024
SOUTH SHORE HOSPITAL,220100,MA,READM-30-COPD-HRRP,615.0,,1.0538,18.8803,17.9168,120.0,07/01/2021,06/30/2024,9.81168000000001
SOUTH SHORE HOSPITAL,220100,MA,READM-30-AMI-HRRP,351.0,,1.1911,15.9296,13.3736,65.0,07/01/2021,06/30/2024,18.058664
NEWTON-WELLESLEY HOSPITAL,220101,MA,READM-30-PN-HRRP,812.0,,1.0038,14.8703,14.8136,121.0,07/01/2021,06/30/2024,0.7135680000000093
NEWTON-WELLESLEY HOSPITAL,220101,MA,READM-30-HIP-KNEE-HRRP,460.0,,1.1157,6.0297,5.4043,29.0,07/01/2021,06/30/2024,4.140219999999999
WINCHESTER HOSPITAL,220105,MA,READM-30-PN-HRRP,921.0,,1.1763,16.6379,14.1447,164.0,07/01/2021,06/30/2024,33.72731300000001
WINCHESTER HOSPITAL,220105,MA,READM-30-HIP-KNEE-HRRP,186.0,,1.4794,7.24,4.8938,18.0,07/01/2021,06/30/2024,8.897532
WINCHESTER HOSPITAL,220105,MA,READM-30-HF-HRRP,685.0,,1.23,22.8821,18.6039,172.0,07/01/2021,06/30/2024,44.56328500000001
WINCHESTER HOSPITAL,220105,MA,READM-30-COPD-HRRP,237.0,,1.1411,17.1128,14.997,50.0,07/01/2021,06/30/2024,14.45711
BETH ISRAEL DEACONESS HOSPITAL - MILTON,220108,MA,READM-30-PN-HRRP,426.0,,1.0615,14.5823,13.7378,66.0,07/01/2021,06/30/2024,7.4769720000000035
BETH ISRAEL DEACONESS HOSPITAL - MILTON,220108,MA,READM-30-COPD-HRRP,125.0,,1.0696,17.6677,16.5185,27.0,07/01/2021,06/30/2024,6.351875
BRIGHAM AND WOMEN'S HOSPITAL,220110,MA,READM-30-PN-HRRP,646.0,,1.0415,19.5283,18.75,129.0,07/01/2021,06/30/2024,7.875
BRIGHAM AND WOMEN'S HOSPITAL,220110,MA,READM-30-AMI-HRRP,660.0,,1.2243,17.3296,14.1543,125.0,07/01/2021,06/30/2024,31.58162
GOOD SAMARITAN MEDICAL CENTER,220111,MA,READM-30-PN-HRRP,717.0,,1.1044,17.3351,15.6964,131.0,07/01/2021,06/30/2024,18.456812
GOOD SAMARITAN MEDICAL CENTER,220111,MA,READM-30-HIP-KNEE-HRRP,388.0,,1.0296,4.5539,4.4231,18.0,07/01/2021,06/30/2024,0.8383719999999997
GOOD SAMARITAN MEDICAL CENTER,220111,MA,READM-30-HF-HRRP,682.0,,1.1191,21.9484,19.6123,158.0,07/01/2021,06/30/2024,24.244113999999996
GOOD SAMARITAN MEDICAL CENTER,220111,MA,READM-30-COPD-HRRP,275.0,,1.0515,18.2903,17.395,54.0,07/01/2021,06/30/2024,6.16375
TUFTS MEDICAL CENTER,220116,MA,READM-30-PN-HRRP,222.0,,1.0218,17.8023,17.4231,41.0,07/01/2021,06/30/2024,2.3207179999999923
TUFTS MEDICAL CENTER,220116,MA,READM-30-HF-HRRP,421.0,,1.0288,21.8246,21.2132,94.0,07/01/2021,06/30/2024,4.6924279999999925
TUFTS MEDICAL CENTER,220116,MA,READM-30-COPD-HRRP,105.0,,1.0662,20.1606,18.9092,26.0,07/01/2021,06/30/2024,6.145340000000001
TUFTS MEDICAL CENTER,220116,MA,READM-30-CABG-HRRP,166.0,,1.1181,12.6845,11.345,24.0,07/01/2021,06/30/2024,5.167299999999997
TUFTS MEDICAL CENTER,220116,MA,READM-30-AMI-HRRP,197.0,,1.2234,18.8957,15.4454,48.0,07/01/2021,06/30/2024,17.572562000000005
FALMOUTH HOSPITAL,220135,MA,READM-30-PN-HRRP,777.0,,1.0571,15.7411,14.8902,126.0,07/01/2021,06/30/2024,10.303145999999998
FALMOUTH HOSPITAL,220135,MA,READM-30-HF-HRRP,487.0,,1.0454,19.6721,18.8184,99.0,07/01/2021,06/30/2024,7.35439199999999
FALMOUTH HOSPITAL,220135,MA,READM-30-COPD-HRRP,202.0,,1.0236,16.9759,16.5845,36.0,07/01/2021,06/30/2024,2.4993100000000013
UMASS MEMORIAL MEDICAL CENTER/UNIVERSITY CAMPUS,220163,MA,READM-30-PN-HRRP,1083.0,,1.006,16.6753,16.5752,181.0,07/01/2021,06/30/2024,1.4905840000000126
UMASS MEMORIAL MEDICAL CENTER/UNIVERSITY CAMPUS,220163,MA,READM-30-COPD-HRRP,400.0,,1.0036,19.1819,19.1125,77.0,07/01/2021,06/30/2024,0.5499999999999972
UMASS MEMORIAL MEDICAL CENTER/UNIVERSITY CAMPUS,220163,MA,READM-30-CABG-HRRP,161.0,,1.0896,12.2663,11.2579,22.0,07/01/2021,06/30/2024,3.8747809999999987
UMASS MEMORIAL MEDICAL CENTER/UNIVERSITY CAMPUS,220163,MA,READM-30-AMI-HRRP,556.0,,1.0235,14.3538,14.0244,81.0,07/01/2021,06/30/2024,3.024335999999991
"LAHEY HOSPITAL & MEDICAL CENTER, BURLINGTON",220171,MA,READM-30-HIP-KNEE-HRRP,236.0,,1.1883,7.6132,6.4067,20.0,07/01/2021,06/30/2024,4.880188
"LAHEY HOSPITAL & MEDICAL CENTER, BURLINGTON",220171,MA,READM-30-HF-HRRP,1327.0,,1.0197,19.5621,19.1836,261.0,07/01/2021,06/30/2024,6.433628000000027
"LAHEY HOSPITAL & MEDICAL CENTER, BURLINGTON",220171,MA,READM-30-COPD-HRRP,195.0,,1.0328,17.7602,17.197,37.0,07/01/2021,06/30/2024,3.465850000000003
"LAHEY HOSPITAL & MEDICAL CENTER, BURLINGTON",220171,MA,READM-30-CABG-HRRP,229.0,,1.0573,10.7283,10.147,26.0,07/01/2021,06/30/2024,2.7633699999999983
"LAHEY HOSPITAL & MEDICAL CENTER, BURLINGTON",220171,MA,READM-30-AMI-HRRP,523.0,,1.0026,13.3591,13.3245,70.0,07/01/2021,06/30/2024,0.31286500000000217
METROWEST MEDICAL CENTER,220175,MA,READM-30-PN-HRRP,368.0,,1.1352,17.7804,15.6631,74.0,07/01/2021,06/30/2024,16.359792000000006
METROWEST MEDICAL CENTER,220175,MA,READM-30-HF-HRRP,373.0,,1.1071,21.5829,19.4952,88.0,07/01/2021,06/30/2024,15.282903999999988
METROWEST MEDICAL CENTER,220175,MA,READM-30-AMI-HRRP,77.0,,1.0571,13.2508,12.5354,13.0,07/01/2021,06/30/2024,3.347742
ST VINCENT HOSPITAL,220176,MA,READM-30-PN-HRRP,379.0,,1.0313,16.605,16.1013,65.0,07/01/2021,06/30/2024,3.9760730000000066
ST VINCENT HOSPITAL,220176,MA,READM-30-HF-HRRP,408.0,,1.0323,20.5082,19.8666,86.0,07/01/2021,06/30/2024,4.944272000000012
ST VINCENT HOSPITAL,220176,MA,READM-30-AMI-HRRP,136.0,,1.0499,14.3402,13.6581,22.0,07/01/2021,06/30/2024,3.424984000000002
NANTUCKET COTTAGE HOSPITAL,220177,MA,READM-30-PN-HRRP,70.0,,1.0353,13.9193,13.4453,12.0,07/01/2021,06/30/2024,2.5882900000000006
NANTUCKET COTTAGE HOSPITAL,220177,MA,READM-30-HF-HRRP,46.0,,1.0493,18.627,17.7519,12.0,07/01/2021,06/30/2024,3.8341260000000013
ST JOE MERCY HOSPITAL SYSTEM LIVONIA,230002,MI,READM-30-PN-HRRP,511.0,,1.0044,15.9894,15.9198,82.0,07/01/2021,06/30/2024,0.6498220000000003
ST JOE MERCY HOSPITAL SYSTEM LIVONIA,230002,MI,READM-30-HF-HRRP,733.0,,1.1512,23.3951,20.322,182.0,07/01/2021,06/30/2024,33.03974000000002
ST JOE MERCY HOSPITAL SYSTEM LIVONIA,230002,MI,READM-30-COPD-HRRP,243.0,,1.0802,22.222,20.5713,60.0,07/01/2021,06/30/2024,10.011741
ST JOE MERCY HOSPITAL SYSTEM LIVONIA,230002,MI,READM-30-AMI-HRRP,151.0,,1.0664,15.6536,14.6783,27.0,07/01/2021,06/30/2024,4.835767000000001
"ASCENSION PROVIDENCE HOSPITAL, SOUTHFIELD AND NOVI",230019,MI,READM-30-HF-HRRP,963.0,29,1.0145,21.281,20.9764,206.0,07/01/2021,06/30/2024,3.997267999999991
BEAUMONT HOSPITAL - DEARBORN,230020,MI,READM-30-PN-HRRP,454.0,,1.1389,20.0443,17.6,100.0,07/01/2021,06/30/2024,20.09599999999999
BEAUMONT HOSPITAL - DEARBORN,230020,MI,READM-30-HF-HRRP,619.0,,1.1238,24.2593,21.5863,159.0,07/01/2021,06/30/2024,25.380802999999986
BEAUMONT HOSPITAL - DEARBORN,230020,MI,READM-30-COPD-HRRP,255.0,,1.0644,21.2738,19.9858,59.0,07/01/2021,06/30/2024,8.036209999999997
BEAUMONT HOSPITAL - DEARBORN,230020,MI,READM-30-AMI-HRRP,233.0,,1.0196,15.8713,15.566,38.0,07/01/2021,06/30/2024,1.7312199999999933
"LAKELAND HOSPITAL, ST JOSEPH",230021,MI,READM-30-HF-HRRP,498.0,,1.0355,19.5776,18.9068,100.0,07/01/2021,06/30/2024,5.844135999999992
INSIGHT HOSPITAL AND MEDICAL CENTER COLDWATER,230022,MI,READM-30-PN-HRRP,153.0,,1.0665,15.5215,14.5535,28.0,07/01/2021,06/30/2024,5.733145
INSIGHT HOSPITAL AND MEDICAL CENTER COLDWATER,230022,MI,READM-30-HF-HRRP,120.0,,1.0208,16.3154,15.9829,21.0,07/01/2021,06/30/2024,1.820520000000002
SINAI-GRACE HOSPITAL,230024,MI,READM-30-PN-HRRP,125.0,,1.0732,19.2619,17.9479,29.0,07/01/2021,06/30/2024,6.565124999999998
SINAI-GRACE HOSPITAL,230024,MI,READM-30-HF-HRRP,186.0,,1.0286,25.1647,24.4656,49.0,07/01/2021,06/30/2024,3.4939840000000046
SINAI-GRACE HOSPITAL,230024,MI,READM-30-AMI-HRRP,57.0,,1.0052,18.8022,18.7044,11.0,07/01/2021,06/30/2024,0.33849200000000046
TRINITY HEALTH OAKLAND HOSPITAL,230029,MI,READM-30-PN-HRRP,505.0,,1.0141,16.8421,16.6077,86.0,07/01/2021,06/30/2024,2.131114999999994
TRINITY HEALTH OAKLAND HOSPITAL,230029,MI,READM-30-COPD-HRRP,190.0,,1.0435,21.4324,20.5382,44.0,07/01/2021,06/30/2024,4.977419999999995
TRINITY HEALTH OAKLAND HOSPITAL,230029,MI,READM-30-CABG-HRRP,97.0,,1.0131,12.0146,11.8592,12.0,07/01/2021,06/30/2024,0.496576000000001
TRINITY HEALTH OAKLAND HOSPITAL,230029,MI,READM-30-AMI-HRRP,275.0,,1.1178,17.4874,15.645,54.0,07/01/2021,06/30/2024,10.97625
MYMICHIGAN MEDICAL CENTER ALMA,230030,MI,READM-30-HF-HRRP,150.0,,1.0508,21.5364,20.495,36.0,07/01/2021,06/30/2024,5.257499999999997
MYMICHIGAN MEDICAL CENTER ALMA,230030,MI,READM-30-COPD-HRRP,74.0,,1.0178,18.4907,18.1673,15.0,07/01/2021,06/30/2024,1.5561980000000002
LAKE HURON MEDICAL CENTER,230031,MI,READM-30-HF-HRRP,119.0,,1.0522,22.835,21.7014,31.0,07/01/2021,06/30/2024,5.175334000000003
SPECTRUM HEALTH UNITED HOSPITAL,230035,MI,READM-30-PN-HRRP,130.0,,1.0904,16.3526,14.9971,27.0,07/01/2021,06/30/2024,7.503769999999999
HILLSDALE HOSPITAL,230037,MI,READM-30-HF-HRRP,53.0,,1.0186,18.2839,17.9492,11.0,07/01/2021,06/30/2024,1.4869240000000001
MCLAREN BAY REGION,230041,MI,READM-30-PN-HRRP,301.0,,1.0066,17.1269,17.0147,52.0,07/01/2021,06/30/2024,0.7857529999999926
MCLAREN BAY REGION,230041,MI,READM-30-HIP-KNEE-HRRP,148.0,,1.1646,6.9116,5.9346,12.0,07/01/2021,06/30/2024,3.216792
MCLAREN BAY REGION,230041,MI,READM-30-HF-HRRP,507.0,,1.0889,21.8351,20.052,117.0,07/01/2021,06/30/2024,15.336359999999999
MCLAREN BAY REGION,230041,MI,READM-30-COPD-HRRP,212.0,,1.075,21.4283,19.9337,51.0,07/01/2021,06/30/2024,8.740555999999998
MCLAREN BAY REGION,230041,MI,READM-30-CABG-HRRP,103.0,,1.388,15.588,11.2303,25.0,07/01/2021,06/30/2024,13.432791
MCLAREN BAY REGION,230041,MI,READM-30-AMI-HRRP,350.0,,1.1073,15.9068,14.3648,61.0,07/01/2021,06/30/2024,10.723199999999999
UNIVERSITY OF MICHIGAN HEALTH SYSTEM,230046,MI,READM-30-PN-HRRP,346.0,,1.1597,20.1367,17.3635,80.0,07/01/2021,06/30/2024,19.922290000000004
HENRY FORD HEALTH HOSPITAL,230053,MI,READM-30-PN-HRRP,212.0,,1.0585,17.0527,16.1102,40.0,07/01/2021,06/30/2024,5.846375999999999
HENRY FORD HEALTH HOSPITAL,230053,MI,READM-30-HF-HRRP,493.0,,1.094,22.3776,20.4552,117.0,07/01/2021,06/30/2024,16.155863999999994
HENRY FORD HEALTH HOSPITAL,230053,MI,READM-30-AMI-HRRP,222.0,,1.0517,15.9235,15.1406,38.0,07/01/2021,06/30/2024,4.3878680000000045
DICKINSON COUNTY MEMORIAL HOSPITAL,230055,MI,READM-30-HF-HRRP,142.0,,1.0219,18.6312,18.2314,28.0,07/01/2021,06/30/2024,2.111411999999998
MERCY HEALTH SAINT MARY'S,230059,MI,READM-30-PN-HRRP,181.0,,1.0025,17.0349,16.9932,31.0,07/01/2021,06/30/2024,0.2423079999999942
MERCY HEALTH SAINT MARY'S,230059,MI,READM-30-COPD-HRRP,61.0,,1.0606,19.1148,18.0226,16.0,07/01/2021,06/30/2024,5.006214
MERCY HEALTH SAINT MARY'S,230059,MI,READM-30-AMI-HRRP,66.0,,1.0186,15.2148,14.9372,11.0,07/01/2021,06/30/2024,1.1414480000000005
COVENANT MEDICAL CENTER,230070,MI,READM-30-PN-HRRP,616.0,,1.0747,18.3546,17.0782,118.0,07/01/2021,06/30/2024,12.798288000000014
COVENANT MEDICAL CENTER,230070,MI,READM-30-HF-HRRP,568.0,,1.0717,22.159,20.6774,131.0,07/01/2021,06/30/2024,13.552368000000001
COVENANT MEDICAL CENTER,230070,MI,READM-30-COPD-HRRP,198.0,,1.1452,21.0838,18.4106,52.0,07/01/2021,06/30/2024,15.547012000000002
BRONSON BATTLE CREEK HOSPITAL,230075,MI,READM-30-PN-HRRP,274.0,,1.0288,16.8181,16.3469,48.0,07/01/2021,06/30/2024,3.2094939999999994
BRONSON BATTLE CREEK HOSPITAL,230075,MI,READM-30-COPD-HRRP,122.0,,1.0941,19.8735,18.164,31.0,07/01/2021,06/30/2024,8.839919999999996
ASCENSION ST MARY'S HOSPITAL,230077,MI,READM-30-HF-HRRP,190.0,29,1.0086,18.6258,18.4673,36.0,07/01/2021,06/30/2024,0.9121299999999977
ASCENSION ST MARY'S HOSPITAL,230077,MI,READM-30-COPD-HRRP,55.0,29,1.0201,17.3386,16.9962,11.0,07/01/2021,06/30/2024,1.6520899999999976
MCLAREN CENTRAL MICHIGAN,230080,MI,READM-30-PN-HRRP,76.0,,1.0361,15.3288,14.7943,14.0,07/01/2021,06/30/2024,2.7563320000000004
MCLAREN CENTRAL MICHIGAN,230080,MI,READM-30-HF-HRRP,93.0,,1.0645,19.8443,18.6417,23.0,07/01/2021,06/30/2024,5.663219000000002
MUNSON HEALTHCARE CADILLAC HOSPITAL,230081,MI,READM-30-PN-HRRP,101.0,,1.0045,14.5564,14.4908,15.0,07/01/2021,06/30/2024,0.36429199999999895
BEAUMONT HOSPITAL - GROSSE POINTE,230089,MI,READM-30-PN-HRRP,267.0,,1.0314,17.9305,17.3848,50.0,07/01/2021,06/30/2024,3.582584000000004
BEAUMONT HOSPITAL - GROSSE POINTE,230089,MI,READM-30-HF-HRRP,435.0,,1.0939,22.6015,20.6614,105.0,07/01/2021,06/30/2024,15.122910000000005
HENRY FORD ALLEGIANCE HEALTH,230092,MI,READM-30-PN-HRRP,570.0,,1.0062,15.7169,15.6199,90.0,07/01/2021,06/30/2024,0.9665700000000044
HENRY FORD ALLEGIANCE HEALTH,230092,MI,READM-30-HF-HRRP,590.0,,1.016,19.804,19.4921,118.0,07/01/2021,06/30/2024,2.99660999999999
HENRY FORD ALLEGIANCE HEALTH,230092,MI,READM-30-COPD-HRRP,264.0,,1.0543,18.5854,17.629,53.0,07/01/2021,06/30/2024,6.459440000000001
HENRY FORD ALLEGIANCE HEALTH,230092,MI,READM-30-CABG-HRRP,72.0,,1.1005,11.8352,10.7546,11.0,07/01/2021,06/30/2024,3.2566879999999996
COREWELL HEALTH BIG RAPIDS HOSPITAL,230093,MI,READM-30-PN-HRRP,102.0,,1.0262,14.9984,14.6151,17.0,07/01/2021,06/30/2024,2.092597999999999
COREWELL HEALTH BIG RAPIDS HOSPITAL,230093,MI,READM-30-COPD-HRRP,65.0,,1.0509,18.9623,18.0433,16.0,07/01/2021,06/30/2024,4.271855
MYMICHIGAN MEDICAL CENTER WEST BRANCH,230095,MI,READM-30-PN-HRRP,153.0,,1.0056,14.7921,14.7095,23.0,07/01/2021,06/30/2024,0.49446499999999816
MYMICHIGAN MEDICAL CENTER WEST BRANCH,230095,MI,READM-30-COPD-HRRP,78.0,,1.0295,15.3302,14.8903,14.0,07/01/2021,06/30/2024,2.385565999999999
PROMEDICA MONROE REGIONAL HOSPITAL,230099,MI,READM-30-PN-HRRP,203.0,,1.101,17.9701,16.3217,43.0,07/01/2021,06/30/2024,9.866948999999998
PROMEDICA MONROE REGIONAL HOSPITAL,230099,MI,READM-30-HF-HRRP,218.0,,1.1453,23.7697,20.7548,62.0,07/01/2021,06/30/2024,16.754536
PROMEDICA MONROE REGIONAL HOSPITAL,230099,MI,READM-30-COPD-HRRP,117.0,,1.0555,21.2089,20.0937,29.0,07/01/2021,06/30/2024,5.490371000000003
TAWAS ST JOSEPH HOSPITAL,230100,MI,READM-30-PN-HRRP,83.0,29,1.0485,14.3708,13.7055,15.0,07/01/2021,06/30/2024,3.6244349999999983
HARPER UNIVERSITY HOSPITAL,230104,MI,READM-30-PN-HRRP,47.0,,1.0237,19.8724,19.4126,11.0,07/01/2021,06/30/2024,1.8760779999999997
COREWELL HEALTH LUDINGTON HOSPITAL,230110,MI,READM-30-HF-HRRP,86.0,,1.002,20.7632,20.7224,18.0,07/01/2021,06/30/2024,0.17873600000000067
MEMORIAL HEALTHCARE,230121,MI,READM-30-PN-HRRP,204.0,,1.1031,18.279,16.5702,44.0,07/01/2021,06/30/2024,10.196792000000002
BEAUMONT HOSPITAL ROYAL OAK,230130,MI,READM-30-HIP-KNEE-HRRP,200.0,,1.076,7.5674,7.0332,16.0,07/01/2021,06/30/2024,1.9335999999999984
BEAUMONT HOSPITAL ROYAL OAK,230130,MI,READM-30-HF-HRRP,1621.0,,1.0726,22.6258,21.0935,372.0,07/01/2021,06/30/2024,30.074365
BEAUMONT HOSPITAL ROYAL OAK,230130,MI,READM-30-COPD-HRRP,339.0,,1.0012,19.738,19.715,67.0,07/01/2021,06/30/2024,0.1661500000000018
BEAUMONT HOSPITAL ROYAL OAK,230130,MI,READM-30-AMI-HRRP,370.0,,1.0227,16.4359,16.0708,62.0,07/01/2021,06/30/2024,2.5380400000000023
HURLEY MEDICAL CENTER,230132,MI,READM-30-HF-HRRP,217.0,,1.0761,20.5536,19.0992,50.0,07/01/2021,06/30/2024,8.554735999999998
MUNSON HEALTHCARE OTSEGO MEMORIAL HOSPITAL,230133,MI,READM-30-PN-HRRP,120.0,,1.043,15.2047,14.5777,21.0,07/01/2021,06/30/2024,3.50676
MUNSON HEALTHCARE OTSEGO MEMORIAL HOSPITAL,230133,MI,READM-30-HF-HRRP,75.0,,1.1018,20.0911,18.2343,22.0,07/01/2021,06/30/2024,8.324275
MCLAREN FLINT,230141,MI,READM-30-PN-HRRP,360.0,,1.0345,16.0378,15.5036,60.0,07/01/2021,06/30/2024,4.187039999999996
MCLAREN FLINT,230141,MI,READM-30-HF-HRRP,627.0,,1.0148,19.7662,19.4787,125.0,07/01/2021,06/30/2024,2.8685510000000107
MCLAREN FLINT,230141,MI,READM-30-COPD-HRRP,142.0,,1.021,17.9292,17.5608,27.0,07/01/2021,06/30/2024,2.0636639999999993
MCLAREN FLINT,230141,MI,READM-30-CABG-HRRP,81.0,,1.1638,13.571,11.6605,15.0,07/01/2021,06/30/2024,5.554994999999998
MCLAREN FLINT,230141,MI,READM-30-AMI-HRRP,267.0,,1.0779,15.7731,14.6333,46.0,07/01/2021,06/30/2024,6.929089000000005
COREWELL HEALTH WAYNE HOSPITAL,230142,MI,READM-30-PN-HRRP,143.0,,1.0195,18.6488,18.2927,28.0,07/01/2021,06/30/2024,1.8414389999999976
COREWELL HEALTH WAYNE HOSPITAL,230142,MI,READM-30-HF-HRRP,149.0,,1.0023,20.6896,20.6415,31.0,07/01/2021,06/30/2024,0.24416499999999886
COREWELL HEALTH WAYNE HOSPITAL,230142,MI,READM-30-AMI-HRRP,53.0,,1.1233,15.2326,13.56,14.0,07/01/2021,06/30/2024,6.8132
WYANDOTTE HOSPITAL AND MEDICAL CENTER,230146,MI,READM-30-PN-HRRP,337.0,,1.0843,17.6584,16.2854,65.0,07/01/2021,06/30/2024,10.118202000000004
WYANDOTTE HOSPITAL AND MEDICAL CENTER,230146,MI,READM-30-HF-HRRP,550.0,,1.0925,22.7998,20.869,132.0,07/01/2021,06/30/2024,17.2205
WYANDOTTE HOSPITAL AND MEDICAL CENTER,230146,MI,READM-30-COPD-HRRP,288.0,,1.0568,21.4427,20.2906,66.0,07/01/2021,06/30/2024,7.563071999999998
WYANDOTTE HOSPITAL AND MEDICAL CENTER,230146,MI,READM-30-AMI-HRRP,194.0,,1.0288,15.2222,14.7961,31.0,07/01/2021,06/30/2024,2.2955660000000044
BEAUMONT HOSPITAL - FARMINGTON HILLS,230151,MI,READM-30-PN-HRRP,356.0,,1.0548,18.9032,17.9214,71.0,07/01/2021,06/30/2024,7.1998160000000055
BEAUMONT HOSPITAL - FARMINGTON HILLS,230151,MI,READM-30-AMI-HRRP,95.0,,1.0409,16.7,16.0438,18.0,07/01/2021,06/30/2024,2.7583900000000003
TRINITY HEALTH ANN ARBOR HOSPITAL,230156,MI,READM-30-PN-HRRP,790.0,,1.0872,17.2585,15.8748,142.0,07/01/2021,06/30/2024,16.589079999999996
TRINITY HEALTH ANN ARBOR HOSPITAL,230156,MI,READM-30-AMI-HRRP,443.0,,1.0173,13.7988,13.5643,62.0,07/01/2021,06/30/2024,1.9101510000000061
HENRY FORD HEALTH ST JOHN HOSPITAL,230165,MI,READM-30-HF-HRRP,512.0,29,1.1175,24.3278,21.7705,133.0,07/01/2021,06/30/2024,21.53504000000001
HENRY FORD HEALTH ST JOHN HOSPITAL,230165,MI,READM-30-COPD-HRRP,138.0,29,1.0678,23.0734,21.6081,37.0,07/01/2021,06/30/2024,7.180821999999999
MCLAREN GREATER LANSING,230167,MI,READM-30-HF-HRRP,257.0,,1.0785,20.8125,19.2974,59.0,07/01/2021,06/30/2024,9.405681999999999
COREWELL HEALTH TRENTON HOSPITAL,230176,MI,READM-30-PN-HRRP,359.0,,1.1684,20.378,17.4409,84.0,07/01/2021,06/30/2024,21.387169000000007
COREWELL HEALTH TRENTON HOSPITAL,230176,MI,READM-30-COPD-HRRP,211.0,,1.0332,19.226,18.6073,43.0,07/01/2021,06/30/2024,3.7385970000000057
COREWELL HEALTH TRENTON HOSPITAL,230176,MI,READM-30-AMI-HRRP,111.0,,1.0631,16.0145,15.0638,21.0,07/01/2021,06/30/2024,4.279182000000002
MYMICHIGAN MEDICAL CENTER CLARE,230180,MI,READM-30-PN-HRRP,86.0,,1.0172,14.9639,14.7106,14.0,07/01/2021,06/30/2024,1.3488840000000017
MYMICHIGAN MEDICAL CENTER CLARE,230180,MI,READM-30-HF-HRRP,61.0,,1.0476,22.2147,21.2051,17.0,07/01/2021,06/30/2024,4.064888999999999
MCLAREN LAPEER REGION,230193,MI,READM-30-PN-HRRP,195.0,,1.0213,16.7019,16.3534,34.0,07/01/2021,06/30/2024,2.1108699999999985
MCLAREN LAPEER REGION,230193,MI,READM-30-COPD-HRRP,70.0,,1.0093,17.6124,17.4501,13.0,07/01/2021,06/30/2024,0.784930000000001
Henry Ford Health Warren Hospital,230195,MI,READM-30-PN-HRRP,614.0,29,1.0173,19.0227,18.7,118.0,07/01/2021,06/30/2024,3.182000000000002
Henry Ford Health Warren Hospital,230195,MI,READM-30-HF-HRRP,734.0,29,1.0498,22.6637,21.5885,170.0,07/01/2021,06/30/2024,11.540410000000008
Henry Ford Health Warren Hospital,230195,MI,READM-30-COPD-HRRP,247.0,29,1.1119,23.7195,21.3324,67.0,07/01/2021,06/30/2024,14.308972000000004
Henry Ford Health Warren Hospital,230195,MI,READM-30-AMI-HRRP,104.0,29,1.0092,16.8355,16.6819,18.0,07/01/2021,06/30/2024,0.6508240000000001
ASCENSION GENESYS HOSPITAL,230197,MI,READM-30-PN-HRRP,457.0,29,1.0332,17.4564,16.8955,82.0,07/01/2021,06/30/2024,4.787565000000001
ASCENSION GENESYS HOSPITAL,230197,MI,READM-30-AMI-HRRP,139.0,29,1.0162,12.3679,12.171,18.0,07/01/2021,06/30/2024,1.0823099999999997
MCLAREN OAKLAND,230207,MI,READM-30-HF-HRRP,77.0,,1.0212,21.3564,20.9139,18.0,07/01/2021,06/30/2024,1.896296999999997
MCLAREN PORT HURON,230216,MI,READM-30-COPD-HRRP,200.0,,1.0539,19.5432,18.5443,43.0,07/01/2021,06/30/2024,5.9114
MCLAREN PORT HURON,230216,MI,READM-30-AMI-HRRP,211.0,,1.0561,15.7071,14.8728,36.0,07/01/2021,06/30/2024,4.618392
OAKLAWN HOSPITAL,230217,MI,READM-30-PN-HRRP,83.0,,1.0121,15.9058,15.7161,14.0,07/01/2021,06/30/2024,0.9556370000000012
MCLAREN MACOMB,230227,MI,READM-30-HF-HRRP,447.0,,1.0477,21.8221,20.8284,101.0,07/01/2021,06/30/2024,7.897052000000002
MCLAREN MACOMB,230227,MI,READM-30-AMI-HRRP,161.0,,1.0805,14.9213,13.8097,28.0,07/01/2021,06/30/2024,5.766383000000001
CHIPPEWA COUNTY WAR MEMORIAL HOSPITAL,230239,MI,READM-30-PN-HRRP,133.0,,1.0817,15.6487,14.467,26.0,07/01/2021,06/30/2024,6.758890000000001
GARDEN CITY HOSPITAL,230244,MI,READM-30-PN-HRRP,264.0,,1.1435,19.9565,17.4519,62.0,07/01/2021,06/30/2024,15.926984000000004
GARDEN CITY HOSPITAL,230244,MI,READM-30-HF-HRRP,183.0,,1.0334,21.0793,20.3982,41.0,07/01/2021,06/30/2024,3.671294000000003
GARDEN CITY HOSPITAL,230244,MI,READM-30-AMI-HRRP,35.0,,1.1183,15.2661,13.6511,11.0,07/01/2021,06/30/2024,6.2221150000000005
ASCENSION PROVIDENCE ROCHESTER HOSPITAL,230254,MI,READM-30-HF-HRRP,286.0,29,1.027,20.9939,20.4421,62.0,07/01/2021,06/30/2024,3.5355940000000032
CHELSEA HOSPITAL,230259,MI,READM-30-COPD-HRRP,96.0,,1.0175,18.447,18.1303,19.0,07/01/2021,06/30/2024,1.5949120000000008
"BEAUMONT HOSPITAL, TROY",230269,MI,READM-30-PN-HRRP,1046.0,,1.0597,17.1207,16.1559,183.0,07/01/2021,06/30/2024,14.009286000000031
"BEAUMONT HOSPITAL, TROY",230269,MI,READM-30-HF-HRRP,1649.0,,1.1127,22.3841,20.1162,377.0,07/01/2021,06/30/2024,45.283862000000056
"BEAUMONT HOSPITAL, TROY",230269,MI,READM-30-AMI-HRRP,418.0,,1.1727,16.901,14.4117,79.0,07/01/2021,06/30/2024,18.759094000000005
BEAUMONT HOSPITAL - TAYLOR,230270,MI,READM-30-PN-HRRP,158.0,,1.0019,18.2733,18.2394,29.0,07/01/2021,06/30/2024,0.1817479999999989
BEAUMONT HOSPITAL - TAYLOR,230270,MI,READM-30-HF-HRRP,158.0,,1.0643,22.3814,21.0288,40.0,07/01/2021,06/30/2024,6.774495999999999
DETROIT RECEIVING HOSPITAL,230273,MI,READM-30-PN-HRRP,145.0,,1.0551,22.1104,20.956,36.0,07/01/2021,06/30/2024,5.613800000000001
DETROIT RECEIVING HOSPITAL,230273,MI,READM-30-HF-HRRP,106.0,,1.0404,23.5599,22.6443,28.0,07/01/2021,06/30/2024,3.9970420000000004
DETROIT RECEIVING HOSPITAL,230273,MI,READM-30-COPD-HRRP,64.0,,1.013,23.3873,23.0883,16.0,07/01/2021,06/30/2024,1.2234879999999997
HURON VALLEY-SINAI HOSPITAL,230277,MI,READM-30-HIP-KNEE-HRRP,86.0,,1.4802,7.5187,5.0796,11.0,07/01/2021,06/30/2024,6.631544
HENRY FORD HEALTH WEST BLOOMFIELD HOSPITAL,230302,MI,READM-30-PN-HRRP,477.0,,1.0765,16.5771,15.399,84.0,07/01/2021,06/30/2024,10.54677000000001
HENRY FORD HEALTH WEST BLOOMFIELD HOSPITAL,230302,MI,READM-30-HF-HRRP,572.0,,1.1495,23.0148,20.0216,142.0,07/01/2021,06/30/2024,27.47644799999999
HENRY FORD HEALTH WEST BLOOMFIELD HOSPITAL,230302,MI,READM-30-COPD-HRRP,114.0,,1.075,18.1596,16.8925,26.0,07/01/2021,06/30/2024,6.742550000000001
HENRY FORD HEALTH WEST BLOOMFIELD HOSPITAL,230302,MI,READM-30-AMI-HRRP,172.0,,1.085,14.9894,13.815,30.0,07/01/2021,06/30/2024,6.238199999999999
NORTH MEMORIAL HEALTH HOSPITAL,240001,MN,READM-30-PN-HRRP,288.0,,1.0688,16.8395,15.7554,53.0,07/01/2021,06/30/2024,7.624448000000001
NORTH MEMORIAL HEALTH HOSPITAL,240001,MN,READM-30-HF-HRRP,386.0,,1.1457,21.2703,18.5658,92.0,07/01/2021,06/30/2024,20.33601200000001
NORTH MEMORIAL HEALTH HOSPITAL,240001,MN,READM-30-COPD-HRRP,96.0,,1.0661,17.0524,15.9955,21.0,07/01/2021,06/30/2024,5.6443200000000004
NORTH MEMORIAL HEALTH HOSPITAL,240001,MN,READM-30-AMI-HRRP,160.0,,1.1194,13.9456,12.4585,28.0,07/01/2021,06/30/2024,8.066400000000002
ESSENTIA HEALTH ST MARY'S MEDICAL CENTER,240002,MN,READM-30-PN-HRRP,79.0,,1.01,16.8566,16.6897,14.0,07/01/2021,06/30/2024,0.815137
HENNEPIN COUNTY MEDICAL CENTER,240004,MN,READM-30-COPD-HRRP,58.0,,1.0386,24.1034,23.2077,17.0,07/01/2021,06/30/2024,3.5395340000000015
MAYO CLINIC HEALTH SYSTEM IN RED WING,240018,MN,READM-30-HF-HRRP,59.0,,1.0007,18.5583,18.5452,11.0,07/01/2021,06/30/2024,0.05833200000000005
CAMBRIDGE MEDICAL CENTER,240020,MN,READM-30-PN-HRRP,81.0,,1.0137,13.731,13.5452,12.0,07/01/2021,06/30/2024,1.0283880000000014
ALOMERE HEALTH,240030,MN,READM-30-PN-HRRP,95.0,,1.0046,14.4245,14.3592,14.0,07/01/2021,06/30/2024,0.3587600000000002
ST CLOUD HOSPITAL,240036,MN,READM-30-COPD-HRRP,114.0,,1.0291,18.3292,17.8116,23.0,07/01/2021,06/30/2024,2.694776000000001
ALLINA UNITED HOSPITAL,240038,MN,READM-30-HIP-KNEE-HRRP,276.0,,1.2277,7.1057,5.788,22.0,07/01/2021,06/30/2024,6.025119999999999
ALLINA UNITED HOSPITAL,240038,MN,READM-30-HF-HRRP,622.0,,1.09,20.6965,18.9869,135.0,07/01/2021,06/30/2024,16.901482000000016
ALLINA UNITED HOSPITAL,240038,MN,READM-30-COPD-HRRP,97.0,,1.0032,18.3191,18.2615,18.0,07/01/2021,06/30/2024,0.2863449999999972
FAIRVIEW LAKES HEALTH SERVICES,240050,MN,READM-30-HF-HRRP,78.0,,1.033,20.0773,19.4366,18.0,07/01/2021,06/30/2024,2.8394520000000014
FAIRVIEW LAKES HEALTH SERVICES,240050,MN,READM-30-COPD-HRRP,46.0,,1.0852,17.6437,16.2588,14.0,07/01/2021,06/30/2024,6.520951999999999
PARK NICOLLET METHODIST HOSPITAL,240053,MN,READM-30-PN-HRRP,594.0,,1.0721,14.7214,13.7316,92.0,07/01/2021,06/30/2024,10.434296000000003
PARK NICOLLET METHODIST HOSPITAL,240053,MN,READM-30-HIP-KNEE-HRRP,179.0,,1.25,6.935,5.5482,15.0,07/01/2021,06/30/2024,5.068722000000001
PARK NICOLLET METHODIST HOSPITAL,240053,MN,READM-30-HF-HRRP,658.0,,1.0538,18.2825,17.3492,124.0,07/01/2021,06/30/2024,9.842264
PARK NICOLLET METHODIST HOSPITAL,240053,MN,READM-30-COPD-HRRP,143.0,,1.0057,15.799,15.7087,23.0,07/01/2021,06/30/2024,0.5365590000000005
PARK NICOLLET METHODIST HOSPITAL,240053,MN,READM-30-AMI-HRRP,198.0,,1.1061,13.0974,11.8414,31.0,07/01/2021,06/30/2024,7.554027999999999
RIDGEVIEW MEDICAL CENTER,240056,MN,READM-30-PN-HRRP,165.0,,1.0208,13.7407,13.4609,24.0,07/01/2021,06/30/2024,1.789514999999998
RIDGEVIEW MEDICAL CENTER,240056,MN,READM-30-HF-HRRP,233.0,,1.0241,17.3099,16.9023,42.0,07/01/2021,06/30/2024,2.617640999999999
GRAND ITASCA CLINIC AND HOSPITAL,240064,MN,READM-30-PN-HRRP,77.0,,1.0075,14.937,14.8254,12.0,07/01/2021,06/30/2024,0.584442000000001
LAKEVIEW MEMORIAL HOSPITAL,240066,MN,READM-30-PN-HRRP,105.0,,1.0081,12.8457,12.743,14.0,07/01/2021,06/30/2024,0.6198499999999978
ESSENTIA HEALTH ST JOSEPH'S MEDICAL CENTER,240075,MN,READM-30-PN-HRRP,85.0,,1.0351,16.0847,15.5386,16.0,07/01/2021,06/30/2024,2.7921899999999997
ESSENTIA HEALTH ST JOSEPH'S MEDICAL CENTER,240075,MN,READM-30-AMI-HRRP,100.0,,1.0001,11.9962,11.9952,12.0,07/01/2021,06/30/2024,0.004799999999999471
CENTRACARE- RICE MEMORIAL HOSPITAL,240088,MN,READM-30-HF-HRRP,92.0,,1.0541,18.7815,17.8174,21.0,07/01/2021,06/30/2024,4.607991999999999
ESSENTIA HEALTH ST MARYS - DETROIT LAKES,240101,MN,READM-30-HF-HRRP,93.0,,1.0001,19.3445,19.3419,18.0,07/01/2021,06/30/2024,0.012033000000002403
ST FRANCIS REGIONAL MEDICAL CENTER,240104,MN,READM-30-PN-HRRP,145.0,,1.0272,14.6529,14.2656,23.0,07/01/2021,06/30/2024,2.3148799999999987
REGIONS HOSPITAL,240106,MN,READM-30-COPD-HRRP,147.0,,1.0063,18.0517,17.9388,27.0,07/01/2021,06/30/2024,0.6299640000000011
REGIONS HOSPITAL,240106,MN,READM-30-CABG-HRRP,76.0,,1.162,11.9315,10.2681,13.0,07/01/2021,06/30/2024,5.196243999999999
MERCY HOSPITAL,240115,MN,READM-30-COPD-HRRP,157.0,,1.0694,19.0905,17.8509,35.0,07/01/2021,06/30/2024,6.974087000000001
MERCY HOSPITAL,240115,MN,READM-30-AMI-HRRP,262.0,,1.0569,13.8089,13.0659,39.0,07/01/2021,06/30/2024,4.767341999999999
FAIRVIEW NORTHLAND REGIONAL HOSPITAL,240141,MN,READM-30-HF-HRRP,50.0,,1.0159,19.7268,19.4185,11.0,07/01/2021,06/30/2024,1.2907499999999992
M HEALTH FAIRVIEW RIDGES HOSPITAL,240207,MN,READM-30-AMI-HRRP,61.0,,1.0574,13.3908,12.6639,11.0,07/01/2021,06/30/2024,3.2750209999999997
M HEALTH FAIRVIEW ST JOHN'S HOSPITAL,240210,MN,READM-30-HF-HRRP,432.0,,1.0322,19.6104,18.9979,87.0,07/01/2021,06/30/2024,4.929071999999991
M HEALTH FAIRVIEW WOODWINDS HOSPITAL,240213,MN,READM-30-PN-HRRP,153.0,,1.0377,15.3929,14.8335,26.0,07/01/2021,06/30/2024,3.3047450000000005
UNIVERSITY OF MISSISSIPPI MED CENTER,250001,MS,READM-30-PN-HRRP,182.0,,1.0088,16.7089,16.5637,31.0,07/01/2021,06/30/2024,0.8540659999999995
UNIVERSITY OF MISSISSIPPI MED CENTER,250001,MS,READM-30-HF-HRRP,314.0,,1.043,20.9951,20.1287,69.0,07/01/2021,06/30/2024,5.795881999999999
UNIVERSITY OF MISSISSIPPI MED CENTER,250001,MS,READM-30-COPD-HRRP,94.0,,1.0187,19.801,19.4376,20.0,07/01/2021,06/30/2024,1.7286560000000009
UNIVERSITY OF MISSISSIPPI MED CENTER,250001,MS,READM-30-CABG-HRRP,78.0,,1.0865,12.5664,11.5659,12.0,07/01/2021,06/30/2024,2.978598
UNIVERSITY OF MISSISSIPPI MED CENTER,250001,MS,READM-30-AMI-HRRP,78.0,,1.0696,14.7589,13.799,15.0,07/01/2021,06/30/2024,4.2367799999999995
TISHOMINGO HEALTH SERVICES INC,250002,MS,READM-30-HF-HRRP,59.0,,1.0034,19.9222,19.8546,12.0,07/01/2021,06/30/2024,0.2857859999999999
NORTH MISSISSIPPI MEDICAL CENTER,250004,MS,READM-30-PN-HRRP,844.0,,1.0385,16.5252,15.9132,142.0,07/01/2021,06/30/2024,7.6925919999999905
BAPTIST MEMORIAL HOSPITAL UNION COUNTY,250006,MS,READM-30-HF-HRRP,135.0,,1.0088,18.0614,17.9038,25.0,07/01/2021,06/30/2024,0.8298699999999997
Memorial Hospital Biloxi,250007,MS,READM-30-PN-HRRP,95.0,,1.0832,16.4354,15.1725,21.0,07/01/2021,06/30/2024,6.586125000000001
Memorial Hospital Biloxi,250007,MS,READM-30-HF-HRRP,49.0,,1.0822,19.1227,17.6701,15.0,07/01/2021,06/30/2024,6.341650999999999
MAGNOLIA REGIONAL HEALTH CENTER,250009,MS,READM-30-PN-HRRP,536.0,,1.0434,17.3742,16.6511,96.0,07/01/2021,06/30/2024,6.750104000000007
MAGNOLIA REGIONAL HEALTH CENTER,250009,MS,READM-30-HIP-KNEE-HRRP,234.0,,1.3049,6.3902,4.8972,18.0,07/01/2021,06/30/2024,6.540552000000002
MAGNOLIA REGIONAL HEALTH CENTER,250009,MS,READM-30-AMI-HRRP,119.0,,1.0027,12.4929,12.4597,15.0,07/01/2021,06/30/2024,0.17295700000000025
MEMORIAL HOSPITAL AT GULFPORT,250019,MS,READM-30-HF-HRRP,754.0,,1.1072,23.257,21.005,183.0,07/01/2021,06/30/2024,24.622300000000024
MEMORIAL HOSPITAL AT GULFPORT,250019,MS,READM-30-AMI-HRRP,282.0,,1.0183,14.9125,14.6443,43.0,07/01/2021,06/30/2024,1.7030740000000009
WEBSTER GENERAL HOSPITAL/ SWING BED,250020,MS,READM-30-HF-HRRP,77.0,,1.0187,19.0502,18.7006,16.0,07/01/2021,06/30/2024,1.6005380000000002
NORTH MISSISSIPPI MEDICAL CENTER-GILMORE AMORY,250025,MS,READM-30-PN-HRRP,165.0,,1.0235,13.6389,13.3253,24.0,07/01/2021,06/30/2024,2.0132549999999974
NORTH MISSISSIPPI MEDICAL CENTER-GILMORE AMORY,250025,MS,READM-30-HF-HRRP,66.0,,1.0786,19.1207,17.727,18.0,07/01/2021,06/30/2024,6.300179999999999
MERIT HEALTH RIVER REGION,250031,MS,READM-30-PN-HRRP,223.0,,1.0491,16.9338,16.1414,41.0,07/01/2021,06/30/2024,5.004677999999998
MERIT HEALTH RIVER REGION,250031,MS,READM-30-HF-HRRP,228.0,,1.0038,18.7396,18.6681,43.0,07/01/2021,06/30/2024,0.43673200000000634
MERIT HEALTH RIVER REGION,250031,MS,READM-30-AMI-HRRP,161.0,,1.0267,12.2205,11.9022,21.0,07/01/2021,06/30/2024,1.837457999999998
BAPTIST MEMORIAL HOSPITAL NORTH MS,250034,MS,READM-30-PN-HRRP,840.0,,1.0221,16.9667,16.6005,144.0,07/01/2021,06/30/2024,4.5557999999999765
BAPTIST MEMORIAL HOSPITAL NORTH MS,250034,MS,READM-30-HF-HRRP,745.0,,1.1472,21.7424,18.9528,172.0,07/01/2021,06/30/2024,30.801639999999992
BAPTIST MEMORIAL HOSPITAL NORTH MS,250034,MS,READM-30-COPD-HRRP,174.0,,1.0456,17.6788,16.9079,34.0,07/01/2021,06/30/2024,4.580254
MERIT HEALTH MADISON,250038,MS,READM-30-PN-HRRP,64.0,,1.046,14.1879,13.5639,12.0,07/01/2021,06/30/2024,3.3191039999999994
MERIT HEALTH MADISON,250038,MS,READM-30-HF-HRRP,43.0,,1.0692,19.1252,17.8879,13.0,07/01/2021,06/30/2024,5.308203000000001
SINGING RIVER HEALTH SYSTEM,250040,MS,READM-30-PN-HRRP,340.0,,1.0002,15.2899,15.2866,52.0,07/01/2021,06/30/2024,0.025559999999998695
SINGING RIVER HEALTH SYSTEM,250040,MS,READM-30-HIP-KNEE-HRRP,278.0,,1.035,5.2544,5.0765,15.0,07/01/2021,06/30/2024,0.8873299999999986
SINGING RIVER HEALTH SYSTEM,250040,MS,READM-30-HF-HRRP,533.0,,1.1187,21.902,19.5782,125.0,07/01/2021,06/30/2024,20.648194000000004
SINGING RIVER HEALTH SYSTEM,250040,MS,READM-30-COPD-HRRP,197.0,,1.0484,18.5267,17.6721,40.0,07/01/2021,06/30/2024,5.185962999999994
SINGING RIVER HEALTH SYSTEM,250040,MS,READM-30-AMI-HRRP,180.0,,1.0811,12.2751,11.354,26.0,07/01/2021,06/30/2024,5.562800000000003
ST DOMINIC-JACKSON MEMORIAL HOSPITAL,250048,MS,READM-30-PN-HRRP,911.0,,1.1221,17.0471,15.1927,163.0,07/01/2021,06/30/2024,24.594503000000003
ST DOMINIC-JACKSON MEMORIAL HOSPITAL,250048,MS,READM-30-HF-HRRP,699.0,,1.0484,19.8263,18.9108,142.0,07/01/2021,06/30/2024,9.813508000000013
ST DOMINIC-JACKSON MEMORIAL HOSPITAL,250048,MS,READM-30-COPD-HRRP,169.0,,1.0089,17.3717,17.2187,30.0,07/01/2021,06/30/2024,0.9003970000000052
OCH REGIONAL MEDICAL CENTER,250050,MS,READM-30-HF-HRRP,46.0,,1.0773,17.0388,15.816,13.0,07/01/2021,06/30/2024,5.72464
SOUTH CENTRAL REG MED CTR,250058,MS,READM-30-PN-HRRP,354.0,,1.1513,16.8502,14.6362,69.0,07/01/2021,06/30/2024,17.187852
SOUTH CENTRAL REG MED CTR,250058,MS,READM-30-HF-HRRP,222.0,,1.0843,19.0343,17.5545,48.0,07/01/2021,06/30/2024,9.02901
SOUTH CENTRAL REG MED CTR,250058,MS,READM-30-COPD-HRRP,116.0,,1.1176,18.8683,16.8834,30.0,07/01/2021,06/30/2024,10.415256
SOUTH CENTRAL REG MED CTR,250058,MS,READM-30-AMI-HRRP,39.0,,1.1158,14.0856,12.624,11.0,07/01/2021,06/30/2024,6.076639999999999
MERIT HEALTH CENTRAL,250072,MS,READM-30-PN-HRRP,57.0,,1.0341,15.4239,14.9155,11.0,07/01/2021,06/30/2024,2.498165
WAYNE GENERAL HOSPITAL,250077,MS,READM-30-PN-HRRP,87.0,,1.0133,12.8207,12.6519,12.0,07/01/2021,06/30/2024,0.9928470000000011
WAYNE GENERAL HOSPITAL,250077,MS,READM-30-HF-HRRP,74.0,,1.0271,16.4287,15.9954,14.0,07/01/2021,06/30/2024,2.163404
FORREST GENERAL HOSPITAL,250078,MS,READM-30-PN-HRRP,742.0,,1.0533,18.2523,17.3291,139.0,07/01/2021,06/30/2024,10.418078000000008
FORREST GENERAL HOSPITAL,250078,MS,READM-30-HF-HRRP,697.0,,1.0129,20.5253,20.2644,144.0,07/01/2021,06/30/2024,2.757132000000013
FORREST GENERAL HOSPITAL,250078,MS,READM-30-COPD-HRRP,240.0,,1.0596,20.6771,19.5141,54.0,07/01/2021,06/30/2024,7.166160000000005
FORREST GENERAL HOSPITAL,250078,MS,READM-30-CABG-HRRP,230.0,,1.0589,9.7996,9.2546,24.0,07/01/2021,06/30/2024,2.7144200000000005
FORREST GENERAL HOSPITAL,250078,MS,READM-30-AMI-HRRP,312.0,,1.0669,12.1103,11.3512,41.0,07/01/2021,06/30/2024,5.584255999999996
DELTA HEALTH SYSTEM - THE MEDICAL CENTER,250082,MS,READM-30-PN-HRRP,162.0,,1.0804,15.9761,14.7876,31.0,07/01/2021,06/30/2024,7.044087999999999
DELTA HEALTH SYSTEM - THE MEDICAL CENTER,250082,MS,READM-30-HF-HRRP,99.0,,1.0137,19.2116,18.9526,20.0,07/01/2021,06/30/2024,1.2369260000000004
DELTA HEALTH SYSTEM - THE MEDICAL CENTER,250082,MS,READM-30-COPD-HRRP,47.0,,1.1143,19.1006,17.1413,17.0,07/01/2021,06/30/2024,8.943589
DELTA HEALTH SYSTEM - THE MEDICAL CENTER,250082,MS,READM-30-AMI-HRRP,103.0,,1.018,12.7246,12.4998,14.0,07/01/2021,06/30/2024,1.1252060000000004
MERIT HEALTH NATCHEZ,250084,MS,READM-30-PN-HRRP,141.0,,1.0457,15.6001,14.9186,25.0,07/01/2021,06/30/2024,3.964774000000002
MERIT HEALTH NATCHEZ,250084,MS,READM-30-HF-HRRP,104.0,,1.0151,20.0962,19.7971,22.0,07/01/2021,06/30/2024,1.411016
MARION GENERAL HOSPITAL,250085,MS,READM-30-PN-HRRP,79.0,,1.0012,15.0869,15.0682,12.0,07/01/2021,06/30/2024,0.09612200000000115
BOLIVAR MEDICAL CENTER,250093,MS,READM-30-PN-HRRP,226.0,,1.0527,16.1852,15.3749,40.0,07/01/2021,06/30/2024,5.252726000000003
BOLIVAR MEDICAL CENTER,250093,MS,READM-30-COPD-HRRP,73.0,,1.0383,16.8426,16.2206,15.0,07/01/2021,06/30/2024,3.158961999999999
MERIT HEALTH WESLEY,250094,MS,READM-30-PN-HRRP,177.0,,1.0686,15.5914,14.5907,32.0,07/01/2021,06/30/2024,6.174460999999997
CROSSGATES RIVER OAKS HOSPITAL,250096,MS,READM-30-PN-HRRP,68.0,,1.0352,15.7211,15.1869,13.0,07/01/2021,06/30/2024,2.6729079999999996
CROSSGATES RIVER OAKS HOSPITAL,250096,MS,READM-30-HF-HRRP,37.0,,1.0474,20.5339,19.6039,11.0,07/01/2021,06/30/2024,3.746557
SOUTHWEST MS REGIONAL MEDICAL CENTER,250097,MS,READM-30-PN-HRRP,280.0,,1.0496,17.0364,16.2307,51.0,07/01/2021,06/30/2024,5.554040000000008
SOUTHWEST MS REGIONAL MEDICAL CENTER,250097,MS,READM-30-HF-HRRP,161.0,,1.04,18.7586,18.0363,33.0,07/01/2021,06/30/2024,3.961556999999999
SOUTHWEST MS REGIONAL MEDICAL CENTER,250097,MS,READM-30-COPD-HRRP,83.0,,1.0453,20.0772,19.2067,20.0,07/01/2021,06/30/2024,4.058438999999998
SOUTHWEST MS REGIONAL MEDICAL CENTER,250097,MS,READM-30-AMI-HRRP,78.0,,1.0574,10.6314,10.0541,11.0,07/01/2021,06/30/2024,3.1578019999999993
BMH-GOLDEN TRIANGLE,250100,MS,READM-30-COPD-HRRP,106.0,,1.0068,16.5205,16.4087,18.0,07/01/2021,06/30/2024,0.606778000000002
MISSISSIPPI BAPTIST MEDICAL CENTER,250102,MS,READM-30-PN-HRRP,795.0,,1.1351,17.9153,15.7836,151.0,07/01/2021,06/30/2024,25.520380000000003
MISSISSIPPI BAPTIST MEDICAL CENTER,250102,MS,READM-30-AMI-HRRP,211.0,,1.0922,13.5239,12.3826,33.0,07/01/2021,06/30/2024,6.872713999999998
ANDERSON REGIONAL MEDICAL CENTER,250104,MS,READM-30-PN-HRRP,478.0,,1.0928,17.9884,16.4611,92.0,07/01/2021,06/30/2024,13.315942000000007
ANDERSON REGIONAL MEDICAL CENTER,250104,MS,READM-30-COPD-HRRP,173.0,,1.0049,19.4395,19.3437,34.0,07/01/2021,06/30/2024,0.5353990000000053
HIGHLAND COMMUNITY  HOSPITAL,250117,MS,READM-30-PN-HRRP,117.0,,1.0547,15.7857,14.9664,22.0,07/01/2021,06/30/2024,4.489312000000002
HIGHLAND COMMUNITY  HOSPITAL,250117,MS,READM-30-HF-HRRP,49.0,,1.0764,19.7891,18.3845,15.0,07/01/2021,06/30/2024,5.991595
SINGING RIVER GULFPORT,250123,MS,READM-30-PN-HRRP,106.0,,1.0397,15.504,14.9113,19.0,07/01/2021,06/30/2024,3.1940220000000004
SINGING RIVER GULFPORT,250123,MS,READM-30-HF-HRRP,122.0,,1.0689,19.8378,18.5591,29.0,07/01/2021,06/30/2024,6.357897999999999
MAGEE GENERAL HOSPITAL,250124,MS,READM-30-PN-HRRP,79.0,,1.0106,13.0645,12.9272,11.0,07/01/2021,06/30/2024,0.7875119999999995
MERIT HEALTH RIVER OAKS,250138,MS,READM-30-HF-HRRP,68.0,,1.0517,18.2902,17.391,16.0,07/01/2021,06/30/2024,4.174120000000002
MERIT HEALTH RIVER OAKS,250138,MS,READM-30-AMI-HRRP,98.0,,1.1007,14.4142,13.0951,19.0,07/01/2021,06/30/2024,6.166801999999999
BAPTIST MEMORIAL HOSPITAL DESOTO,250141,MS,READM-30-PN-HRRP,735.0,,1.106,18.5151,16.7401,143.0,07/01/2021,06/30/2024,19.96026499999998
BAPTIST MEMORIAL HOSPITAL DESOTO,250141,MS,READM-30-HF-HRRP,638.0,,1.0634,21.7035,20.4095,143.0,07/01/2021,06/30/2024,12.787389999999988
BAPTIST MEMORIAL HOSPITAL DESOTO,250141,MS,READM-30-COPD-HRRP,203.0,,1.0119,17.3128,17.11,36.0,07/01/2021,06/30/2024,1.2667000000000002
OCHSNER MEDICAL CENTER-HANCOCK,250162,MS,READM-30-HF-HRRP,31.0,,1.0695,19.7411,18.4586,11.0,07/01/2021,06/30/2024,5.277834
UNIVERSITY OF MISSISSIPPI MEDICAL CENTER- GRENADA,250168,MS,READM-30-PN-HRRP,142.0,,1.0583,15.6592,14.7971,26.0,07/01/2021,06/30/2024,4.988118
UNIVERSITY OF MISSISSIPPI MEDICAL CENTER- GRENADA,250168,MS,READM-30-HF-HRRP,99.0,,1.0451,20.0222,19.1581,23.0,07/01/2021,06/30/2024,4.033480999999998
MERCY HOSPITAL JOPLIN,260001,MO,READM-30-PN-HRRP,486.0,,1.0273,16.4997,16.0614,82.0,07/01/2021,06/30/2024,3.941596000000004
MERCY HOSPITAL JOPLIN,260001,MO,READM-30-HF-HRRP,335.0,,1.0183,20.2004,19.8367,69.0,07/01/2021,06/30/2024,2.5470550000000003
MERCY HOSPITAL JOPLIN,260001,MO,READM-30-AMI-HRRP,154.0,,1.0401,12.3545,11.8783,21.0,07/01/2021,06/30/2024,2.7074180000000005
SSM ST JOSEPH HEALTH CENTER,260005,MO,READM-30-PN-HRRP,205.0,,1.0546,16.7942,15.9246,38.0,07/01/2021,06/30/2024,5.3545700000000025
SSM ST JOSEPH HEALTH CENTER,260005,MO,READM-30-HF-HRRP,285.0,,1.0127,20.0292,19.7774,58.0,07/01/2021,06/30/2024,1.6344099999999955
SSM ST JOSEPH HEALTH CENTER,260005,MO,READM-30-COPD-HRRP,99.0,,1.0921,20.4995,18.7714,27.0,07/01/2021,06/30/2024,8.416314
MOSAIC LIFE CARE AT ST JOSEPH,260006,MO,READM-30-HF-HRRP,635.0,,1.0336,21.0357,20.3523,136.0,07/01/2021,06/30/2024,6.762894999999986
MOSAIC LIFE CARE AT ST JOSEPH,260006,MO,READM-30-AMI-HRRP,285.0,,1.023,13.9776,13.663,41.0,07/01/2021,06/30/2024,2.060450000000003
BOTHWELL REGIONAL HEALTH CENTER,260009,MO,READM-30-HF-HRRP,208.0,,1.0338,19.5301,18.8923,43.0,07/01/2021,06/30/2024,3.704016000000003
BOTHWELL REGIONAL HEALTH CENTER,260009,MO,READM-30-COPD-HRRP,142.0,,1.0647,17.9261,16.8364,30.0,07/01/2021,06/30/2024,6.092312
SSM HEALTH ST. MARY'S HOSPITAL - JEFFERSON CITY,260011,MO,READM-30-HF-HRRP,142.0,,1.1245,20.1512,17.9204,37.0,07/01/2021,06/30/2024,11.553031999999998
SSM HEALTH ST. MARY'S HOSPITAL - JEFFERSON CITY,260011,MO,READM-30-COPD-HRRP,112.0,,1.0753,17.6211,16.3878,25.0,07/01/2021,06/30/2024,6.645664
PHELPS COUNTY REGIONAL MEDICAL CENTER,260017,MO,READM-30-PN-HRRP,311.0,,1.1138,18.2195,16.3578,64.0,07/01/2021,06/30/2024,13.127242000000003
PHELPS COUNTY REGIONAL MEDICAL CENTER,260017,MO,READM-30-HF-HRRP,338.0,,1.109,22.8526,20.6058,85.0,07/01/2021,06/30/2024,15.352395999999999
PHELPS COUNTY REGIONAL MEDICAL CENTER,260017,MO,READM-30-COPD-HRRP,130.0,,1.0334,19.6422,19.0068,28.0,07/01/2021,06/30/2024,3.2911600000000014
PHELPS COUNTY REGIONAL MEDICAL CENTER,260017,MO,READM-30-AMI-HRRP,90.0,,1.0151,14.6851,14.4659,14.0,07/01/2021,06/30/2024,0.980690000000001
MERCY HOSPITAL ST LOUIS,260020,MO,READM-30-PN-HRRP,689.0,,1.1818,19.2267,16.2694,144.0,07/01/2021,06/30/2024,31.903834000000003
MERCY HOSPITAL ST LOUIS,260020,MO,READM-30-HIP-KNEE-HRRP,171.0,,1.1727,6.5225,5.5617,13.0,07/01/2021,06/30/2024,3.4894929999999995
MERCY HOSPITAL ST LOUIS,260020,MO,READM-30-COPD-HRRP,143.0,,1.0153,18.0921,17.8198,27.0,07/01/2021,06/30/2024,1.5176860000000012
MERCY HOSPITAL ST LOUIS,260020,MO,READM-30-CABG-HRRP,175.0,,1.2812,14.5076,11.3232,32.0,07/01/2021,06/30/2024,12.1844
MERCY HOSPITAL ST LOUIS,260020,MO,READM-30-AMI-HRRP,195.0,,1.0591,14.3901,13.5868,31.0,07/01/2021,06/30/2024,4.505740000000003
NORTHEAST REGIONAL MEDICAL CENTER,260022,MO,READM-30-HF-HRRP,90.0,,1.0141,18.8863,18.6228,18.0,07/01/2021,06/30/2024,1.2394800000000004
MERCY HOSPITAL JEFFERSON,260023,MO,READM-30-HF-HRRP,300.0,,1.1094,22.7537,20.5091,76.0,07/01/2021,06/30/2024,14.472700000000003
MERCY HOSPITAL JEFFERSON,260023,MO,READM-30-AMI-HRRP,137.0,,1.0994,15.4073,14.0148,26.0,07/01/2021,06/30/2024,6.799724000000001
HANNIBAL REGIONAL HOSPITAL,260025,MO,READM-30-PN-HRRP,463.0,,1.0818,18.0642,16.6982,89.0,07/01/2021,06/30/2024,11.687334000000007
HANNIBAL REGIONAL HOSPITAL,260025,MO,READM-30-HF-HRRP,292.0,,1.1423,22.6528,19.831,76.0,07/01/2021,06/30/2024,18.093480000000007
HANNIBAL REGIONAL HOSPITAL,260025,MO,READM-30-COPD-HRRP,253.0,,1.115,20.0973,18.0241,59.0,07/01/2021,06/30/2024,13.399026999999997
RESEARCH MEDICAL CENTER,260027,MO,READM-30-PN-HRRP,157.0,,1.0383,18.0975,17.4292,31.0,07/01/2021,06/30/2024,3.6361559999999997
RESEARCH MEDICAL CENTER,260027,MO,READM-30-AMI-HRRP,94.0,,1.042,15.7679,15.1323,17.0,07/01/2021,06/30/2024,2.775637999999999
BARNES JEWISH HOSPITAL,260032,MO,READM-30-HF-HRRP,725.0,,1.0775,23.4978,21.8071,176.0,07/01/2021,06/30/2024,17.898525000000006
BARNES JEWISH HOSPITAL,260032,MO,READM-30-COPD-HRRP,179.0,,1.0074,22.5762,22.4094,41.0,07/01/2021,06/30/2024,0.8871739999999946
BARNES JEWISH HOSPITAL,260032,MO,READM-30-AMI-HRRP,234.0,,1.0588,16.6608,15.7355,42.0,07/01/2021,06/30/2024,5.178930000000001
COX MEDICAL CENTERS,260040,MO,READM-30-AMI-HRRP,275.0,,1.1272,13.4469,11.9294,43.0,07/01/2021,06/30/2024,10.19415
MERCY HOSPITAL SPRINGFIELD,260065,MO,READM-30-COPD-HRRP,167.0,,1.0556,19.7381,18.699,37.0,07/01/2021,06/30/2024,5.772669999999998
MERCY HOSPITAL SPRINGFIELD,260065,MO,READM-30-CABG-HRRP,147.0,,1.0644,12.4754,11.7203,20.0,07/01/2021,06/30/2024,2.771159000000001
MERCY HOSPITAL SPRINGFIELD,260065,MO,READM-30-AMI-HRRP,327.0,,1.0321,13.271,12.8585,45.0,07/01/2021,06/30/2024,2.9527050000000017
BOONE HOSPITAL CENTER,260068,MO,READM-30-CABG-HRRP,154.0,,1.0378,10.4185,10.039,17.0,07/01/2021,06/30/2024,1.5399400000000014
BOONE HOSPITAL CENTER,260068,MO,READM-30-AMI-HRRP,314.0,,1.0454,13.6146,13.0235,45.0,07/01/2021,06/30/2024,4.106210000000004
MOBERLY REGIONAL MEDICAL CENTER,260074,MO,READM-30-PN-HRRP,108.0,,1.0421,15.0748,14.4653,19.0,07/01/2021,06/30/2024,3.3774759999999997
MERCY HOSPITAL SOUTH,260077,MO,READM-30-PN-HRRP,642.0,,1.1399,18.8509,16.5374,130.0,07/01/2021,06/30/2024,23.829891999999987
MERCY HOSPITAL SOUTH,260077,MO,READM-30-HIP-KNEE-HRRP,115.0,,1.241,7.3738,5.9421,11.0,07/01/2021,06/30/2024,4.1665849999999995
MERCY HOSPITAL SOUTH,260077,MO,READM-30-COPD-HRRP,207.0,,1.1246,21.2862,18.9273,53.0,07/01/2021,06/30/2024,13.820489000000002
OZARKS HEALTHCARE,260078,MO,READM-30-AMI-HRRP,114.0,,1.0054,12.9171,12.8482,15.0,07/01/2021,06/30/2024,0.35305199999999815
SSM ST CLARE HEALTH CENTER,260081,MO,READM-30-HF-HRRP,385.0,,1.0537,20.8242,19.7625,84.0,07/01/2021,06/30/2024,7.914375000000007
SSM ST CLARE HEALTH CENTER,260081,MO,READM-30-AMI-HRRP,127.0,,1.0283,14.611,14.2082,20.0,07/01/2021,06/30/2024,1.9555860000000003
ST JOSEPH MEDICAL CENTER,260085,MO,READM-30-PN-HRRP,320.0,,1.0484,18.0413,17.2082,61.0,07/01/2021,06/30/2024,5.933759999999992
SSM HEALTH ST MARY'S HOSPITAL - ST LOUIS,260091,MO,READM-30-HF-HRRP,290.0,,1.0793,21.1755,19.6199,67.0,07/01/2021,06/30/2024,10.102289999999996
SSM HEALTH ST MARY'S HOSPITAL - ST LOUIS,260091,MO,READM-30-COPD-HRRP,76.0,,1.0576,23.1116,21.8519,22.0,07/01/2021,06/30/2024,5.392555999999999
SSM HEALTH ST MARY'S HOSPITAL - ST LOUIS,260091,MO,READM-30-AMI-HRRP,70.0,,1.0201,14.2543,13.9734,11.0,07/01/2021,06/30/2024,1.2186199999999996
COX MEDICAL CENTER BRANSON,260094,MO,READM-30-AMI-HRRP,140.0,,1.025,13.3871,13.0606,20.0,07/01/2021,06/30/2024,1.715160000000001
CENTERPOINT MEDICAL CENTER,260095,MO,READM-30-PN-HRRP,401.0,,1.1128,17.891,16.078,79.0,07/01/2021,06/30/2024,14.52722
CENTERPOINT MEDICAL CENTER,260095,MO,READM-30-COPD-HRRP,135.0,,1.0591,19.0321,17.9693,30.0,07/01/2021,06/30/2024,5.741445000000002
NORTH KANSAS CITY HOSPITAL,260096,MO,READM-30-PN-HRRP,978.0,,1.0197,16.4308,16.114,162.0,07/01/2021,06/30/2024,4.405079999999998
NORTH KANSAS CITY HOSPITAL,260096,MO,READM-30-HIP-KNEE-HRRP,222.0,,1.0138,5.3347,5.2619,12.0,07/01/2021,06/30/2024,0.31858200000000103
NORTH KANSAS CITY HOSPITAL,260096,MO,READM-30-COPD-HRRP,207.0,,1.044,18.756,17.9655,42.0,07/01/2021,06/30/2024,4.811415000000004
WESTERN MISSOURI MEDICAL CENTER,260097,MO,READM-30-HF-HRRP,87.0,,1.0839,20.8716,19.256,24.0,07/01/2021,06/30/2024,7.24728
SSM HEALTH SAINT LOUIS UNIVERSITY HOSPITAL,260105,MO,READM-30-PN-HRRP,89.0,,1.1013,21.4706,19.4955,26.0,07/01/2021,06/30/2024,8.649005000000002
SSM HEALTH SAINT LOUIS UNIVERSITY HOSPITAL,260105,MO,READM-30-HF-HRRP,127.0,,1.1032,24.7859,22.4671,39.0,07/01/2021,06/30/2024,10.466783000000003
SSM HEALTH SAINT LOUIS UNIVERSITY HOSPITAL,260105,MO,READM-30-AMI-HRRP,90.0,,1.0493,16.1117,15.3552,17.0,07/01/2021,06/30/2024,3.18032
MISSOURI BAPTIST MEDICAL CENTER,260108,MO,READM-30-COPD-HRRP,152.0,,1.0614,21.3201,20.0866,37.0,07/01/2021,06/30/2024,6.468367999999998
MISSOURI BAPTIST MEDICAL CENTER,260108,MO,READM-30-CABG-HRRP,134.0,,1.0745,11.2772,10.4953,17.0,07/01/2021,06/30/2024,2.936297999999999
MISSOURI BAPTIST MEDICAL CENTER,260108,MO,READM-30-AMI-HRRP,291.0,,1.0485,14.6193,13.9425,45.0,07/01/2021,06/30/2024,4.427324999999996
MERCY HOSPITAL SOUTHEAST,260110,MO,READM-30-PN-HRRP,374.0,,1.0569,15.8602,15.0057,63.0,07/01/2021,06/30/2024,6.878682000000005
MERCY HOSPITAL SOUTHEAST,260110,MO,READM-30-HF-HRRP,234.0,,1.108,20.7472,18.725,56.0,07/01/2021,06/30/2024,12.183499999999995
MISSOURI DELTA MEDICAL CENTER,260113,MO,READM-30-HF-HRRP,131.0,,1.0243,20.7999,20.3063,29.0,07/01/2021,06/30/2024,2.398747
POPLAR BLUFF REGIONAL MEDICAL CENTER,260119,MO,READM-30-HF-HRRP,346.0,,1.0362,21.2088,20.4686,76.0,07/01/2021,06/30/2024,5.178644000000006
POPLAR BLUFF REGIONAL MEDICAL CENTER,260119,MO,READM-30-COPD-HRRP,145.0,,1.024,20.8133,20.3261,32.0,07/01/2021,06/30/2024,2.5271550000000005
FREEMAN HEALTH SYSTEM - FREEMAN WEST,260137,MO,READM-30-PN-HRRP,343.0,,1.0051,16.2273,16.1452,56.0,07/01/2021,06/30/2024,0.6219640000000055
UNIVERSITY OF MISSOURI HEALTH CARE,260141,MO,READM-30-HF-HRRP,376.0,,1.0452,21.4744,20.5454,84.0,07/01/2021,06/30/2024,6.749296000000001
UNIVERSITY OF MISSOURI HEALTH CARE,260141,MO,READM-30-COPD-HRRP,231.0,,1.0209,21.3812,20.9426,51.0,07/01/2021,06/30/2024,2.6225939999999994
UNIVERSITY OF MISSOURI HEALTH CARE,260141,MO,READM-30-AMI-HRRP,213.0,,1.0076,12.9666,12.8691,28.0,07/01/2021,06/30/2024,0.5888169999999988
FITZGIBBON HOSPITAL,260142,MO,READM-30-PN-HRRP,113.0,,1.0065,13.7891,13.6999,16.0,07/01/2021,06/30/2024,0.5191130000000026
FITZGIBBON HOSPITAL,260142,MO,READM-30-HF-HRRP,56.0,,1.042,18.0219,17.2952,13.0,07/01/2021,06/30/2024,3.3146879999999985
BARNES-JEWISH WEST COUNTY HOSPITAL,260162,MO,READM-30-PN-HRRP,65.0,,1.0185,15.0468,14.7736,11.0,07/01/2021,06/30/2024,1.3971599999999995
BARNES-JEWISH WEST COUNTY HOSPITAL,260162,MO,READM-30-HF-HRRP,51.0,,1.0819,20.1748,18.6479,16.0,07/01/2021,06/30/2024,6.489571
GOLDEN VALLEY MEMORIAL HOSPITAL,260175,MO,READM-30-PN-HRRP,109.0,,1.0119,15.786,15.5999,18.0,07/01/2021,06/30/2024,0.9961090000000006
ST LUKE'S DES PERES HOSPITAL,260176,MO,READM-30-HIP-KNEE-HRRP,183.0,,1.1045,5.9273,5.3663,12.0,07/01/2021,06/30/2024,2.179671000000001
ST LUKE'S DES PERES HOSPITAL,260176,MO,READM-30-HF-HRRP,48.0,,1.0254,19.1879,18.7131,11.0,07/01/2021,06/30/2024,2.0177119999999995
LIBERTY HOSPITAL,260177,MO,READM-30-HF-HRRP,337.0,,1.0427,18.4104,17.6567,65.0,07/01/2021,06/30/2024,5.496921
LIBERTY HOSPITAL,260177,MO,READM-30-COPD-HRRP,179.0,,1.0704,17.8936,16.7174,37.0,07/01/2021,06/30/2024,7.075853999999996
LIBERTY HOSPITAL,260177,MO,READM-30-AMI-HRRP,106.0,,1.0117,11.7204,11.5846,13.0,07/01/2021,06/30/2024,0.7203239999999997
ST LUKES HOSPITAL,260179,MO,READM-30-PN-HRRP,758.0,,1.0253,16.2696,15.8685,125.0,07/01/2021,06/30/2024,4.716770000000011
ST LUKES HOSPITAL,260179,MO,READM-30-HIP-KNEE-HRRP,213.0,,1.4192,7.9477,5.6,21.0,07/01/2021,06/30/2024,9.072000000000001
ST LUKES HOSPITAL,260179,MO,READM-30-COPD-HRRP,180.0,,1.0001,18.3276,18.325,33.0,07/01/2021,06/30/2024,0.015000000000000568
CHRISTIAN HOSPITAL NORTHEAST,260180,MO,READM-30-COPD-HRRP,106.0,,1.0339,22.9913,22.237,27.0,07/01/2021,06/30/2024,3.4287800000000033
CHRISTIAN HOSPITAL NORTHEAST,260180,MO,READM-30-CABG-HRRP,106.0,,1.0033,11.2409,11.2045,12.0,07/01/2021,06/30/2024,0.12323000000000128
SAINT FRANCIS MEDICAL CENTER,260183,MO,READM-30-AMI-HRRP,130.0,,1.0029,12.1969,12.1622,16.0,07/01/2021,06/30/2024,0.1891399999999983
LAKE REGIONAL HEALTH SYSTEM,260186,MO,READM-30-AMI-HRRP,204.0,,1.0326,14.3848,13.9307,31.0,07/01/2021,06/30/2024,2.5813720000000018
LEE'S SUMMIT MEDICAL CENTER,260190,MO,READM-30-PN-HRRP,172.0,,1.0575,16.9934,16.0688,33.0,07/01/2021,06/30/2024,5.361664000000001
LEE'S SUMMIT MEDICAL CENTER,260190,MO,READM-30-HF-HRRP,141.0,,1.0032,19.6956,19.6335,28.0,07/01/2021,06/30/2024,0.3167650000000002
BARNES-JEWISH ST PETERS HOSPITAL,260191,MO,READM-30-HF-HRRP,258.0,,1.079,22.2232,20.5958,63.0,07/01/2021,06/30/2024,9.862836000000001
ST MARY'S MEDICAL CENTER,260193,MO,READM-30-PN-HRRP,271.0,,1.0925,17.7076,16.2083,54.0,07/01/2021,06/30/2024,10.075507000000002
ST MARY'S MEDICAL CENTER,260193,MO,READM-30-HF-HRRP,110.0,,1.0389,19.3287,18.6043,24.0,07/01/2021,06/30/2024,3.5352700000000006
CITIZENS MEMORIAL HOSPITAL,260195,MO,READM-30-AMI-HRRP,72.0,,1.0579,12.7366,12.0394,12.0,07/01/2021,06/30/2024,3.331631999999999
BELTON REGIONAL MEDICAL CENTER,260214,MO,READM-30-PN-HRRP,151.0,,1.0849,16.8943,15.5721,31.0,07/01/2021,06/30/2024,7.486129000000002
BELTON REGIONAL MEDICAL CENTER,260214,MO,READM-30-HF-HRRP,87.0,,1.0061,20.1823,20.0603,18.0,07/01/2021,06/30/2024,0.5475390000000004
SAINT LUKE'S EAST  HOSPITAL,260216,MO,READM-30-PN-HRRP,540.0,,1.0174,15.8976,15.6257,87.0,07/01/2021,06/30/2024,2.621219999999994
BILLINGS CLINIC,270004,MT,READM-30-COPD-HRRP,179.0,,1.005,19.3436,19.2471,35.0,07/01/2021,06/30/2024,0.5476910000000004
BILLINGS CLINIC,270004,MT,READM-30-CABG-HRRP,160.0,,1.0591,9.7131,9.1709,17.0,07/01/2021,06/30/2024,2.3265600000000006
ST. PATRICK HOSPITAL,270014,MT,READM-30-CABG-HRRP,188.0,,1.0405,9.5703,9.1982,19.0,07/01/2021,06/30/2024,1.7073840000000011
COMMUNITY MEDICAL CENTER,270023,MT,READM-30-HF-HRRP,85.0,,1.0414,20.051,19.2546,20.0,07/01/2021,06/30/2024,3.6335900000000017
BRYAN MEDICAL CENTER,280003,NE,READM-30-PN-HRRP,785.0,,1.0156,15.4102,15.173,122.0,07/01/2021,06/30/2024,2.8919499999999942
CHI HEALTH GOOD SAMARITAN,280009,NE,READM-30-PN-HRRP,93.0,,1.0042,14.7593,14.6979,14.0,07/01/2021,06/30/2024,0.33095300000000094
CHI HEALTH GOOD SAMARITAN,280009,NE,READM-30-HF-HRRP,165.0,,1.0747,20.4559,19.0332,39.0,07/01/2021,06/30/2024,7.595220000000001
THE NEBRASKA MEDICAL CENTER,280013,NE,READM-30-HF-HRRP,382.0,,1.0515,21.5446,20.4904,86.0,07/01/2021,06/30/2024,7.7266719999999935
THE NEBRASKA MEDICAL CENTER,280013,NE,READM-30-AMI-HRRP,203.0,,1.0312,13.0329,12.6381,28.0,07/01/2021,06/30/2024,2.3446570000000015
CHI HEALTH ST. ELIZABETH,280020,NE,READM-30-PN-HRRP,106.0,,1.0112,15.3456,15.1761,17.0,07/01/2021,06/30/2024,0.913333999999999
CHI HEALTH ST. ELIZABETH,280020,NE,READM-30-HF-HRRP,163.0,,1.0059,18.1499,18.0437,30.0,07/01/2021,06/30/2024,0.5887689999999992
CHI HEALTH ST. FRANCIS,280023,NE,READM-30-PN-HRRP,137.0,,1.022,15.0125,14.6887,22.0,07/01/2021,06/30/2024,1.8764809999999983
REGIONAL WEST MEDICAL CENTER,280061,NE,READM-30-PN-HRRP,233.0,,1.0681,16.5601,15.5042,43.0,07/01/2021,06/30/2024,6.875214
REGIONAL WEST MEDICAL CENTER,280061,NE,READM-30-COPD-HRRP,104.0,,1.0536,17.5218,16.6302,22.0,07/01/2021,06/30/2024,4.704592000000002
GREAT PLAINS HEALTH,280065,NE,READM-30-PN-HRRP,303.0,,1.0915,17.5263,16.0567,59.0,07/01/2021,06/30/2024,10.348199000000001
GREAT PLAINS HEALTH,280065,NE,READM-30-HF-HRRP,281.0,,1.0167,20.5646,20.2261,59.0,07/01/2021,06/30/2024,2.1646590000000003
GREAT PLAINS HEALTH,280065,NE,READM-30-COPD-HRRP,84.0,,1.0378,20.4707,19.7257,20.0,07/01/2021,06/30/2024,3.4304120000000005
METHODIST FREMONT HEALTH,280077,NE,READM-30-HF-HRRP,148.0,,1.0186,19.3715,19.0181,30.0,07/01/2021,06/30/2024,1.8532119999999992
METHODIST FREMONT HEALTH,280077,NE,READM-30-COPD-HRRP,72.0,,1.0764,21.3797,19.8621,21.0,07/01/2021,06/30/2024,6.699287999999999
CHI HEALTH IMMANUEL,280081,NE,READM-30-PN-HRRP,107.0,,1.0518,16.4382,15.6292,21.0,07/01/2021,06/30/2024,4.276755999999999
CHI HEALTH IMMANUEL,280081,NE,READM-30-HF-HRRP,127.0,,1.0086,19.197,19.033,25.0,07/01/2021,06/30/2024,0.8280899999999995
"COLUMBUS COMMUNITY HOSPITAL, INC",280111,NE,READM-30-PN-HRRP,71.0,,1.0233,13.4079,13.1033,11.0,07/01/2021,06/30/2024,1.696657
FAITH REGIONAL HEALTH SERVICES,280125,NE,READM-30-PN-HRRP,215.0,,1.0004,14.4075,14.4023,31.0,07/01/2021,06/30/2024,0.035054999999996284
BELLEVUE MEDICAL CENTER,280132,NE,READM-30-PN-HRRP,238.0,,1.0036,14.6065,14.5537,35.0,07/01/2021,06/30/2024,0.36219400000000235
BELLEVUE MEDICAL CENTER,280132,NE,READM-30-HIP-KNEE-HRRP,175.0,,1.1034,6.2042,5.6228,12.0,07/01/2021,06/30/2024,2.1601
BELLEVUE MEDICAL CENTER,280132,NE,READM-30-HF-HRRP,301.0,,1.06,19.5361,18.4298,63.0,07/01/2021,06/30/2024,7.526302000000001
BELLEVUE MEDICAL CENTER,280132,NE,READM-30-COPD-HRRP,144.0,,1.0209,17.018,16.6695,26.0,07/01/2021,06/30/2024,1.9959200000000017
BELLEVUE MEDICAL CENTER,280132,NE,READM-30-AMI-HRRP,78.0,,1.0254,12.5037,12.1943,11.0,07/01/2021,06/30/2024,1.4884459999999997
KEARNEY REGIONAL MEDICAL CENTER,280134,NE,READM-30-PN-HRRP,185.0,,1.0145,15.7031,15.4794,30.0,07/01/2021,06/30/2024,1.3631100000000025
GRAND ISLAND REGIONAL MEDICAL CENTER,280139,NE,READM-30-PN-HRRP,77.0,,1.0803,15.4994,14.3471,17.0,07/01/2021,06/30/2024,5.952733
GRAND ISLAND REGIONAL MEDICAL CENTER,280139,NE,READM-30-HF-HRRP,60.0,,1.032,17.9539,17.3976,13.0,07/01/2021,06/30/2024,2.5614399999999993
RENOWN REGIONAL MEDICAL CENTER,290001,NV,READM-30-PN-HRRP,566.0,,1.0041,15.6767,15.6135,89.0,07/01/2021,06/30/2024,0.6275899999999979
SUNRISE HOSPITAL AND MEDICAL CENTER,290003,NV,READM-30-HF-HRRP,403.0,,1.1067,23.6579,21.3775,103.0,07/01/2021,06/30/2024,16.848674999999986
SUNRISE HOSPITAL AND MEDICAL CENTER,290003,NV,READM-30-AMI-HRRP,201.0,,1.0457,17.2201,16.4672,37.0,07/01/2021,06/30/2024,3.9009280000000004
NORTH VISTA HOSPITAL,290005,NV,READM-30-PN-HRRP,82.0,,1.0423,18.4499,17.7019,18.0,07/01/2021,06/30/2024,3.4844420000000014
NORTH VISTA HOSPITAL,290005,NV,READM-30-HF-HRRP,76.0,,1.1121,23.6387,21.2568,26.0,07/01/2021,06/30/2024,9.844832
NORTH VISTA HOSPITAL,290005,NV,READM-30-COPD-HRRP,96.0,,1.0296,20.5825,19.9909,22.0,07/01/2021,06/30/2024,2.8087359999999997
UNIVERSITY MEDICAL CENTER,290007,NV,READM-30-HF-HRRP,169.0,,1.1129,22.484,20.2033,46.0,07/01/2021,06/30/2024,11.856423
UNIVERSITY MEDICAL CENTER,290007,NV,READM-30-COPD-HRRP,89.0,,1.1014,21.0093,19.0746,26.0,07/01/2021,06/30/2024,9.023606000000001
SAINT MARY'S REGIONAL MEDICAL CENTER,290009,NV,READM-30-COPD-HRRP,74.0,,1.0248,19.151,18.688,16.0,07/01/2021,06/30/2024,2.1708800000000004
SAINT MARY'S REGIONAL MEDICAL CENTER,290009,NV,READM-30-AMI-HRRP,188.0,,1.0131,13.4786,13.3039,26.0,07/01/2021,06/30/2024,0.988667999999997
CARSON TAHOE REGIONAL MEDICAL CENTER,290019,NV,READM-30-PN-HRRP,693.0,,1.0142,14.4416,14.2398,101.0,07/01/2021,06/30/2024,2.318185999999997
CARSON TAHOE REGIONAL MEDICAL CENTER,290019,NV,READM-30-AMI-HRRP,279.0,,1.0095,11.3031,11.1968,32.0,07/01/2021,06/30/2024,0.7609279999999998
VALLEY HOSPITAL MEDICAL CENTER,290021,NV,READM-30-PN-HRRP,212.0,,1.0046,19.66,19.5706,42.0,07/01/2021,06/30/2024,0.5103280000000012
VALLEY HOSPITAL MEDICAL CENTER,290021,NV,READM-30-HF-HRRP,140.0,,1.062,22.5011,21.1868,36.0,07/01/2021,06/30/2024,6.338479999999997
NORTHERN NEVADA MEDICAL CENTER,290032,NV,READM-30-HF-HRRP,191.0,,1.0292,17.7832,17.2785,36.0,07/01/2021,06/30/2024,2.998064999999997
MOUNTAINVIEW HOSPITAL,290039,NV,READM-30-PN-HRRP,951.0,,1.0383,18.6535,17.9659,180.0,07/01/2021,06/30/2024,9.144290999999981
MOUNTAINVIEW HOSPITAL,290039,NV,READM-30-COPD-HRRP,177.0,,1.047,16.772,16.0184,33.0,07/01/2021,06/30/2024,4.647432000000002
MOUNTAINVIEW HOSPITAL,290039,NV,READM-30-CABG-HRRP,105.0,,1.0908,13.9633,12.8011,17.0,07/01/2021,06/30/2024,3.5588450000000016
MOUNTAINVIEW HOSPITAL,290039,NV,READM-30-AMI-HRRP,257.0,,1.0993,15.989,14.545,46.0,07/01/2021,06/30/2024,8.619350000000004
SUMMERLIN HOSPITAL MEDICAL CENTER,290041,NV,READM-30-PN-HRRP,505.0,,1.1733,18.4406,15.7165,104.0,07/01/2021,06/30/2024,24.631675
SUMMERLIN HOSPITAL MEDICAL CENTER,290041,NV,READM-30-HF-HRRP,321.0,,1.0478,20.128,19.2089,68.0,07/01/2021,06/30/2024,6.339430999999998
SUMMERLIN HOSPITAL MEDICAL CENTER,290041,NV,READM-30-COPD-HRRP,91.0,,1.0182,16.1645,15.8753,16.0,07/01/2021,06/30/2024,1.553476999999999
SUMMERLIN HOSPITAL MEDICAL CENTER,290041,NV,READM-30-AMI-HRRP,147.0,,1.0675,14.7314,13.7997,25.0,07/01/2021,06/30/2024,4.714440999999997
SAINT ROSE DOMINICAN HOSPITALS - SIENA CAMPUS,290045,NV,READM-30-PN-HRRP,701.0,,1.138,19.4019,17.0499,145.0,07/01/2021,06/30/2024,25.480200999999994
SAINT ROSE DOMINICAN HOSPITALS - SIENA CAMPUS,290045,NV,READM-30-HF-HRRP,686.0,,1.0474,21.6563,20.6767,152.0,07/01/2021,06/30/2024,10.157837999999998
SPRING VALLEY HOSPITAL MEDICAL CENTER,290046,NV,READM-30-PN-HRRP,341.0,,1.0946,18.6852,17.0697,70.0,07/01/2021,06/30/2024,11.792322999999996
SPRING VALLEY HOSPITAL MEDICAL CENTER,290046,NV,READM-30-HF-HRRP,258.0,,1.069,21.3436,19.9653,60.0,07/01/2021,06/30/2024,8.489525999999998
SPRING VALLEY HOSPITAL MEDICAL CENTER,290046,NV,READM-30-COPD-HRRP,83.0,,1.0463,17.7096,16.9257,18.0,07/01/2021,06/30/2024,3.9516690000000008
SOUTHERN HILLS HOSPITAL AND MEDICAL CENTER,290047,NV,READM-30-PN-HRRP,445.0,,1.1125,19.2343,17.2886,93.0,07/01/2021,06/30/2024,16.065730000000002
SAINT ROSE DOMINICAN HOSPITALS - SAN MARTIN CAMPUS,290053,NV,READM-30-PN-HRRP,193.0,,1.0272,16.1701,15.7421,33.0,07/01/2021,06/30/2024,2.617746999999998
SAINT ROSE DOMINICAN HOSPITALS - SAN MARTIN CAMPUS,290053,NV,READM-30-HF-HRRP,250.0,,1.0202,20.2161,19.8168,52.0,07/01/2021,06/30/2024,2.4579999999999984
SAINT ROSE DOMINICAN HOSPITALS - SAN MARTIN CAMPUS,290053,NV,READM-30-CABG-HRRP,86.0,,1.1758,13.5159,11.495,16.0,07/01/2021,06/30/2024,6.1143
CENTENNIAL HILLS HOSPITAL MEDICAL CENTER,290054,NV,READM-30-PN-HRRP,404.0,,1.0912,17.3466,15.8972,76.0,07/01/2021,06/30/2024,11.775312
CENTENNIAL HILLS HOSPITAL MEDICAL CENTER,290054,NV,READM-30-COPD-HRRP,127.0,,1.049,17.7284,16.9009,26.0,07/01/2021,06/30/2024,4.535857
HENDERSON HOSPITAL,290057,NV,READM-30-PN-HRRP,487.0,,1.0257,15.8726,15.4746,79.0,07/01/2021,06/30/2024,3.638698000000005
HENDERSON HOSPITAL,290057,NV,READM-30-HF-HRRP,339.0,,1.1084,21.3657,19.2755,80.0,07/01/2021,06/30/2024,14.656054999999995
HENDERSON HOSPITAL,290057,NV,READM-30-COPD-HRRP,139.0,,1.0668,17.4632,16.3698,29.0,07/01/2021,06/30/2024,6.245977999999997
HENDERSON HOSPITAL,290057,NV,READM-30-AMI-HRRP,74.0,,1.0765,15.1287,14.0534,15.0,07/01/2021,06/30/2024,4.600484
CONCORD HOSPITAL,300001,NH,READM-30-HF-HRRP,486.0,,1.079,20.266,18.7825,104.0,07/01/2021,06/30/2024,12.71705
CONCORD HOSPITAL,300001,NH,READM-30-COPD-HRRP,182.0,,1.0495,16.25,15.4834,33.0,07/01/2021,06/30/2024,4.8202120000000015
MARY HITCHCOCK MEMORIAL HOSPITAL,300003,NH,READM-30-PN-HRRP,341.0,,1.0068,15.7033,15.5972,54.0,07/01/2021,06/30/2024,0.8135479999999973
CONCORD HOSPITAL- LACONIA,300005,NH,READM-30-COPD-HRRP,88.0,,1.0178,16.7305,16.4381,16.0,07/01/2021,06/30/2024,1.534472000000001
ST JOSEPH HOSPITAL,300011,NH,READM-30-AMI-HRRP,72.0,,1.035,12.8779,12.4423,11.0,07/01/2021,06/30/2024,2.041544
ELLIOT HOSPITAL,300012,NH,READM-30-PN-HRRP,547.0,,1.0183,14.7736,14.5078,82.0,07/01/2021,06/30/2024,2.6423340000000053
FRISBIE MEMORIAL HOSPITAL,300014,NH,READM-30-PN-HRRP,93.0,,1.0358,13.6983,13.2248,15.0,07/01/2021,06/30/2024,2.7009360000000004
FRISBIE MEMORIAL HOSPITAL,300014,NH,READM-30-HF-HRRP,85.0,,1.0047,17.2564,17.1752,15.0,07/01/2021,06/30/2024,0.40107999999999855
PARKLAND MEDICAL CENTER,300017,NH,READM-30-HF-HRRP,300.0,,1.0381,20.4236,19.6737,64.0,07/01/2021,06/30/2024,4.978900000000003
PARKLAND MEDICAL CENTER,300017,NH,READM-30-COPD-HRRP,72.0,,1.0086,15.8194,15.6843,12.0,07/01/2021,06/30/2024,0.7073039999999988
PARKLAND MEDICAL CENTER,300017,NH,READM-30-AMI-HRRP,91.0,,1.0377,15.4551,14.8936,16.0,07/01/2021,06/30/2024,2.446824000000001
WENTWORTH-DOUGLASS HOSPITAL,300018,NH,READM-30-PN-HRRP,510.0,,1.122,16.9155,15.0756,94.0,07/01/2021,06/30/2024,17.114440000000002
SOUTHERN NH MEDICAL CENTER,300020,NH,READM-30-COPD-HRRP,82.0,,1.0502,15.321,14.5893,16.0,07/01/2021,06/30/2024,4.036774000000001
SOUTHERN NH MEDICAL CENTER,300020,NH,READM-30-AMI-HRRP,88.0,,1.0497,13.1344,12.5121,14.0,07/01/2021,06/30/2024,2.9893519999999985
EXETER HOSPITAL INC,300023,NH,READM-30-COPD-HRRP,142.0,,1.0428,16.8956,16.2022,27.0,07/01/2021,06/30/2024,3.992875999999999
PORTSMOUTH REGIONAL HOSPITAL,300029,NH,READM-30-HF-HRRP,332.0,,1.0866,20.4743,18.8432,74.0,07/01/2021,06/30/2024,11.440576000000007
PORTSMOUTH REGIONAL HOSPITAL,300029,NH,READM-30-COPD-HRRP,109.0,,1.0283,16.5024,16.0476,20.0,07/01/2021,06/30/2024,2.508116000000001
PORTSMOUTH REGIONAL HOSPITAL,300029,NH,READM-30-CABG-HRRP,128.0,,1.0586,11.3438,10.7163,16.0,07/01/2021,06/30/2024,2.283135999999999
CATHOLIC MEDICAL CENTER,300034,NH,READM-30-HF-HRRP,902.0,,1.0015,19.3893,19.3603,175.0,07/01/2021,06/30/2024,0.3700939999999946
CATHOLIC MEDICAL CENTER,300034,NH,READM-30-COPD-HRRP,160.0,,1.0393,18.2284,17.5391,32.0,07/01/2021,06/30/2024,3.937439999999995
CATHOLIC MEDICAL CENTER,300034,NH,READM-30-CABG-HRRP,231.0,,1.0814,11.2435,10.3972,28.0,07/01/2021,06/30/2024,3.982468000000001
HACKENSACK UNIVERSITY MEDICAL CENTER,310001,NJ,READM-30-PN-HRRP,1119.0,,1.0375,20.4976,19.7574,232.0,07/01/2021,06/30/2024,10.914693999999997
NEWARK BETH ISRAEL MEDICAL CENTER,310002,NJ,READM-30-PN-HRRP,103.0,,1.0352,19.0091,18.3634,22.0,07/01/2021,06/30/2024,3.0856980000000007
NEWARK BETH ISRAEL MEDICAL CENTER,310002,NJ,READM-30-HF-HRRP,210.0,,1.0807,22.4859,20.8064,53.0,07/01/2021,06/30/2024,9.306559999999998
NEWARK BETH ISRAEL MEDICAL CENTER,310002,NJ,READM-30-AMI-HRRP,80.0,,1.0879,15.6804,14.4128,17.0,07/01/2021,06/30/2024,5.469759999999999
PALISADES MEDICAL CENTER,310003,NJ,READM-30-PN-HRRP,296.0,,1.038,17.3792,16.7429,54.0,07/01/2021,06/30/2024,4.441016000000005
PALISADES MEDICAL CENTER,310003,NJ,READM-30-HF-HRRP,218.0,,1.1131,22.0489,19.8081,56.0,07/01/2021,06/30/2024,12.818342000000001
PALISADES MEDICAL CENTER,310003,NJ,READM-30-COPD-HRRP,80.0,,1.016,20.9472,20.6169,18.0,07/01/2021,06/30/2024,1.5064799999999998
HUNTERDON MEDICAL CENTER,310005,NJ,READM-30-PN-HRRP,438.0,,1.111,17.3256,15.594,83.0,07/01/2021,06/30/2024,14.698279999999997
HUNTERDON MEDICAL CENTER,310005,NJ,READM-30-HIP-KNEE-HRRP,348.0,,1.0753,4.6498,4.3241,17.0,07/01/2021,06/30/2024,1.9521320000000024
HUNTERDON MEDICAL CENTER,310005,NJ,READM-30-HF-HRRP,395.0,,1.0149,19.9811,19.6883,80.0,07/01/2021,06/30/2024,2.2312149999999917
HUNTERDON MEDICAL CENTER,310005,NJ,READM-30-COPD-HRRP,122.0,,1.0266,18.8819,18.392,25.0,07/01/2021,06/30/2024,2.5617599999999996
ST MARY'S GENERAL HOSPITAL,310006,NJ,READM-30-PN-HRRP,142.0,,1.0347,16.6939,16.1334,26.0,07/01/2021,06/30/2024,3.090571999999998
ST MARY'S GENERAL HOSPITAL,310006,NJ,READM-30-HF-HRRP,222.0,,1.1529,22.2892,19.334,60.0,07/01/2021,06/30/2024,17.078520000000005
HOLY NAME MEDICAL CENTER,310008,NJ,READM-30-PN-HRRP,616.0,,1.0356,16.4993,15.9325,104.0,07/01/2021,06/30/2024,5.855800000000002
HOLY NAME MEDICAL CENTER,310008,NJ,READM-30-AMI-HRRP,118.0,,1.0027,15.1343,15.0936,18.0,07/01/2021,06/30/2024,0.18955199999999905
CLARA MAASS MEDICAL CENTER,310009,NJ,READM-30-HF-HRRP,359.0,,1.0401,20.3713,19.5864,76.0,07/01/2021,06/30/2024,5.684823999999992
CLARA MAASS MEDICAL CENTER,310009,NJ,READM-30-AMI-HRRP,88.0,,1.005,16.7474,16.6643,15.0,07/01/2021,06/30/2024,0.3354159999999986
UNIVERSITY MEDICAL CENTER OF PRINCETON AT PLAINSBORO,310010,NJ,READM-30-PN-HRRP,326.0,,1.0048,14.9334,14.8625,49.0,07/01/2021,06/30/2024,0.5482499999999959
UNIVERSITY MEDICAL CENTER OF PRINCETON AT PLAINSBORO,310010,NJ,READM-30-HIP-KNEE-HRRP,164.0,,1.3835,7.4544,5.388,16.0,07/01/2021,06/30/2024,7.163680000000001
UNIVERSITY MEDICAL CENTER OF PRINCETON AT PLAINSBORO,310010,NJ,READM-30-HF-HRRP,716.0,,1.0354,18.9257,18.278,138.0,07/01/2021,06/30/2024,7.129520000000014
UNIVERSITY MEDICAL CENTER OF PRINCETON AT PLAINSBORO,310010,NJ,READM-30-COPD-HRRP,171.0,,1.0337,19.0311,18.4114,35.0,07/01/2021,06/30/2024,3.5165059999999997
UNIVERSITY MEDICAL CENTER OF PRINCETON AT PLAINSBORO,310010,NJ,READM-30-AMI-HRRP,119.0,,1.0763,14.4792,13.4532,21.0,07/01/2021,06/30/2024,4.990691999999999
CAPE REGIONAL MEDICAL CENTER INC,310011,NJ,READM-30-PN-HRRP,414.0,,1.044,15.0187,14.3864,65.0,07/01/2021,06/30/2024,5.440304000000005
CAPE REGIONAL MEDICAL CENTER INC,310011,NJ,READM-30-HF-HRRP,441.0,,1.0268,19.0687,18.5713,86.0,07/01/2021,06/30/2024,4.100566999999998
CAPE REGIONAL MEDICAL CENTER INC,310011,NJ,READM-30-COPD-HRRP,281.0,,1.0526,17.523,16.6479,53.0,07/01/2021,06/30/2024,6.219401000000005
VALLEY HOSPITAL,310012,NJ,READM-30-COPD-HRRP,254.0,,1.0022,18.4412,18.4015,47.0,07/01/2021,06/30/2024,0.2601900000000015
COOPER UNIVERSITY HOSPITAL,310014,NJ,READM-30-HF-HRRP,533.0,,1.0815,21.8014,20.1583,122.0,07/01/2021,06/30/2024,14.556260999999992
COOPER UNIVERSITY HOSPITAL,310014,NJ,READM-30-CABG-HRRP,269.0,,1.1058,12.029,10.8785,35.0,07/01/2021,06/30/2024,5.736834999999999
COOPER UNIVERSITY HOSPITAL,310014,NJ,READM-30-AMI-HRRP,384.0,,1.0766,15.1494,14.0713,62.0,07/01/2021,06/30/2024,7.966207999999995
CAREPOINT HEALTH-CHRIST HOSPITAL,310016,NJ,READM-30-PN-HRRP,60.0,,1.029,19.9645,19.402,14.0,07/01/2021,06/30/2024,2.3588000000000005
CAREPOINT HEALTH-CHRIST HOSPITAL,310016,NJ,READM-30-HF-HRRP,73.0,,1.0281,23.1449,22.5126,19.0,07/01/2021,06/30/2024,2.5658020000000015
ST JOSEPH'S UNIVERSITY MEDICAL CENTER INC,310019,NJ,READM-30-HF-HRRP,449.0,,1.1666,23.0565,19.7636,115.0,07/01/2021,06/30/2024,26.261436000000003
ST JOSEPH'S UNIVERSITY MEDICAL CENTER INC,310019,NJ,READM-30-COPD-HRRP,108.0,,1.0515,22.2949,21.2022,28.0,07/01/2021,06/30/2024,5.1016239999999975
ST JOSEPH'S UNIVERSITY MEDICAL CENTER INC,310019,NJ,READM-30-AMI-HRRP,186.0,,1.0898,15.8669,14.5594,34.0,07/01/2021,06/30/2024,6.9195160000000016
WEST JERSEY HOSPITAL,310022,NJ,READM-30-PN-HRRP,1271.0,,1.1371,17.6477,15.5202,233.0,07/01/2021,06/30/2024,35.738258
WEST JERSEY HOSPITAL,310022,NJ,READM-30-HF-HRRP,1175.0,,1.1999,23.2778,19.4003,287.0,07/01/2021,06/30/2024,59.04647499999999
WEST JERSEY HOSPITAL,310022,NJ,READM-30-COPD-HRRP,536.0,,1.1006,20.2938,18.4391,116.0,07/01/2021,06/30/2024,17.166424000000006
ROBERT WOOD JOHNSON UNIVERSITY HOSPITAL AT RAHWAY,310024,NJ,READM-30-PN-HRRP,232.0,,1.0734,17.3111,16.1274,45.0,07/01/2021,06/30/2024,7.5844319999999925
ROBERT WOOD JOHNSON UNIVERSITY HOSPITAL AT RAHWAY,310024,NJ,READM-30-HF-HRRP,266.0,,1.0259,19.6004,19.1052,54.0,07/01/2021,06/30/2024,3.180168000000002
ROBERT WOOD JOHNSON UNIVERSITY HOSPITAL AT RAHWAY,310024,NJ,READM-30-COPD-HRRP,74.0,,1.0211,18.1807,17.8057,15.0,07/01/2021,06/30/2024,1.8237819999999978
CAREPOINT HEALTH - BAYONNE MEDICAL CENTER,310025,NJ,READM-30-PN-HRRP,173.0,,1.0544,19.2435,18.2508,37.0,07/01/2021,06/30/2024,5.426116
CAREPOINT HEALTH - BAYONNE MEDICAL CENTER,310025,NJ,READM-30-HF-HRRP,211.0,,1.0462,22.5602,21.5641,51.0,07/01/2021,06/30/2024,5.499749000000001
CAREPOINT HEALTH - BAYONNE MEDICAL CENTER,310025,NJ,READM-30-COPD-HRRP,96.0,,1.0538,19.8117,18.7999,23.0,07/01/2021,06/30/2024,4.952096000000001
CAREPOINT HEALTH - BAYONNE MEDICAL CENTER,310025,NJ,READM-30-AMI-HRRP,73.0,,1.0836,18.732,17.2873,18.0,07/01/2021,06/30/2024,5.380271000000002
TRINITAS REGIONAL MEDICAL CENTER,310027,NJ,READM-30-PN-HRRP,133.0,,1.102,17.599,15.9706,30.0,07/01/2021,06/30/2024,8.759102000000002
TRINITAS REGIONAL MEDICAL CENTER,310027,NJ,READM-30-HF-HRRP,170.0,,1.047,21.5157,20.5499,40.0,07/01/2021,06/30/2024,5.065169999999995
TRINITAS REGIONAL MEDICAL CENTER,310027,NJ,READM-30-COPD-HRRP,49.0,,1.0246,18.7972,18.345,11.0,07/01/2021,06/30/2024,2.0109499999999993
NEWTON MEDICAL CENTER,310028,NJ,READM-30-COPD-HRRP,186.0,,1.0041,17.5822,17.511,33.0,07/01/2021,06/30/2024,0.4295400000000029
VIRTUA OUR LADY OF LOURDES HOSPITAL,310029,NJ,READM-30-PN-HRRP,206.0,,1.0413,15.6774,15.055,35.0,07/01/2021,06/30/2024,3.9867000000000026
VIRTUA OUR LADY OF LOURDES HOSPITAL,310029,NJ,READM-30-HF-HRRP,506.0,,1.0706,20.5615,19.2057,109.0,07/01/2021,06/30/2024,11.819158000000002
VIRTUA OUR LADY OF LOURDES HOSPITAL,310029,NJ,READM-30-COPD-HRRP,112.0,,1.0548,19.6128,18.5932,26.0,07/01/2021,06/30/2024,5.1756160000000015
DEBORAH HEART AND LUNG CENTER,310031,NJ,READM-30-PN-HRRP,96.0,,1.0006,16.6268,16.6173,16.0,07/01/2021,06/30/2024,0.047391999999998546
DEBORAH HEART AND LUNG CENTER,310031,NJ,READM-30-HF-HRRP,493.0,,1.0649,21.3761,20.0732,110.0,07/01/2021,06/30/2024,11.039124000000001
DEBORAH HEART AND LUNG CENTER,310031,NJ,READM-30-CABG-HRRP,101.0,,1.0663,10.247,9.6102,12.0,07/01/2021,06/30/2024,2.293697999999999
DEBORAH HEART AND LUNG CENTER,310031,NJ,READM-30-AMI-HRRP,190.0,,1.0481,15.0426,14.352,31.0,07/01/2021,06/30/2024,3.7311999999999976
INSPIRA MEDICAL CENTER VINELAND,310032,NJ,READM-30-PN-HRRP,542.0,,1.1596,19.337,16.6751,115.0,07/01/2021,06/30/2024,24.620957999999987
INSPIRA MEDICAL CENTER VINELAND,310032,NJ,READM-30-HF-HRRP,570.0,,1.1219,22.7091,20.2421,138.0,07/01/2021,06/30/2024,22.620029999999986
INSPIRA MEDICAL CENTER VINELAND,310032,NJ,READM-30-COPD-HRRP,318.0,,1.063,19.6396,18.4758,67.0,07/01/2021,06/30/2024,8.246955999999997
INSPIRA MEDICAL CENTER VINELAND,310032,NJ,READM-30-AMI-HRRP,158.0,,1.0219,15.737,15.4005,26.0,07/01/2021,06/30/2024,1.6672100000000007
RIVERVIEW MEDICAL CENTER,310034,NJ,READM-30-HIP-KNEE-HRRP,319.0,,1.1696,6.3281,5.4106,22.0,07/01/2021,06/30/2024,4.740186000000001
RIVERVIEW MEDICAL CENTER,310034,NJ,READM-30-COPD-HRRP,170.0,,1.07,20.5194,19.1772,40.0,07/01/2021,06/30/2024,7.398760000000003
RIVERVIEW MEDICAL CENTER,310034,NJ,READM-30-AMI-HRRP,130.0,,1.0341,13.3085,12.8691,19.0,07/01/2021,06/30/2024,2.2701700000000002
ROBERT WOOD JOHNSON UNIVERSITY HOSPITAL,310038,NJ,READM-30-PN-HRRP,641.0,,1.0347,18.0425,17.4382,118.0,07/01/2021,06/30/2024,6.2211380000000105
ROBERT WOOD JOHNSON UNIVERSITY HOSPITAL,310038,NJ,READM-30-CABG-HRRP,357.0,,1.4237,16.3638,11.4936,68.0,07/01/2021,06/30/2024,26.967847999999996
ROBERT WOOD JOHNSON UNIVERSITY HOSPITAL,310038,NJ,READM-30-AMI-HRRP,518.0,,1.1772,18.0209,15.3088,102.0,07/01/2021,06/30/2024,22.700416000000004
RARITAN BAY MEDICAL CENTER,310039,NJ,READM-30-PN-HRRP,522.0,,1.0666,17.7393,16.6312,97.0,07/01/2021,06/30/2024,10.185136
RARITAN BAY MEDICAL CENTER,310039,NJ,READM-30-HF-HRRP,435.0,,1.0259,20.7171,20.1937,92.0,07/01/2021,06/30/2024,4.157404999999997
RARITAN BAY MEDICAL CENTER,310039,NJ,READM-30-COPD-HRRP,193.0,,1.0361,19.8479,19.1562,41.0,07/01/2021,06/30/2024,4.0285340000000005
CAREPOINT HEALTH-HOBOKEN UNIVERSITY MEDICAL CENTER,310040,NJ,READM-30-PN-HRRP,75.0,,1.0885,19.9806,18.3564,21.0,07/01/2021,06/30/2024,7.2326999999999995
CAREPOINT HEALTH-HOBOKEN UNIVERSITY MEDICAL CENTER,310040,NJ,READM-30-HF-HRRP,67.0,,1.0449,21.9324,20.9893,18.0,07/01/2021,06/30/2024,3.937169000000001
COMMUNITY MEDICAL CENTER,310041,NJ,READM-30-PN-HRRP,1483.0,,1.1412,18.7404,16.4221,287.0,07/01/2021,06/30/2024,43.460256999999984
COMMUNITY MEDICAL CENTER,310041,NJ,READM-30-HIP-KNEE-HRRP,247.0,,1.0389,5.4901,5.2847,14.0,07/01/2021,06/30/2024,0.946791000000001
COMMUNITY MEDICAL CENTER,310041,NJ,READM-30-HF-HRRP,1272.0,,1.1729,22.8108,19.4477,302.0,07/01/2021,06/30/2024,54.62525599999998
COMMUNITY MEDICAL CENTER,310041,NJ,READM-30-COPD-HRRP,473.0,,1.0928,19.3203,17.6795,98.0,07/01/2021,06/30/2024,14.375964999999994
COMMUNITY MEDICAL CENTER,310041,NJ,READM-30-AMI-HRRP,445.0,,1.115,15.5837,13.9759,75.0,07/01/2021,06/30/2024,12.807245000000002
CAPITAL HEALTH MEDICAL CENTER - HOPEWELL,310044,NJ,READM-30-PN-HRRP,351.0,,1.0092,14.9276,14.7915,53.0,07/01/2021,06/30/2024,1.0818350000000052
CAPITAL HEALTH MEDICAL CENTER - HOPEWELL,310044,NJ,READM-30-HF-HRRP,312.0,,1.0402,18.9688,18.2356,62.0,07/01/2021,06/30/2024,5.104927999999994
CAPITAL HEALTH MEDICAL CENTER - HOPEWELL,310044,NJ,READM-30-COPD-HRRP,106.0,,1.0918,18.4416,16.8908,26.0,07/01/2021,06/30/2024,8.095752000000001
ENGLEWOOD HOSPITAL AND MEDICAL CENTER,310045,NJ,READM-30-PN-HRRP,702.0,,1.0604,15.5398,14.6541,113.0,07/01/2021,06/30/2024,10.12821799999999
ENGLEWOOD HOSPITAL AND MEDICAL CENTER,310045,NJ,READM-30-HIP-KNEE-HRRP,250.0,,1.0994,4.7716,4.3402,13.0,07/01/2021,06/30/2024,2.1494999999999997
ENGLEWOOD HOSPITAL AND MEDICAL CENTER,310045,NJ,READM-30-COPD-HRRP,138.0,,1.0697,18.8436,17.6156,31.0,07/01/2021,06/30/2024,6.690472
ENGLEWOOD HOSPITAL AND MEDICAL CENTER,310045,NJ,READM-30-AMI-HRRP,241.0,,1.0127,13.4243,13.2559,33.0,07/01/2021,06/30/2024,1.0532809999999984
SHORE MEDICAL CENTER,310047,NJ,READM-30-HF-HRRP,413.0,,1.0273,18.1806,17.6966,77.0,07/01/2021,06/30/2024,3.91304199999999
SHORE MEDICAL CENTER,310047,NJ,READM-30-COPD-HRRP,118.0,,1.0568,17.7915,16.836,25.0,07/01/2021,06/30/2024,5.133520000000001
ROBERT WOOD JOHNSON UNIVERSITY HOSPITAL - SOMERSET,310048,NJ,READM-30-PN-HRRP,677.0,,1.1475,19.1334,16.6739,139.0,07/01/2021,06/30/2024,26.117697000000007
ROBERT WOOD JOHNSON UNIVERSITY HOSPITAL - SOMERSET,310048,NJ,READM-30-HF-HRRP,749.0,,1.083,20.9829,19.375,163.0,07/01/2021,06/30/2024,17.881249999999994
ROBERT WOOD JOHNSON UNIVERSITY HOSPITAL - SOMERSET,310048,NJ,READM-30-COPD-HRRP,179.0,,1.0002,17.3087,17.3046,31.0,07/01/2021,06/30/2024,0.02476599999999962
ROBERT WOOD JOHNSON UNIVERSITY HOSPITAL - SOMERSET,310048,NJ,READM-30-AMI-HRRP,119.0,,1.0816,15.1027,13.9629,22.0,07/01/2021,06/30/2024,5.384149000000001
SAINT CLARE'S HOSPITAL/ DENVILLE CAMPUS,310050,NJ,READM-30-PN-HRRP,508.0,,1.0607,15.7645,14.8619,84.0,07/01/2021,06/30/2024,8.501548
SAINT CLARE'S HOSPITAL/ DENVILLE CAMPUS,310050,NJ,READM-30-HF-HRRP,504.0,,1.1984,22.1691,18.4987,125.0,07/01/2021,06/30/2024,31.766552000000004
SAINT CLARE'S HOSPITAL/ DENVILLE CAMPUS,310050,NJ,READM-30-COPD-HRRP,151.0,,1.0088,16.7925,16.6462,26.0,07/01/2021,06/30/2024,0.8642380000000003
SAINT CLARE'S HOSPITAL/ DENVILLE CAMPUS,310050,NJ,READM-30-AMI-HRRP,140.0,,1.0536,15.1998,14.4265,24.0,07/01/2021,06/30/2024,3.802900000000001
OCEAN MEDICAL CENTER,310052,NJ,READM-30-PN-HRRP,1025.0,,1.0045,17.3359,17.258,178.0,07/01/2021,06/30/2024,1.1055000000000064
OCEAN MEDICAL CENTER,310052,NJ,READM-30-AMI-HRRP,271.0,,1.035,14.4747,13.9855,41.0,07/01/2021,06/30/2024,3.099294999999998
HACKENSACK MERIDIAN MOUNTAINSIDE MEDICAL,310054,NJ,READM-30-PN-HRRP,425.0,,1.0417,16.7604,16.0897,74.0,07/01/2021,06/30/2024,5.618774999999999
HACKENSACK MERIDIAN MOUNTAINSIDE MEDICAL,310054,NJ,READM-30-HF-HRRP,421.0,,1.0311,20.6075,19.9858,89.0,07/01/2021,06/30/2024,4.859781999999996
VIRTUA MOUNT HOLLY HOSPITAL,310057,NJ,READM-30-PN-HRRP,454.0,,1.0003,14.7531,14.7484,67.0,07/01/2021,06/30/2024,0.042264000000002966
VIRTUA MOUNT HOLLY HOSPITAL,310057,NJ,READM-30-COPD-HRRP,170.0,,1.0234,18.4027,17.9827,33.0,07/01/2021,06/30/2024,2.429409999999997
BERGEN NEW BRIDGE MEDICAL CENTER,310058,NJ,READM-30-PN-HRRP,61.0,,1.0355,17.4205,16.8235,13.0,07/01/2021,06/30/2024,2.737665
ST LUKE'S WARREN HOSPITAL,310060,NJ,READM-30-PN-HRRP,231.0,,1.039,17.0634,16.4232,42.0,07/01/2021,06/30/2024,4.062407999999998
ST LUKE'S WARREN HOSPITAL,310060,NJ,READM-30-HF-HRRP,370.0,,1.0929,21.2235,19.4191,85.0,07/01/2021,06/30/2024,13.149329999999992
ST LUKE'S WARREN HOSPITAL,310060,NJ,READM-30-COPD-HRRP,141.0,,1.1051,22.1727,20.0634,39.0,07/01/2021,06/30/2024,10.710605999999999
VIRTUA WILLINGBORO HOSPITAL,310061,NJ,READM-30-PN-HRRP,137.0,,1.0337,16.6085,16.0672,25.0,07/01/2021,06/30/2024,2.9879359999999977
VIRTUA WILLINGBORO HOSPITAL,310061,NJ,READM-30-COPD-HRRP,94.0,,1.1118,20.3494,18.3034,27.0,07/01/2021,06/30/2024,9.794804
ATLANTICARE REGIONAL MEDICAL CENTER - CITY CAMPUS,310064,NJ,READM-30-HF-HRRP,836.0,,1.0439,21.5112,20.6065,183.0,07/01/2021,06/30/2024,10.729659999999996
ATLANTICARE REGIONAL MEDICAL CENTER - CITY CAMPUS,310064,NJ,READM-30-COPD-HRRP,211.0,,1.0251,19.4928,19.0154,43.0,07/01/2021,06/30/2024,2.877506000000004
ATLANTICARE REGIONAL MEDICAL CENTER - CITY CAMPUS,310064,NJ,READM-30-AMI-HRRP,435.0,,1.0682,14.8504,13.9026,68.0,07/01/2021,06/30/2024,7.523690000000009
INSPIRA MEDICAL CENTER MULLICA HILL,310069,NJ,READM-30-HF-HRRP,671.0,,1.1734,22.5359,19.206,163.0,07/01/2021,06/30/2024,34.12773999999999
INSPIRA MEDICAL CENTER MULLICA HILL,310069,NJ,READM-30-AMI-HRRP,159.0,,1.0783,13.3313,12.3627,25.0,07/01/2021,06/30/2024,5.343306999999999
SAINT PETER'S UNIVERSITY HOSPITAL,310070,NJ,READM-30-PN-HRRP,369.0,,1.0735,16.0587,14.9597,64.0,07/01/2021,06/30/2024,8.798707
SAINT PETER'S UNIVERSITY HOSPITAL,310070,NJ,READM-30-HF-HRRP,358.0,,1.0068,18.0222,17.9011,65.0,07/01/2021,06/30/2024,0.9140620000000013
SAINT PETER'S UNIVERSITY HOSPITAL,310070,NJ,READM-30-COPD-HRRP,115.0,,1.0335,16.2058,15.6809,21.0,07/01/2021,06/30/2024,2.9669649999999983
JERSEY SHORE UNIVERSITY MEDICAL CENTER,310073,NJ,READM-30-HIP-KNEE-HRRP,222.0,,1.0934,5.8414,5.3423,14.0,07/01/2021,06/30/2024,2.1400940000000013
JERSEY SHORE UNIVERSITY MEDICAL CENTER,310073,NJ,READM-30-HF-HRRP,1683.0,,1.0054,21.0695,20.9559,355.0,07/01/2021,06/30/2024,2.312203000000011
JERSEY CITY MEDICAL CENTER,310074,NJ,READM-30-PN-HRRP,162.0,,1.027,15.5707,15.1608,27.0,07/01/2021,06/30/2024,2.4395039999999995
JERSEY CITY MEDICAL CENTER,310074,NJ,READM-30-HF-HRRP,191.0,,1.0968,22.5608,20.5703,50.0,07/01/2021,06/30/2024,10.710726999999999
JERSEY CITY MEDICAL CENTER,310074,NJ,READM-30-COPD-HRRP,67.0,,1.0794,18.4788,17.1194,18.0,07/01/2021,06/30/2024,6.530002000000001
JERSEY CITY MEDICAL CENTER,310074,NJ,READM-30-AMI-HRRP,98.0,,1.0114,14.7045,14.5384,15.0,07/01/2021,06/30/2024,0.7523680000000006
MONMOUTH MEDICAL CENTER,310075,NJ,READM-30-PN-HRRP,259.0,,1.0643,15.7653,14.8127,45.0,07/01/2021,06/30/2024,6.635106999999998
MONMOUTH MEDICAL CENTER,310075,NJ,READM-30-COPD-HRRP,107.0,,1.0519,18.0188,17.1301,23.0,07/01/2021,06/30/2024,4.670793000000003
COOPERMAN BARNABAS MEDICAL CENTER,310076,NJ,READM-30-PN-HRRP,717.0,,1.0341,16.0042,15.4759,117.0,07/01/2021,06/30/2024,6.037797000000012
COOPERMAN BARNABAS MEDICAL CENTER,310076,NJ,READM-30-COPD-HRRP,161.0,,1.0335,17.7477,17.1718,31.0,07/01/2021,06/30/2024,3.353401999999999
COOPERMAN BARNABAS MEDICAL CENTER,310076,NJ,READM-30-CABG-HRRP,132.0,,1.0511,11.889,11.3111,17.0,07/01/2021,06/30/2024,2.0693479999999997
COOPERMAN BARNABAS MEDICAL CENTER,310076,NJ,READM-30-AMI-HRRP,168.0,,1.1309,16.4131,14.5138,34.0,07/01/2021,06/30/2024,9.616816
CAREWELL HEALTH MEDICAL CENTER,310083,NJ,READM-30-PN-HRRP,71.0,,1.2061,25.3534,21.0218,32.0,07/01/2021,06/30/2024,17.074522
CAREWELL HEALTH MEDICAL CENTER,310083,NJ,READM-30-HF-HRRP,42.0,,1.0873,19.0287,17.5012,14.0,07/01/2021,06/30/2024,6.649496
MONMOUTH MEDICAL CENTER-SOUTHERN CAMPUS,310084,NJ,READM-30-PN-HRRP,458.0,,1.1871,19.8804,16.7473,103.0,07/01/2021,06/30/2024,26.29736600000001
MONMOUTH MEDICAL CENTER-SOUTHERN CAMPUS,310084,NJ,READM-30-HF-HRRP,258.0,,1.0631,21.8747,20.5763,61.0,07/01/2021,06/30/2024,7.913145999999998
MONMOUTH MEDICAL CENTER-SOUTHERN CAMPUS,310084,NJ,READM-30-COPD-HRRP,92.0,,1.0547,19.5281,18.5157,22.0,07/01/2021,06/30/2024,4.965555999999999
JEFFERSON STRATFORD HOSPITAL,310086,NJ,READM-30-PN-HRRP,637.0,,1.2278,19.4448,15.8368,138.0,07/01/2021,06/30/2024,37.11958399999999
JEFFERSON STRATFORD HOSPITAL,310086,NJ,READM-30-HF-HRRP,1256.0,,1.1389,22.4005,19.6688,291.0,07/01/2021,06/30/2024,43.95987199999999
JEFFERSON STRATFORD HOSPITAL,310086,NJ,READM-30-COPD-HRRP,442.0,,1.1375,20.6429,18.148,101.0,07/01/2021,06/30/2024,20.785839999999993
JEFFERSON STRATFORD HOSPITAL,310086,NJ,READM-30-AMI-HRRP,168.0,,1.058,14.931,14.1127,28.0,07/01/2021,06/30/2024,4.290664
CAPITAL HEALTH REGIONAL MEDICAL CENTER,310092,NJ,READM-30-PN-HRRP,151.0,,1.0031,16.416,16.3646,25.0,07/01/2021,06/30/2024,0.28945400000000276
CAPITAL HEALTH REGIONAL MEDICAL CENTER,310092,NJ,READM-30-HF-HRRP,131.0,,1.0118,21.4711,21.2204,29.0,07/01/2021,06/30/2024,1.201276
SAINT MICHAEL'S MEDICAL CENTER,310096,NJ,READM-30-PN-HRRP,84.0,,1.0334,18.691,18.0874,18.0,07/01/2021,06/30/2024,2.806584000000001
SAINT MICHAEL'S MEDICAL CENTER,310096,NJ,READM-30-HF-HRRP,134.0,,1.0347,21.2534,20.5414,31.0,07/01/2021,06/30/2024,3.4745240000000024
JFK UNIVERSITY MEDICAL CENTER,310108,NJ,READM-30-PN-HRRP,1030.0,,1.0242,18.4803,18.044,192.0,07/01/2021,06/30/2024,6.146799999999985
JFK UNIVERSITY MEDICAL CENTER,310108,NJ,READM-30-COPD-HRRP,213.0,,1.0483,20.3864,19.4466,47.0,07/01/2021,06/30/2024,5.578741999999998
ROBERT WOOD JOHNSON UNIVERSITY HOSPITAL AT HAMILTON,310110,NJ,READM-30-PN-HRRP,371.0,,1.1214,18.0997,16.1397,75.0,07/01/2021,06/30/2024,15.121712999999993
ROBERT WOOD JOHNSON UNIVERSITY HOSPITAL AT HAMILTON,310110,NJ,READM-30-HF-HRRP,422.0,,1.0956,22.5555,20.5864,102.0,07/01/2021,06/30/2024,15.12539199999999
ROBERT WOOD JOHNSON UNIVERSITY HOSPITAL AT HAMILTON,310110,NJ,READM-30-AMI-HRRP,80.0,,1.0339,14.1222,13.659,13.0,07/01/2021,06/30/2024,2.072799999999999
CENTRASTATE MEDICAL CENTER,310111,NJ,READM-30-PN-HRRP,780.0,,1.1612,18.5631,15.9856,155.0,07/01/2021,06/30/2024,30.31232
CENTRASTATE MEDICAL CENTER,310111,NJ,READM-30-HF-HRRP,740.0,,1.0078,20.4636,20.3061,152.0,07/01/2021,06/30/2024,1.7348599999999976
CENTRASTATE MEDICAL CENTER,310111,NJ,READM-30-COPD-HRRP,277.0,,1.0158,18.7106,18.4202,53.0,07/01/2021,06/30/2024,1.9760459999999966
CENTRASTATE MEDICAL CENTER,310111,NJ,READM-30-AMI-HRRP,116.0,,1.0707,16.7368,15.6319,23.0,07/01/2021,06/30/2024,4.866996
BAYSHORE MEDICAL CENTER,310112,NJ,READM-30-PN-HRRP,634.0,,1.0721,20.0439,18.6959,132.0,07/01/2021,06/30/2024,13.46799399999999
SOUTHERN OCEAN MEDICAL CENTER,310113,NJ,READM-30-HF-HRRP,613.0,,1.0024,20.5265,20.4784,126.0,07/01/2021,06/30/2024,0.46740800000000604
SOUTHERN OCEAN MEDICAL CENTER,310113,NJ,READM-30-COPD-HRRP,259.0,,1.0828,18.9796,17.5282,55.0,07/01/2021,06/30/2024,9.601962
AHS HOSPITAL CORP,310115,NJ,READM-30-PN-HRRP,339.0,,1.1302,17.9279,15.8626,69.0,07/01/2021,06/30/2024,15.225785999999992
HUDSON REGIONAL HOSPITAL,310118,NJ,READM-30-PN-HRRP,85.0,,1.0606,14.2673,13.4518,16.0,07/01/2021,06/30/2024,4.56597
HUDSON REGIONAL HOSPITAL,310118,NJ,READM-30-HF-HRRP,49.0,,1.1014,16.733,15.1924,15.0,07/01/2021,06/30/2024,7.555724
THE UNIVERSITY HOSPITAL,310119,NJ,READM-30-PN-HRRP,55.0,,1.0477,19.4733,18.5861,14.0,07/01/2021,06/30/2024,3.7776450000000015
UNM HOSPITAL,320001,NM,READM-30-COPD-HRRP,61.0,,1.0035,19.2438,19.1766,12.0,07/01/2021,06/30/2024,0.3022740000000006
CHRISTUS SOUTHERN NEW MEXICO,320004,NM,READM-30-AMI-HRRP,95.0,,1.0078,12.2214,12.1263,12.0,07/01/2021,06/30/2024,0.48001499999999986
SAN JUAN REGIONAL MEDICAL CENTER INC,320005,NM,READM-30-COPD-HRRP,143.0,,1.0819,17.6976,16.3571,31.0,07/01/2021,06/30/2024,7.609347
EASTERN NEW MEXICO MEDICAL CENTER,320006,NM,READM-30-PN-HRRP,236.0,,1.0206,15.1067,14.8013,37.0,07/01/2021,06/30/2024,2.0689319999999967
EASTERN NEW MEXICO MEDICAL CENTER,320006,NM,READM-30-COPD-HRRP,75.0,,1.0331,18.1649,17.5825,16.0,07/01/2021,06/30/2024,2.8131249999999994
EASTERN NEW MEXICO MEDICAL CENTER,320006,NM,READM-30-AMI-HRRP,96.0,,1.0705,12.1317,11.3332,15.0,07/01/2021,06/30/2024,4.120127999999999
LOVELACE MEDICAL CENTER,320009,NM,READM-30-PN-HRRP,217.0,,1.044,17.0961,16.375,40.0,07/01/2021,06/30/2024,4.466249999999995
LOVELACE MEDICAL CENTER,320009,NM,READM-30-CABG-HRRP,171.0,,1.066,10.7367,10.0723,20.0,07/01/2021,06/30/2024,2.7763670000000005
MEMORIAL MEDICAL CENTER,320018,NM,READM-30-PN-HRRP,154.0,,1.0315,14.2751,13.8391,24.0,07/01/2021,06/30/2024,2.687785999999999
MEMORIAL MEDICAL CENTER,320018,NM,READM-30-HF-HRRP,163.0,,1.0035,18.2512,18.1871,30.0,07/01/2021,06/30/2024,0.35502699999999976
MEMORIAL MEDICAL CENTER,320018,NM,READM-30-AMI-HRRP,128.0,,1.0785,13.4155,12.4387,21.0,07/01/2021,06/30/2024,5.0784639999999985
LOS ALAMOS MEDICAL CENTER,320033,NM,READM-30-PN-HRRP,84.0,,1.0179,11.7722,11.5653,11.0,07/01/2021,06/30/2024,1.2851479999999995
CARLSBAD MEDICAL CENTER,320063,NM,READM-30-COPD-HRRP,62.0,,1.0127,16.2702,16.0659,11.0,07/01/2021,06/30/2024,1.039142
MOUNTAIN VIEW REGIONAL MEDICAL CENTER,320085,NM,READM-30-PN-HRRP,297.0,,1.0372,15.68,15.1182,49.0,07/01/2021,06/30/2024,4.098945999999998
MOUNTAIN VIEW REGIONAL MEDICAL CENTER,320085,NM,READM-30-HF-HRRP,208.0,,1.0526,18.9068,17.9616,43.0,07/01/2021,06/30/2024,5.639871999999997
MOUNTAIN VIEW REGIONAL MEDICAL CENTER,320085,NM,READM-30-COPD-HRRP,61.0,,1.0393,18.3018,17.6092,14.0,07/01/2021,06/30/2024,3.2583879999999983
MOUNTAIN VIEW REGIONAL MEDICAL CENTER,320085,NM,READM-30-AMI-HRRP,123.0,,1.0825,11.503,10.6264,18.0,07/01/2021,06/30/2024,4.9295279999999995
THREE CROSSES REGIONAL HOSPITAL LLC,320091,NM,READM-30-PN-HRRP,86.0,,1.077,15.2343,14.1457,18.0,07/01/2021,06/30/2024,5.8346979999999995
THREE CROSSES REGIONAL HOSPITAL LLC,320091,NM,READM-30-HF-HRRP,95.0,,1.0624,18.6282,17.5336,22.0,07/01/2021,06/30/2024,5.3430800000000005
KALEIDA HEALTH,330005,NY,READM-30-PN-HRRP,558.0,,1.0174,15.9231,15.6507,90.0,07/01/2021,06/30/2024,2.669094000000001
KALEIDA HEALTH,330005,NY,READM-30-HF-HRRP,759.0,,1.1166,21.3342,19.1066,170.0,07/01/2021,06/30/2024,24.980905999999976
KALEIDA HEALTH,330005,NY,READM-30-CABG-HRRP,165.0,,1.0596,11.2087,10.5786,20.0,07/01/2021,06/30/2024,2.5453100000000006
ST JOSEPH'S MEDICAL CENTER,330006,NY,READM-30-PN-HRRP,93.0,,1.0294,16.1794,15.7168,17.0,07/01/2021,06/30/2024,2.383376
BRONXCARE HOSPITAL CENTER,330009,NY,READM-30-PN-HRRP,148.0,,1.0188,18.0451,17.7123,28.0,07/01/2021,06/30/2024,1.7857960000000013
BRONXCARE HOSPITAL CENTER,330009,NY,READM-30-HF-HRRP,100.0,,1.1867,24.8953,20.9789,38.0,07/01/2021,06/30/2024,17.0211
BRONXCARE HOSPITAL CENTER,330009,NY,READM-30-COPD-HRRP,33.0,,1.0624,24.6167,23.17,13.0,07/01/2021,06/30/2024,5.353899999999999
"OUR LADY OF LOURDES MEMORIAL HOSPITAL, INC",330011,NY,READM-30-PN-HRRP,299.0,29,1.0648,15.6681,14.714,51.0,07/01/2021,06/30/2024,7.005140000000004
ALBANY MEDICAL CENTER HOSPITAL,330013,NY,READM-30-COPD-HRRP,147.0,,1.0227,19.9309,19.4879,31.0,07/01/2021,06/30/2024,2.3527869999999993
JAMAICA HOSPITAL MEDICAL CENTER,330014,NY,READM-30-PN-HRRP,144.0,,1.041,18.2178,17.501,29.0,07/01/2021,06/30/2024,3.798560000000002
JAMAICA HOSPITAL MEDICAL CENTER,330014,NY,READM-30-HF-HRRP,182.0,,1.1576,24.6669,21.309,56.0,07/01/2021,06/30/2024,17.217619999999997
JAMAICA HOSPITAL MEDICAL CENTER,330014,NY,READM-30-COPD-HRRP,79.0,,1.0111,20.4405,20.2159,17.0,07/01/2021,06/30/2024,1.029439
JAMAICA HOSPITAL MEDICAL CENTER,330014,NY,READM-30-AMI-HRRP,82.0,,1.0221,15.6788,15.3401,14.0,07/01/2021,06/30/2024,1.4211179999999999
"NEW YORK COMMUNITY HOSPITAL OF BROOKLYN, INC.",330019,NY,READM-30-PN-HRRP,446.0,,1.1519,19.9823,17.3466,99.0,07/01/2021,06/30/2024,21.634164000000013
"NEW YORK COMMUNITY HOSPITAL OF BROOKLYN, INC.",330019,NY,READM-30-HF-HRRP,409.0,,1.2419,25.3243,20.391,120.0,07/01/2021,06/30/2024,36.60081000000001
"NEW YORK COMMUNITY HOSPITAL OF BROOKLYN, INC.",330019,NY,READM-30-COPD-HRRP,137.0,,1.1396,21.8885,19.2069,40.0,07/01/2021,06/30/2024,13.686546999999997
VASSAR BROTHERS MEDICAL CENTER,330023,NY,READM-30-PN-HRRP,909.0,,1.0978,18.9803,17.2898,179.0,07/01/2021,06/30/2024,21.835718000000014
VASSAR BROTHERS MEDICAL CENTER,330023,NY,READM-30-COPD-HRRP,253.0,,1.0624,20.3182,19.1243,56.0,07/01/2021,06/30/2024,7.615520999999994
VASSAR BROTHERS MEDICAL CENTER,330023,NY,READM-30-CABG-HRRP,127.0,,1.1125,11.9779,10.7667,18.0,07/01/2021,06/30/2024,4.326290999999999
VASSAR BROTHERS MEDICAL CENTER,330023,NY,READM-30-AMI-HRRP,425.0,,1.0209,13.6323,13.3528,59.0,07/01/2021,06/30/2024,2.2505999999999986
MOUNT SINAI HOSPITAL,330024,NY,READM-30-COPD-HRRP,187.0,,1.0378,20.9248,20.162,42.0,07/01/2021,06/30/2024,4.297060000000002
MOUNT SINAI HOSPITAL,330024,NY,READM-30-AMI-HRRP,242.0,,1.0301,15.4679,15.0156,39.0,07/01/2021,06/30/2024,2.6622480000000053
NASSAU UNIVERSITY MEDICAL CENTER,330027,NY,READM-30-PN-HRRP,168.0,,1.1579,18.4143,15.903,41.0,07/01/2021,06/30/2024,14.28296
NASSAU UNIVERSITY MEDICAL CENTER,330027,NY,READM-30-HF-HRRP,90.0,,1.0712,23.1263,21.5886,26.0,07/01/2021,06/30/2024,6.570260000000001
NASSAU UNIVERSITY MEDICAL CENTER,330027,NY,READM-30-COPD-HRRP,63.0,,1.0431,18.8631,18.0841,15.0,07/01/2021,06/30/2024,3.607016999999999
RICHMOND UNIVERSITY MEDICAL CENTER,330028,NY,READM-30-PN-HRRP,303.0,,1.213,21.2465,17.5151,78.0,07/01/2021,06/30/2024,24.929246999999997
RICHMOND UNIVERSITY MEDICAL CENTER,330028,NY,READM-30-HF-HRRP,126.0,,1.0046,18.7877,18.7025,24.0,07/01/2021,06/30/2024,0.43485000000000085
RICHMOND UNIVERSITY MEDICAL CENTER,330028,NY,READM-30-COPD-HRRP,81.0,,1.0103,20.0228,19.8185,17.0,07/01/2021,06/30/2024,0.9470150000000004
NEWARK-WAYNE COMMUNITY HOSPITAL,330030,NY,READM-30-PN-HRRP,136.0,,1.1873,17.9713,15.1369,36.0,07/01/2021,06/30/2024,15.413816
NEWARK-WAYNE COMMUNITY HOSPITAL,330030,NY,READM-30-HF-HRRP,97.0,,1.0356,19.0626,18.4067,21.0,07/01/2021,06/30/2024,3.1455009999999994
NEWARK-WAYNE COMMUNITY HOSPITAL,330030,NY,READM-30-COPD-HRRP,64.0,,1.0533,21.8803,20.7722,18.0,07/01/2021,06/30/2024,4.705791999999999
CHENANGO MEMORIAL HOSPITAL,330033,NY,READM-30-PN-HRRP,92.0,,1.006,14.7882,14.6999,14.0,07/01/2021,06/30/2024,0.4760920000000013
NS/LIJ HS SOUTHSIDE HOSPITAL,330043,NY,READM-30-PN-HRRP,647.0,,1.0444,16.8587,16.1423,112.0,07/01/2021,06/30/2024,7.559319000000016
NS/LIJ HS SOUTHSIDE HOSPITAL,330043,NY,READM-30-COPD-HRRP,182.0,,1.0114,18.2206,18.0158,34.0,07/01/2021,06/30/2024,1.2112440000000007
NS/LIJ HS SOUTHSIDE HOSPITAL,330043,NY,READM-30-CABG-HRRP,180.0,,1.0593,10.8375,10.2304,21.0,07/01/2021,06/30/2024,2.585280000000001
NS/LIJ HS SOUTHSIDE HOSPITAL,330043,NY,READM-30-AMI-HRRP,197.0,,1.0369,14.2832,13.7752,30.0,07/01/2021,06/30/2024,2.8628560000000043
WYNN HOSPITAL,330044,NY,READM-30-PN-HRRP,459.0,,1.0152,16.1188,15.877,75.0,07/01/2021,06/30/2024,2.1245700000000056
WYNN HOSPITAL,330044,NY,READM-30-HF-HRRP,284.0,,1.0178,20.3199,19.965,59.0,07/01/2021,06/30/2024,2.2993999999999986
WYNN HOSPITAL,330044,NY,READM-30-COPD-HRRP,154.0,,1.0506,19.0573,18.1389,33.0,07/01/2021,06/30/2024,5.066094
NS/LIJ HS HUNTINGTON HOSPITAL,330045,NY,READM-30-PN-HRRP,1232.0,,1.076,18.0178,16.7457,227.0,07/01/2021,06/30/2024,20.692976000000016
NS/LIJ HS HUNTINGTON HOSPITAL,330045,NY,READM-30-COPD-HRRP,244.0,,1.0283,18.4127,17.9055,47.0,07/01/2021,06/30/2024,3.3105800000000016
NS/LIJ HS HUNTINGTON HOSPITAL,330045,NY,READM-30-AMI-HRRP,203.0,,1.0257,13.6492,13.3075,29.0,07/01/2021,06/30/2024,1.9857750000000003
MOUNT SINAI WEST,330046,NY,READM-30-HIP-KNEE-HRRP,412.0,,1.2596,5.9141,4.6953,27.0,07/01/2021,06/30/2024,7.655364000000002
MOUNT SINAI WEST,330046,NY,READM-30-HF-HRRP,484.0,,1.0861,21.6776,19.9596,111.0,07/01/2021,06/30/2024,14.395536000000007
MOUNT SINAI WEST,330046,NY,READM-30-COPD-HRRP,117.0,,1.1006,21.929,19.9249,33.0,07/01/2021,06/30/2024,9.687866999999997
ST MARY'S HEALTHCARE,330047,NY,READM-30-PN-HRRP,180.0,,1.0101,15.7402,15.5828,29.0,07/01/2021,06/30/2024,0.950960000000002
ST MARY'S HEALTHCARE,330047,NY,READM-30-COPD-HRRP,66.0,,1.0274,19.6279,19.104,15.0,07/01/2021,06/30/2024,2.3913600000000006
NEW YORK-PRESBYTERIAN/QUEENS,330055,NY,READM-30-COPD-HRRP,176.0,,1.0095,21.734,21.5289,39.0,07/01/2021,06/30/2024,1.1091359999999995
BROOKLYN HOSPITAL CENTER - DOWNTOWN CAMPUS,330056,NY,READM-30-PN-HRRP,172.0,,1.0707,18.201,16.9984,36.0,07/01/2021,06/30/2024,6.762751999999999
BROOKLYN HOSPITAL CENTER - DOWNTOWN CAMPUS,330056,NY,READM-30-HF-HRRP,90.0,,1.0833,21.2054,19.5747,25.0,07/01/2021,06/30/2024,7.382770000000001
BROOKLYN HOSPITAL CENTER - DOWNTOWN CAMPUS,330056,NY,READM-30-COPD-HRRP,45.0,,1.0477,18.9781,18.1135,12.0,07/01/2021,06/30/2024,3.8489250000000013
BROOKLYN HOSPITAL CENTER - DOWNTOWN CAMPUS,330056,NY,READM-30-AMI-HRRP,62.0,,1.0115,16.7595,16.5691,11.0,07/01/2021,06/30/2024,0.7271580000000011
ST PETER'S HOSPITAL,330057,NY,READM-30-PN-HRRP,784.0,,1.0996,18.0542,16.4196,148.0,07/01/2021,06/30/2024,19.270336000000015
ST PETER'S HOSPITAL,330057,NY,READM-30-HIP-KNEE-HRRP,145.0,,1.1857,7.5751,6.389,13.0,07/01/2021,06/30/2024,3.735949999999999
ST PETER'S HOSPITAL,330057,NY,READM-30-HF-HRRP,803.0,,1.0987,21.6798,19.733,181.0,07/01/2021,06/30/2024,22.544009999999986
ST PETER'S HOSPITAL,330057,NY,READM-30-AMI-HRRP,311.0,,1.0425,14.4237,13.8358,47.0,07/01/2021,06/30/2024,3.9706619999999972
GENEVA GENERAL HOSPITAL,330058,NY,READM-30-PN-HRRP,149.0,,1.0371,14.5204,14.0015,24.0,07/01/2021,06/30/2024,3.1377650000000017
GENEVA GENERAL HOSPITAL,330058,NY,READM-30-HF-HRRP,112.0,,1.0807,20.8371,19.2805,29.0,07/01/2021,06/30/2024,7.405839999999998
GENEVA GENERAL HOSPITAL,330058,NY,READM-30-COPD-HRRP,68.0,,1.0358,18.264,17.6328,15.0,07/01/2021,06/30/2024,3.0096960000000017
MONTEFIORE MEDICAL CENTER,330059,NY,READM-30-COPD-HRRP,273.0,,1.1556,24.6666,21.3454,79.0,07/01/2021,06/30/2024,20.727058
MONTEFIORE MEDICAL CENTER,330059,NY,READM-30-CABG-HRRP,76.0,,1.0898,11.5522,10.6005,11.0,07/01/2021,06/30/2024,2.9436199999999992
MONTEFIORE MEDICAL CENTER,330059,NY,READM-30-AMI-HRRP,316.0,,1.097,17.4183,15.8776,60.0,07/01/2021,06/30/2024,9.826783999999996
NIAGARA FALLS MEMORIAL MEDICAL CENTER,330065,NY,READM-30-HF-HRRP,54.0,,1.0401,17.1226,16.463,12.0,07/01/2021,06/30/2024,3.10998
UNITED MEMORIAL MEDICAL CENTER,330073,NY,READM-30-PN-HRRP,128.0,,1.0603,16.469,15.5328,25.0,07/01/2021,06/30/2024,5.118016000000001
UNITED MEMORIAL MEDICAL CENTER,330073,NY,READM-30-HF-HRRP,100.0,,1.0379,20.2808,19.5401,23.0,07/01/2021,06/30/2024,3.459900000000001
UNITED MEMORIAL MEDICAL CENTER,330073,NY,READM-30-COPD-HRRP,65.0,,1.0492,21.9431,20.9133,18.0,07/01/2021,06/30/2024,4.406355000000001
F F THOMPSON HOSPITAL,330074,NY,READM-30-PN-HRRP,166.0,,1.0294,16.3013,15.8359,29.0,07/01/2021,06/30/2024,2.7124060000000014
F F THOMPSON HOSPITAL,330074,NY,READM-30-HF-HRRP,129.0,,1.1586,20.4091,17.615,37.0,07/01/2021,06/30/2024,14.276650000000004
SISTERS OF CHARITY HOSPITAL,330078,NY,READM-30-PN-HRRP,88.0,,1.0752,17.1065,15.9104,20.0,07/01/2021,06/30/2024,5.998848000000001
SISTERS OF CHARITY HOSPITAL,330078,NY,READM-30-HF-HRRP,148.0,,1.0393,20.3907,19.6203,33.0,07/01/2021,06/30/2024,3.961955999999997
ADIRONDACK MEDICAL CENTER - SARANAC LAKE,330079,NY,READM-30-PN-HRRP,75.0,,1.0194,15.6477,15.35,13.0,07/01/2021,06/30/2024,1.4875000000000007
AURELIA OSBORN FOX MEMORIAL HOSPITAL,330085,NY,READM-30-PN-HRRP,157.0,,1.0155,15.2803,15.0475,25.0,07/01/2021,06/30/2024,1.375425
AURELIA OSBORN FOX MEMORIAL HOSPITAL,330085,NY,READM-30-HF-HRRP,97.0,,1.0478,19.2378,18.3595,22.0,07/01/2021,06/30/2024,4.191285000000001
ARNOT OGDEN MEDICAL CENTER,330090,NY,READM-30-AMI-HRRP,116.0,,1.1638,17.1744,14.7571,28.0,07/01/2021,06/30/2024,10.881764
COLUMBIA MEMORIAL HOSPITAL,330094,NY,READM-30-HF-HRRP,162.0,,1.0346,20.6905,19.9994,36.0,07/01/2021,06/30/2024,3.6009719999999987
KENMORE MERCY HOSPITAL,330102,NY,READM-30-PN-HRRP,131.0,,1.0784,15.2837,14.1722,25.0,07/01/2021,06/30/2024,6.434417999999997
KENMORE MERCY HOSPITAL,330102,NY,READM-30-COPD-HRRP,53.0,,1.0485,17.9483,17.1185,13.0,07/01/2021,06/30/2024,3.9271949999999993
OLEAN GENERAL HOSPITAL,330103,NY,READM-30-PN-HRRP,385.0,,1.0076,15.4549,15.3386,60.0,07/01/2021,06/30/2024,0.946390000000001
OLEAN GENERAL HOSPITAL,330103,NY,READM-30-HF-HRRP,207.0,,1.0371,19.5092,18.8121,43.0,07/01/2021,06/30/2024,4.058952999999995
OLEAN GENERAL HOSPITAL,330103,NY,READM-30-COPD-HRRP,121.0,,1.0573,15.7684,14.9136,23.0,07/01/2021,06/30/2024,4.9545439999999985
NYACK HOSPITAL,330104,NY,READM-30-PN-HRRP,752.0,,1.139,18.8912,16.5851,151.0,07/01/2021,06/30/2024,26.280048000000008
NYACK HOSPITAL,330104,NY,READM-30-HIP-KNEE-HRRP,140.0,,1.2247,6.2002,5.0625,11.0,07/01/2021,06/30/2024,3.9124999999999996
NYACK HOSPITAL,330104,NY,READM-30-COPD-HRRP,130.0,,1.0591,17.5974,16.6158,27.0,07/01/2021,06/30/2024,5.399460000000001
NYACK HOSPITAL,330104,NY,READM-30-AMI-HRRP,100.0,,1.0347,14.2675,13.7887,16.0,07/01/2021,06/30/2024,2.2112999999999996
NORTH SHORE UNIVERSITY HOSPITAL,330106,NY,READM-30-HF-HRRP,1512.0,,1.0816,21.179,19.5809,326.0,07/01/2021,06/30/2024,29.93679199999997
NORTH SHORE UNIVERSITY HOSPITAL,330106,NY,READM-30-COPD-HRRP,273.0,,1.1017,19.6626,17.847,61.0,07/01/2021,06/30/2024,12.277689999999993
NORTH SHORE UNIVERSITY HOSPITAL,330106,NY,READM-30-AMI-HRRP,453.0,,1.0531,14.4211,13.6935,68.0,07/01/2021,06/30/2024,5.968445000000003
PECONIC BAY MEDICAL CENTER,330107,NY,READM-30-HF-HRRP,480.0,,1.0977,20.8687,19.0118,107.0,07/01/2021,06/30/2024,15.743359999999996
PECONIC BAY MEDICAL CENTER,330107,NY,READM-30-AMI-HRRP,115.0,,1.0587,13.163,12.433,18.0,07/01/2021,06/30/2024,3.70205
ONEIDA HEALTH HOSPITAL,330115,NY,READM-30-PN-HRRP,124.0,,1.0252,14.0296,13.6852,19.0,07/01/2021,06/30/2024,2.0303520000000006
ONEIDA HEALTH HOSPITAL,330115,NY,READM-30-HF-HRRP,80.0,,1.1031,19.8939,18.0337,23.0,07/01/2021,06/30/2024,8.57304
LENOX HILL HOSPITAL,330119,NY,READM-30-COPD-HRRP,95.0,,1.0325,19.5792,18.9632,21.0,07/01/2021,06/30/2024,2.984960000000001
ROCHESTER GENERAL HOSPITAL,330125,NY,READM-30-PN-HRRP,193.0,,1.1211,17.7476,15.831,42.0,07/01/2021,06/30/2024,11.446169999999999
ROCHESTER GENERAL HOSPITAL,330125,NY,READM-30-HF-HRRP,423.0,,1.0734,21.2291,19.7782,95.0,07/01/2021,06/30/2024,11.338214000000008
ROCHESTER GENERAL HOSPITAL,330125,NY,READM-30-COPD-HRRP,90.0,,1.0895,21.6233,19.8477,26.0,07/01/2021,06/30/2024,8.137070000000001
ROCHESTER GENERAL HOSPITAL,330125,NY,READM-30-AMI-HRRP,196.0,,1.0339,14.9262,14.4368,31.0,07/01/2021,06/30/2024,2.7038720000000005
GARNET HEALTH MEDICAL CENTER,330126,NY,READM-30-PN-HRRP,939.0,,1.1083,18.9454,17.0934,185.0,07/01/2021,06/30/2024,24.492974000000004
GARNET HEALTH MEDICAL CENTER,330126,NY,READM-30-HF-HRRP,918.0,,1.0625,21.9504,20.6588,206.0,07/01/2021,06/30/2024,16.352216
JACOBI MEDICAL CENTER,330127,NY,READM-30-PN-HRRP,180.0,,1.0469,18.2341,17.4167,36.0,07/01/2021,06/30/2024,4.649940000000001
JACOBI MEDICAL CENTER,330127,NY,READM-30-HF-HRRP,194.0,,1.0321,21.4679,20.7992,44.0,07/01/2021,06/30/2024,3.649552
BON SECOURS COMMUNITY HOSPITAL,330135,NY,READM-30-HF-HRRP,169.0,,1.068,20.2452,18.9561,39.0,07/01/2021,06/30/2024,6.964191000000007
BON SECOURS COMMUNITY HOSPITAL,330135,NY,READM-30-COPD-HRRP,99.0,,1.0772,16.8572,15.6485,22.0,07/01/2021,06/30/2024,6.507984999999998
ST JOSEPH'S HOSPITAL HEALTH CENTER,330140,NY,READM-30-PN-HRRP,600.0,,1.173,18.517,15.7856,122.0,07/01/2021,06/30/2024,27.2864
ST JOSEPH'S HOSPITAL HEALTH CENTER,330140,NY,READM-30-HF-HRRP,556.0,,1.207,23.0356,19.0858,142.0,07/01/2021,06/30/2024,35.882952
ST JOSEPH'S HOSPITAL HEALTH CENTER,330140,NY,READM-30-COPD-HRRP,216.0,,1.0356,18.7104,18.0664,43.0,07/01/2021,06/30/2024,3.9765759999999943
ST JOSEPH'S HOSPITAL HEALTH CENTER,330140,NY,READM-30-CABG-HRRP,338.0,,1.0489,12.9358,12.3332,45.0,07/01/2021,06/30/2024,3.3137839999999983
ST JOSEPH'S HOSPITAL HEALTH CENTER,330140,NY,READM-30-AMI-HRRP,490.0,,1.1464,15.0938,13.1665,81.0,07/01/2021,06/30/2024,16.48415
LONG ISLAND COMMUNITY HOSPITAL,330141,NY,READM-30-PN-HRRP,859.0,,1.0282,20.2594,19.7044,176.0,07/01/2021,06/30/2024,6.739204000000001
LONG ISLAND COMMUNITY HOSPITAL,330141,NY,READM-30-COPD-HRRP,213.0,,1.0125,20.2129,19.9631,44.0,07/01/2021,06/30/2024,1.4785970000000006
ST JAMES HOSPITAL,330151,NY,READM-30-PN-HRRP,120.0,,1.026,14.4407,14.0744,19.0,07/01/2021,06/30/2024,2.1107200000000006
ELLIS HOSPITAL,330153,NY,READM-30-HF-HRRP,368.0,,1.0388,18.8232,18.12,72.0,07/01/2021,06/30/2024,5.318399999999997
ELLIS HOSPITAL,330153,NY,READM-30-COPD-HRRP,121.0,,1.0539,19.0419,18.068,27.0,07/01/2021,06/30/2024,5.137719999999998
SAMARITAN MEDICAL CENTER,330157,NY,READM-30-PN-HRRP,223.0,,1.0227,17.6982,17.3045,41.0,07/01/2021,06/30/2024,2.4109649999999974
SAMARITAN MEDICAL CENTER,330157,NY,READM-30-COPD-HRRP,99.0,,1.0384,18.431,17.7492,21.0,07/01/2021,06/30/2024,3.4282920000000026
GOOD SAMARITAN HOSPITAL OF SUFFERN,330158,NY,READM-30-PN-HRRP,752.0,,1.1515,19.0518,16.5455,153.0,07/01/2021,06/30/2024,28.57783999999998
GOOD SAMARITAN HOSPITAL OF SUFFERN,330158,NY,READM-30-HF-HRRP,608.0,,1.0782,20.9666,19.4456,133.0,07/01/2021,06/30/2024,14.770752000000002
GOOD SAMARITAN HOSPITAL OF SUFFERN,330158,NY,READM-30-COPD-HRRP,193.0,,1.0597,18.0213,17.0065,39.0,07/01/2021,06/30/2024,6.177455000000002
GOOD SAMARITAN HOSPITAL OF SUFFERN,330158,NY,READM-30-AMI-HRRP,242.0,,1.0679,14.7134,13.7774,39.0,07/01/2021,06/30/2024,5.658691999999995
STATEN ISLAND UNIVERSITY HOSPITAL,330160,NY,READM-30-PN-HRRP,868.0,,1.0113,16.3872,16.2044,143.0,07/01/2021,06/30/2024,2.3458080000000052
STATEN ISLAND UNIVERSITY HOSPITAL,330160,NY,READM-30-COPD-HRRP,347.0,,1.0993,21.5217,19.5773,82.0,07/01/2021,06/30/2024,14.066768999999994
STATEN ISLAND UNIVERSITY HOSPITAL,330160,NY,READM-30-AMI-HRRP,257.0,,1.0179,13.6526,13.4123,36.0,07/01/2021,06/30/2024,1.5303889999999996
NORTHERN WESTCHESTER HOSPITAL,330162,NY,READM-30-PN-HRRP,300.0,,1.0448,14.7087,14.0778,47.0,07/01/2021,06/30/2024,4.766600000000004
NORTHERN WESTCHESTER HOSPITAL,330162,NY,READM-30-COPD-HRRP,74.0,,1.0162,17.3442,17.0679,14.0,07/01/2021,06/30/2024,1.3697539999999986
NORTHERN WESTCHESTER HOSPITAL,330162,NY,READM-30-AMI-HRRP,161.0,,1.0392,13.6897,13.1732,24.0,07/01/2021,06/30/2024,2.7911480000000033
HIGHLAND HOSPITAL,330164,NY,READM-30-PN-HRRP,274.0,,1.0308,15.3254,14.8669,44.0,07/01/2021,06/30/2024,3.2646939999999987
HIGHLAND HOSPITAL,330164,NY,READM-30-HF-HRRP,300.0,,1.0273,19.686,19.163,61.0,07/01/2021,06/30/2024,3.511000000000003
HIGHLAND HOSPITAL,330164,NY,READM-30-COPD-HRRP,69.0,,1.0239,19.1776,18.7305,15.0,07/01/2021,06/30/2024,2.0759550000000004
MOUNT SINAI BETH ISRAEL,330169,NY,READM-30-PN-HRRP,554.0,,1.1652,19.2109,16.4875,117.0,07/01/2021,06/30/2024,25.65925
MOUNT SINAI BETH ISRAEL,330169,NY,READM-30-COPD-HRRP,134.0,,1.1043,20.5155,18.5777,35.0,07/01/2021,06/30/2024,10.105882000000001
GUTHRIE CORTLAND REGIONAL MEDICAL CENTER,330175,NY,READM-30-PN-HRRP,264.0,,1.0072,14.2164,14.1145,38.0,07/01/2021,06/30/2024,0.737720000000003
GUTHRIE CORTLAND REGIONAL MEDICAL CENTER,330175,NY,READM-30-HF-HRRP,177.0,,1.0916,19.0897,17.4879,40.0,07/01/2021,06/30/2024,9.046416999999998
ST FRANCIS HOSPITAL - THE HEART CENTER,330182,NY,READM-30-PN-HRRP,1210.0,,1.0659,17.0788,16.0226,211.0,07/01/2021,06/30/2024,17.126539999999977
ST FRANCIS HOSPITAL - THE HEART CENTER,330182,NY,READM-30-AMI-HRRP,614.0,,1.0939,14.8769,13.6,96.0,07/01/2021,06/30/2024,12.495999999999995
MONTEFIORE NEW ROCHELLE HOSPITAL,330184,NY,READM-30-PN-HRRP,189.0,,1.0581,16.5222,15.6144,35.0,07/01/2021,06/30/2024,5.488783999999999
MONTEFIORE NEW ROCHELLE HOSPITAL,330184,NY,READM-30-HF-HRRP,172.0,,1.068,21.5873,20.2131,42.0,07/01/2021,06/30/2024,7.233468000000002
MONTEFIORE NEW ROCHELLE HOSPITAL,330184,NY,READM-30-COPD-HRRP,71.0,,1.0453,19.2966,18.4596,17.0,07/01/2021,06/30/2024,3.8936840000000004
MOUNT ST. MARY'S HOSPITAL & HEALTH CENTER,330188,NY,READM-30-PN-HRRP,117.0,,1.1262,15.5351,13.7947,26.0,07/01/2021,06/30/2024,9.860201
MOUNT ST. MARY'S HOSPITAL & HEALTH CENTER,330188,NY,READM-30-HF-HRRP,118.0,,1.0124,18.7437,18.514,23.0,07/01/2021,06/30/2024,1.1534800000000018
MOUNT ST. MARY'S HOSPITAL & HEALTH CENTER,330188,NY,READM-30-COPD-HRRP,59.0,,1.0242,15.747,15.3756,11.0,07/01/2021,06/30/2024,1.9283959999999993
GLENS FALLS HOSPITAL,330191,NY,READM-30-AMI-HRRP,93.0,,1.0826,12.9362,11.949,16.0,07/01/2021,06/30/2024,4.88743
FLUSHING HOSPITAL MEDICAL CENTER,330193,NY,READM-30-COPD-HRRP,44.0,,1.041,24.4911,23.5265,14.0,07/01/2021,06/30/2024,3.648340000000001
MAIMONIDES MEDICAL CENTER,330194,NY,READM-30-PN-HRRP,975.0,,1.3011,23.694,18.2107,250.0,07/01/2021,06/30/2024,72.44567500000002
MAIMONIDES MEDICAL CENTER,330194,NY,READM-30-HF-HRRP,1161.0,,1.1235,22.1688,19.7326,266.0,07/01/2021,06/30/2024,36.904514000000006
MAIMONIDES MEDICAL CENTER,330194,NY,READM-30-COPD-HRRP,207.0,,1.0524,23.1891,22.0355,52.0,07/01/2021,06/30/2024,6.386515000000003
MAIMONIDES MEDICAL CENTER,330194,NY,READM-30-AMI-HRRP,433.0,,1.0368,15.7257,15.1677,70.0,07/01/2021,06/30/2024,4.323858999999999
LONG ISLAND JEWISH MEDICAL CENTER,330195,NY,READM-30-PN-HRRP,1252.0,,1.074,17.2642,16.0747,221.0,07/01/2021,06/30/2024,19.744755999999995
LONG ISLAND JEWISH MEDICAL CENTER,330195,NY,READM-30-HF-HRRP,1095.0,,1.0413,20.5505,19.7347,228.0,07/01/2021,06/30/2024,11.905034999999998
LONG ISLAND JEWISH MEDICAL CENTER,330195,NY,READM-30-COPD-HRRP,353.0,,1.0591,19.4564,18.3712,73.0,07/01/2021,06/30/2024,8.149664000000001
LONG ISLAND JEWISH MEDICAL CENTER,330195,NY,READM-30-AMI-HRRP,166.0,,1.0393,13.8766,13.3518,25.0,07/01/2021,06/30/2024,2.836012
SOUTH BROOKLYN HEALTH,330196,NY,READM-30-PN-HRRP,571.0,,1.198,22.0848,18.4354,139.0,07/01/2021,06/30/2024,33.73386599999999
SOUTH BROOKLYN HEALTH,330196,NY,READM-30-HF-HRRP,448.0,,1.0969,23.2136,21.1637,111.0,07/01/2021,06/30/2024,16.18662400000001
SOUTH BROOKLYN HEALTH,330196,NY,READM-30-COPD-HRRP,167.0,,1.0566,24.2903,22.9893,45.0,07/01/2021,06/30/2024,6.607869000000001
SOUTH BROOKLYN HEALTH,330196,NY,READM-30-AMI-HRRP,99.0,,1.0799,17.1027,15.8379,21.0,07/01/2021,06/30/2024,5.320479000000001
CANTON-POTSDAM HOSPITAL,330197,NY,READM-30-HF-HRRP,168.0,,1.076,20.0691,18.6519,39.0,07/01/2021,06/30/2024,7.664807999999997
MOUNT SINAI SOUTH NASSAU,330198,NY,READM-30-PN-HRRP,1236.0,,1.1933,19.8812,16.6603,258.0,07/01/2021,06/30/2024,52.07869199999999
MOUNT SINAI SOUTH NASSAU,330198,NY,READM-30-AMI-HRRP,224.0,,1.0051,14.1683,14.0959,32.0,07/01/2021,06/30/2024,0.42518400000000156
KINGS COUNTY HOSPITAL CENTER,330202,NY,READM-30-PN-HRRP,85.0,,1.0388,16.9747,16.3402,17.0,07/01/2021,06/30/2024,3.11083
CROUSE HOSPITAL,330203,NY,READM-30-PN-HRRP,517.0,,1.1096,15.692,14.1422,88.0,07/01/2021,06/30/2024,14.88482599999999
CROUSE HOSPITAL,330203,NY,READM-30-HF-HRRP,477.0,,1.0084,17.6957,17.5484,85.0,07/01/2021,06/30/2024,1.2941320000000047
CROUSE HOSPITAL,330203,NY,READM-30-COPD-HRRP,151.0,,1.0847,17.9409,16.5407,33.0,07/01/2021,06/30/2024,8.023543
CROUSE HOSPITAL,330203,NY,READM-30-AMI-HRRP,94.0,,1.035,13.0336,12.5923,14.0,07/01/2021,06/30/2024,2.1632379999999998
BELLEVUE HOSPITAL CENTER,330204,NY,READM-30-HF-HRRP,112.0,,1.0603,22.8421,21.5428,30.0,07/01/2021,06/30/2024,5.872063999999998
ST JOHN'S RIVERSIDE HOSPITAL,330208,NY,READM-30-PN-HRRP,284.0,,1.0757,17.6167,16.3762,55.0,07/01/2021,06/30/2024,8.491591999999997
ST JOHN'S RIVERSIDE HOSPITAL,330208,NY,READM-30-HF-HRRP,366.0,,1.1035,20.9871,19.0187,84.0,07/01/2021,06/30/2024,14.391558000000003
"ROME MEMORIAL HOSPITAL, INC",330215,NY,READM-30-PN-HRRP,128.0,,1.0264,15.0623,14.675,21.0,07/01/2021,06/30/2024,2.2159999999999975
"ROME MEMORIAL HOSPITAL, INC",330215,NY,READM-30-HF-HRRP,97.0,,1.0297,19.4711,18.9089,21.0,07/01/2021,06/30/2024,2.658367000000002
"ROME MEMORIAL HOSPITAL, INC",330215,NY,READM-30-COPD-HRRP,76.0,,1.006,16.5383,16.4397,13.0,07/01/2021,06/30/2024,0.505828000000001
OSWEGO HOSPITAL,330218,NY,READM-30-PN-HRRP,237.0,,1.0705,17.4784,16.327,46.0,07/01/2021,06/30/2024,7.305009999999996
OSWEGO HOSPITAL,330218,NY,READM-30-HF-HRRP,172.0,,1.0143,20.3307,20.0448,36.0,07/01/2021,06/30/2024,1.5229440000000025
ERIE COUNTY MEDICAL CENTER,330219,NY,READM-30-HF-HRRP,113.0,,1.0676,22.2352,20.827,30.0,07/01/2021,06/30/2024,6.465489999999999
ERIE COUNTY MEDICAL CENTER,330219,NY,READM-30-COPD-HRRP,76.0,,1.0003,19.7087,19.703,15.0,07/01/2021,06/30/2024,0.02572000000000152
WYCKOFF HEIGHTS MEDICAL CENTER,330221,NY,READM-30-PN-HRRP,146.0,,1.0094,16.0075,15.8588,24.0,07/01/2021,06/30/2024,0.846152
SARATOGA HOSPITAL,330222,NY,READM-30-PN-HRRP,399.0,,1.0174,15.5021,15.2367,63.0,07/01/2021,06/30/2024,2.205567000000002
SARATOGA HOSPITAL,330222,NY,READM-30-COPD-HRRP,148.0,,1.1008,18.8513,17.1247,35.0,07/01/2021,06/30/2024,9.655444
HEALTHALLIANCE HOSPITAL MARYS AVENUE CAMPUS,330224,NY,READM-30-HF-HRRP,331.0,,1.0196,20.4148,20.0231,69.0,07/01/2021,06/30/2024,2.7235390000000024
HEALTHALLIANCE HOSPITAL MARYS AVENUE CAMPUS,330224,NY,READM-30-AMI-HRRP,80.0,,1.0828,13.6053,12.5651,15.0,07/01/2021,06/30/2024,4.947920000000002
UNITY HOSPITAL,330226,NY,READM-30-PN-HRRP,272.0,,1.1524,18.851,16.3579,61.0,07/01/2021,06/30/2024,16.506512
UNITY HOSPITAL,330226,NY,READM-30-HIP-KNEE-HRRP,160.0,,1.1529,6.4708,5.6125,12.0,07/01/2021,06/30/2024,3.0199999999999996
UNITY HOSPITAL,330226,NY,READM-30-HF-HRRP,290.0,,1.1027,21.9895,19.9416,71.0,07/01/2021,06/30/2024,13.169359999999998
UNITY HOSPITAL,330226,NY,READM-30-COPD-HRRP,113.0,,1.136,23.1167,20.3487,36.0,07/01/2021,06/30/2024,13.005969
QUEENS HOSPITAL CENTER,330231,NY,READM-30-PN-HRRP,154.0,,1.0623,17.4532,16.4299,31.0,07/01/2021,06/30/2024,5.697953999999999
QUEENS HOSPITAL CENTER,330231,NY,READM-30-COPD-HRRP,46.0,,1.0336,22.5532,21.8196,13.0,07/01/2021,06/30/2024,2.9629840000000005
BROOKDALE HOSPITAL MEDICAL CENTER,330233,NY,READM-30-HF-HRRP,178.0,,1.1096,22.6078,20.3747,48.0,07/01/2021,06/30/2024,11.733033999999996
BROOKDALE HOSPITAL MEDICAL CENTER,330233,NY,READM-30-COPD-HRRP,84.0,,1.0014,18.9251,18.8992,16.0,07/01/2021,06/30/2024,0.12467200000000034
WESTCHESTER MEDICAL CENTER,330234,NY,READM-30-COPD-HRRP,97.0,,1.0326,20.1629,19.5262,22.0,07/01/2021,06/30/2024,3.0595859999999995
WESTCHESTER MEDICAL CENTER,330234,NY,READM-30-CABG-HRRP,114.0,,1.0917,12.0083,10.9998,16.0,07/01/2021,06/30/2024,3.4602280000000007
AUBURN  COMMUNITY  HOSPITAL,330235,NY,READM-30-PN-HRRP,320.0,,1.0666,17.3937,16.3073,60.0,07/01/2021,06/30/2024,7.8166399999999925
AUBURN  COMMUNITY  HOSPITAL,330235,NY,READM-30-HF-HRRP,258.0,,1.1023,22.3971,20.3181,65.0,07/01/2021,06/30/2024,12.579301999999998
AUBURN  COMMUNITY  HOSPITAL,330235,NY,READM-30-COPD-HRRP,158.0,,1.0322,19.3966,18.7909,33.0,07/01/2021,06/30/2024,3.310378
NICHOLAS H NOYES MEMORIAL HOSPITAL,330238,NY,READM-30-PN-HRRP,123.0,,1.003,14.4761,14.4331,18.0,07/01/2021,06/30/2024,0.24728700000000003
UPMC CHAUTAUQUA AT WCA,330239,NY,READM-30-PN-HRRP,214.0,,1.0234,16.1018,15.7337,36.0,07/01/2021,06/30/2024,2.329881999999998
HARLEM HOSPITAL CENTER,330240,NY,READM-30-PN-HRRP,78.0,,1.0423,20.5331,19.6989,19.0,07/01/2021,06/30/2024,3.634858000000003
HARLEM HOSPITAL CENTER,330240,NY,READM-30-HF-HRRP,57.0,,1.0621,23.4962,22.1222,18.0,07/01/2021,06/30/2024,5.390345999999999
HARLEM HOSPITAL CENTER,330240,NY,READM-30-COPD-HRRP,44.0,,1.0229,27.4804,26.8654,14.0,07/01/2021,06/30/2024,2.1792239999999996
UNIVERSITY HOSPITAL S U N Y HEALTH SCIENCE CENTER,330241,NY,READM-30-PN-HRRP,416.0,,1.0198,16.0301,15.719,68.0,07/01/2021,06/30/2024,2.608959999999996
UNIVERSITY HOSPITAL S U N Y HEALTH SCIENCE CENTER,330241,NY,READM-30-HF-HRRP,431.0,,1.0055,19.1659,19.0616,83.0,07/01/2021,06/30/2024,0.8445040000000148
UNIVERSITY HOSPITAL S U N Y HEALTH SCIENCE CENTER,330241,NY,READM-30-COPD-HRRP,164.0,,1.016,18.187,17.8998,31.0,07/01/2021,06/30/2024,1.6443280000000016
CHAMPLAIN VALLEY PHYSICIANS HOSPITAL MEDICAL CTR,330250,NY,READM-30-HF-HRRP,464.0,,1.052,21.392,20.3343,103.0,07/01/2021,06/30/2024,8.648848000000001
CHAMPLAIN VALLEY PHYSICIANS HOSPITAL MEDICAL CTR,330250,NY,READM-30-COPD-HRRP,185.0,,1.0019,19.3807,19.3435,36.0,07/01/2021,06/30/2024,0.21452500000000185
CHAMPLAIN VALLEY PHYSICIANS HOSPITAL MEDICAL CTR,330250,NY,READM-30-AMI-HRRP,216.0,,1.0228,12.8991,12.6113,29.0,07/01/2021,06/30/2024,1.7595919999999978
MONTEFIORE ST LUKE'S CORNWALL,330264,NY,READM-30-PN-HRRP,374.0,,1.0937,17.6266,16.1161,72.0,07/01/2021,06/30/2024,11.725786
MONTEFIORE ST LUKE'S CORNWALL,330264,NY,READM-30-HF-HRRP,407.0,,1.0355,19.7718,19.094,83.0,07/01/2021,06/30/2024,5.287419999999997
MONTEFIORE ST LUKE'S CORNWALL,330264,NY,READM-30-COPD-HRRP,157.0,,1.0109,17.9652,17.7714,29.0,07/01/2021,06/30/2024,1.098901999999999
MONTEFIORE ST LUKE'S CORNWALL,330264,NY,READM-30-AMI-HRRP,125.0,,1.0176,14.4818,14.2309,19.0,07/01/2021,06/30/2024,1.2113750000000003
CLIFTON SPRINGS HOSPITAL AND CLINIC,330265,NY,READM-30-PN-HRRP,27.0,,1.085,19.727,18.1818,11.0,07/01/2021,06/30/2024,6.090914000000001
NATHAN LITTAUER HOSPITAL,330276,NY,READM-30-COPD-HRRP,47.0,,1.0465,16.5091,15.7756,11.0,07/01/2021,06/30/2024,3.5854679999999997
CORNING HOSPITAL,330277,NY,READM-30-PN-HRRP,221.0,,1.0032,14.3857,14.3402,32.0,07/01/2021,06/30/2024,0.3081579999999988
CORNING HOSPITAL,330277,NY,READM-30-HF-HRRP,176.0,,1.0999,19.4348,17.6702,41.0,07/01/2021,06/30/2024,9.900447999999997
MERCY HOSPITAL OF BUFFALO,330279,NY,READM-30-PN-HRRP,260.0,,1.1054,17.0434,15.4189,51.0,07/01/2021,06/30/2024,10.910859999999992
MERCY HOSPITAL OF BUFFALO,330279,NY,READM-30-HF-HRRP,331.0,,1.0856,21.1405,19.4737,76.0,07/01/2021,06/30/2024,11.542052999999996
MERCY HOSPITAL OF BUFFALO,330279,NY,READM-30-COPD-HRRP,105.0,,1.0231,17.4625,17.0684,20.0,07/01/2021,06/30/2024,2.0781799999999997
GOOD SAMARITAN HOSPITAL MEDICAL CENTER,330286,NY,READM-30-AMI-HRRP,297.0,,1.0365,14.5263,14.0143,45.0,07/01/2021,06/30/2024,3.3775289999999956
WHITE PLAINS HOSPITAL CENTER,330304,NY,READM-30-PN-HRRP,1451.0,,1.0162,16.0526,15.7964,234.0,07/01/2021,06/30/2024,4.794236000000012
WHITE PLAINS HOSPITAL CENTER,330304,NY,READM-30-COPD-HRRP,179.0,,1.0159,18.3397,18.0525,34.0,07/01/2021,06/30/2024,1.6860250000000008
WHITE PLAINS HOSPITAL CENTER,330304,NY,READM-30-AMI-HRRP,245.0,,1.0102,13.2598,13.126,33.0,07/01/2021,06/30/2024,0.8413000000000039
PLAINVIEW HOSPITAL,330331,NY,READM-30-COPD-HRRP,108.0,,1.0277,17.5856,17.1118,21.0,07/01/2021,06/30/2024,2.519256000000002
CHSLI ST JOSEPH HOSPITAL,330332,NY,READM-30-PN-HRRP,444.0,,1.0306,15.3139,14.8594,70.0,07/01/2021,06/30/2024,4.024264000000002
SUNY/DOWNSTATE UNIVERSITY HOSPITAL OF BROOKLYN,330350,NY,READM-30-PN-HRRP,51.0,,1.072,16.3737,15.2745,13.0,07/01/2021,06/30/2024,5.210005000000001
SUNY/DOWNSTATE UNIVERSITY HOSPITAL OF BROOKLYN,330350,NY,READM-30-HF-HRRP,106.0,,1.1005,20.755,18.8591,29.0,07/01/2021,06/30/2024,9.009353999999998
GARNET HEALTH  MEDICAL CENTER CATSKILLS,330386,NY,READM-30-PN-HRRP,194.0,,1.0131,17.5831,17.3559,35.0,07/01/2021,06/30/2024,1.3295540000000017
GARNET HEALTH  MEDICAL CENTER CATSKILLS,330386,NY,READM-30-HF-HRRP,129.0,,1.0274,20.9385,20.3807,29.0,07/01/2021,06/30/2024,2.708896999999997
SUNY/STONY BROOK UNIVERSITY HOSPITAL,330393,NY,READM-30-HF-HRRP,1566.0,,1.1051,23.0214,20.8328,368.0,07/01/2021,06/30/2024,41.758352
"UNITED HEALTH SERVICES HOSPITALS, INC",330394,NY,READM-30-PN-HRRP,498.0,,1.0215,15.5806,15.2523,79.0,07/01/2021,06/30/2024,3.0435460000000063
"UNITED HEALTH SERVICES HOSPITALS, INC",330394,NY,READM-30-AMI-HRRP,210.0,,1.0048,13.2172,13.1541,28.0,07/01/2021,06/30/2024,0.37639000000000067
ST JOHN'S EPISCOPAL HOSPITAL AT SOUTH SHORE,330395,NY,READM-30-PN-HRRP,263.0,,1.3274,23.0836,17.3902,81.0,07/01/2021,06/30/2024,35.263774
ST JOHN'S EPISCOPAL HOSPITAL AT SOUTH SHORE,330395,NY,READM-30-HF-HRRP,86.0,,1.0835,21.0286,19.4076,24.0,07/01/2021,06/30/2024,7.309463999999998
ST JOHN'S EPISCOPAL HOSPITAL AT SOUTH SHORE,330395,NY,READM-30-COPD-HRRP,77.0,,1.0796,19.7332,18.2775,21.0,07/01/2021,06/30/2024,6.926325
WOODHULL MEDICAL & MENTAL HEALTH CENTER,330396,NY,READM-30-HF-HRRP,57.0,,1.0444,22.3101,21.3616,16.0,07/01/2021,06/30/2024,3.823888
ST BARNABAS HOSPITAL,330399,NY,READM-30-HF-HRRP,49.0,,1.0618,21.5597,20.3045,15.0,07/01/2021,06/30/2024,5.050794999999999
CAROLINAS MEDICAL CENTER-NORTHEAST,340001,NC,READM-30-HF-HRRP,749.0,,1.021,20.2253,19.8095,153.0,07/01/2021,06/30/2024,4.626845000000003
CAROLINAS MEDICAL CENTER-NORTHEAST,340001,NC,READM-30-COPD-HRRP,227.0,,1.0206,17.8439,17.4846,42.0,07/01/2021,06/30/2024,2.3099580000000017
CAROLINAS MEDICAL CENTER-NORTHEAST,340001,NC,READM-30-AMI-HRRP,258.0,,1.0226,12.7424,12.4607,34.0,07/01/2021,06/30/2024,1.851393999999999
HIGH POINT REGIONAL HEALTH SYSTEM,340004,NC,READM-30-PN-HRRP,172.0,,1.0659,17.8259,16.7243,35.0,07/01/2021,06/30/2024,6.234203999999998
HIGH POINT REGIONAL HEALTH SYSTEM,340004,NC,READM-30-HF-HRRP,369.0,,1.0184,21.3126,20.9266,80.0,07/01/2021,06/30/2024,2.780845999999997
HIGH POINT REGIONAL HEALTH SYSTEM,340004,NC,READM-30-COPD-HRRP,110.0,,1.0268,20.8872,20.343,25.0,07/01/2021,06/30/2024,2.622700000000002
SCOTLAND MEMORIAL HOSPITAL,340008,NC,READM-30-PN-HRRP,160.0,,1.085,17.1628,15.819,33.0,07/01/2021,06/30/2024,7.689599999999999
NOVANT HEALTH FORSYTH MEDICAL CENTER,340014,NC,READM-30-CABG-HRRP,156.0,,1.0094,9.4619,9.3737,15.0,07/01/2021,06/30/2024,0.37702799999999925
PARDEE HOSPITAL HENDERSON COUNTY,340017,NC,READM-30-AMI-HRRP,167.0,,1.0053,11.8203,11.7583,20.0,07/01/2021,06/30/2024,0.36363899999999916
CENTRAL CAROLINA HOSPITAL,340020,NC,READM-30-PN-HRRP,138.0,,1.0094,16.2122,16.0605,23.0,07/01/2021,06/30/2024,0.8365100000000005
CENTRAL CAROLINA HOSPITAL,340020,NC,READM-30-HF-HRRP,150.0,,1.083,20.805,19.2099,37.0,07/01/2021,06/30/2024,8.185149999999997
ATRIUM HEALTH CLEVELAND,340021,NC,READM-30-HF-HRRP,401.0,,1.0411,19.4762,18.7068,81.0,07/01/2021,06/30/2024,5.985731999999999
SAMPSON REGIONAL MEDICAL CENTER,340024,NC,READM-30-PN-HRRP,163.0,,1.0373,15.6744,15.1107,28.0,07/01/2021,06/30/2024,3.3695590000000024
SAMPSON REGIONAL MEDICAL CENTER,340024,NC,READM-30-HF-HRRP,100.0,,1.1102,20.4643,18.4332,28.0,07/01/2021,06/30/2024,9.5668
UNC LENOIR HEALTH CARE,340027,NC,READM-30-HF-HRRP,270.0,,1.0492,20.5519,19.5888,59.0,07/01/2021,06/30/2024,6.110240000000005
CAPE FEAR VALLEY MEDICAL CENTER,340028,NC,READM-30-PN-HRRP,620.0,,1.1016,18.6074,16.8911,122.0,07/01/2021,06/30/2024,17.27517999999999
CAPE FEAR VALLEY MEDICAL CENTER,340028,NC,READM-30-HF-HRRP,730.0,,1.0818,22.348,20.6578,169.0,07/01/2021,06/30/2024,18.198059999999998
CAPE FEAR VALLEY MEDICAL CENTER,340028,NC,READM-30-COPD-HRRP,297.0,,1.0409,20.8524,20.0328,65.0,07/01/2021,06/30/2024,5.502583999999999
CAPE FEAR VALLEY MEDICAL CENTER,340028,NC,READM-30-AMI-HRRP,252.0,,1.0156,13.1793,12.977,34.0,07/01/2021,06/30/2024,1.2979600000000033
DUKE UNIVERSITY HOSPITAL,340030,NC,READM-30-COPD-HRRP,172.0,,1.0097,18.1928,18.0184,32.0,07/01/2021,06/30/2024,1.0083519999999986
CAROMONT REGIONAL MEDICAL CENTER,340032,NC,READM-30-PN-HRRP,544.0,,1.065,16.6849,15.6663,95.0,07/01/2021,06/30/2024,9.775328000000002
CAROMONT REGIONAL MEDICAL CENTER,340032,NC,READM-30-HF-HRRP,790.0,,1.0456,20.6003,19.7025,166.0,07/01/2021,06/30/2024,10.350249999999988
CAROMONT REGIONAL MEDICAL CENTER,340032,NC,READM-30-COPD-HRRP,226.0,,1.0515,20.029,19.0489,49.0,07/01/2021,06/30/2024,5.949486
CAROMONT REGIONAL MEDICAL CENTER,340032,NC,READM-30-AMI-HRRP,230.0,,1.0764,13.6019,12.6368,35.0,07/01/2021,06/30/2024,5.935360000000003
ECU HEALTH MEDICAL CENTER,340040,NC,READM-30-PN-HRRP,743.0,,1.1021,16.8861,15.3211,132.0,07/01/2021,06/30/2024,18.16422700000001
ECU HEALTH MEDICAL CENTER,340040,NC,READM-30-HIP-KNEE-HRRP,171.0,,1.4851,8.4078,5.6613,19.0,07/01/2021,06/30/2024,9.319177
ECU HEALTH MEDICAL CENTER,340040,NC,READM-30-HF-HRRP,1421.0,,1.016,20.0455,19.7298,286.0,07/01/2021,06/30/2024,5.639542000000006
ECU HEALTH MEDICAL CENTER,340040,NC,READM-30-COPD-HRRP,375.0,,1.0499,19.2993,18.3823,76.0,07/01/2021,06/30/2024,7.066374999999994
ECU HEALTH MEDICAL CENTER,340040,NC,READM-30-CABG-HRRP,375.0,,1.0541,11.1034,10.5336,43.0,07/01/2021,06/30/2024,3.4990000000000023
ONSLOW MEMORIAL HOSPITAL,340042,NC,READM-30-PN-HRRP,306.0,,1.1315,16.9204,14.9538,60.0,07/01/2021,06/30/2024,14.241371999999998
ONSLOW MEMORIAL HOSPITAL,340042,NC,READM-30-HF-HRRP,197.0,,1.0024,17.1731,17.1317,34.0,07/01/2021,06/30/2024,0.2505510000000015
NORTH CAROLINA BAPTIST HOSPITAL,340047,NC,READM-30-PN-HRRP,261.0,,1.037,18.5752,17.9131,51.0,07/01/2021,06/30/2024,4.246808999999999
NORTH CAROLINA BAPTIST HOSPITAL,340047,NC,READM-30-COPD-HRRP,101.0,,1.0066,22.2622,22.1153,23.0,07/01/2021,06/30/2024,0.6635469999999977
NORTH CAROLINA BAPTIST HOSPITAL,340047,NC,READM-30-AMI-HRRP,357.0,,1.0567,12.9519,12.2572,49.0,07/01/2021,06/30/2024,5.241796000000008
SOUTHEASTERN REGIONAL MEDICAL CENTER,340050,NC,READM-30-PN-HRRP,268.0,,1.0075,15.8601,15.7425,43.0,07/01/2021,06/30/2024,0.8100999999999985
SOUTHEASTERN REGIONAL MEDICAL CENTER,340050,NC,READM-30-HF-HRRP,288.0,,1.1187,22.4693,20.0857,73.0,07/01/2021,06/30/2024,15.153184000000003
SOUTHEASTERN REGIONAL MEDICAL CENTER,340050,NC,READM-30-COPD-HRRP,127.0,,1.0137,18.884,18.6281,25.0,07/01/2021,06/30/2024,1.3423130000000008
WATAUGA MEDICAL CENTER,340051,NC,READM-30-PN-HRRP,180.0,,1.0049,14.8211,14.7482,27.0,07/01/2021,06/30/2024,0.453240000000001
WATAUGA MEDICAL CENTER,340051,NC,READM-30-HF-HRRP,165.0,,1.0298,19.3251,18.7653,34.0,07/01/2021,06/30/2024,3.037255000000002
UNC ROCKINGHAM,340060,NC,READM-30-PN-HRRP,59.0,,1.0329,15.0354,14.5567,11.0,07/01/2021,06/30/2024,2.4115470000000006
UNC ROCKINGHAM,340060,NC,READM-30-HF-HRRP,63.0,,1.0132,16.0349,15.8267,11.0,07/01/2021,06/30/2024,1.0291789999999992
WILKES REGIONAL MEDICAL CENTER,340064,NC,READM-30-PN-HRRP,110.0,,1.024,14.9502,14.5993,18.0,07/01/2021,06/30/2024,1.9407700000000006
WILKES REGIONAL MEDICAL CENTER,340064,NC,READM-30-COPD-HRRP,53.0,,1.04,19.0333,18.3021,13.0,07/01/2021,06/30/2024,3.299887
COLUMBUS REGIONAL HEALTHCARE SYSTEM,340068,NC,READM-30-HF-HRRP,112.0,,1.0293,22.1784,21.5465,27.0,07/01/2021,06/30/2024,2.867919999999998
COLUMBUS REGIONAL HEALTHCARE SYSTEM,340068,NC,READM-30-COPD-HRRP,84.0,,1.0244,18.1482,17.7154,17.0,07/01/2021,06/30/2024,2.1190640000000016
"WAKEMED, RALEIGH CAMPUS",340069,NC,READM-30-COPD-HRRP,272.0,,1.0346,18.9244,18.2917,54.0,07/01/2021,06/30/2024,4.246576000000005
ALAMANCE REGIONAL MEDICAL CENTER,340070,NC,READM-30-HF-HRRP,337.0,,1.0359,20.8928,20.1686,73.0,07/01/2021,06/30/2024,5.031818000000001
BETSY JOHNSON REGIONAL HOSPITAL,340071,NC,READM-30-HF-HRRP,153.0,,1.0695,20.9704,19.607,37.0,07/01/2021,06/30/2024,7.001290000000001
BETSY JOHNSON REGIONAL HOSPITAL,340071,NC,READM-30-COPD-HRRP,84.0,,1.0006,17.8018,17.7906,15.0,07/01/2021,06/30/2024,0.055895999999998836
THE MCDOWELL HOSPITAL,340087,NC,READM-30-HF-HRRP,74.0,,1.0824,20.5664,19.0014,21.0,07/01/2021,06/30/2024,6.938963999999999
JOHNSTON HEALTH,340090,NC,READM-30-HF-HRRP,450.0,,1.0494,20.7731,19.7959,97.0,07/01/2021,06/30/2024,7.918450000000007
JOHNSTON HEALTH,340090,NC,READM-30-COPD-HRRP,184.0,,1.0404,19.0573,18.3178,38.0,07/01/2021,06/30/2024,4.295248000000001
JOHNSTON HEALTH,340090,NC,READM-30-AMI-HRRP,94.0,,1.0234,13.6421,13.33,14.0,07/01/2021,06/30/2024,1.4697999999999993
"MOSES H. CONE MEMORIAL HOSPITAL, THE",340091,NC,READM-30-HIP-KNEE-HRRP,255.0,,1.0556,5.2478,4.9713,14.0,07/01/2021,06/30/2024,1.3231850000000005
"MOSES H. CONE MEMORIAL HOSPITAL, THE",340091,NC,READM-30-COPD-HRRP,239.0,,1.0447,19.9564,19.1024,51.0,07/01/2021,06/30/2024,5.345264
LEXINGTON MEMORIAL HOSPITAL INC,340096,NC,READM-30-HF-HRRP,136.0,,1.0309,21.1562,20.5229,31.0,07/01/2021,06/30/2024,3.088856
LEXINGTON MEMORIAL HOSPITAL INC,340096,NC,READM-30-COPD-HRRP,45.0,,1.067,20.3756,19.0961,14.0,07/01/2021,06/30/2024,5.406755
HUGH CHATHAM MEMORIAL HOSPITAL,340097,NC,READM-30-PN-HRRP,179.0,,1.0192,15.5008,15.209,29.0,07/01/2021,06/30/2024,1.7758900000000004
HUGH CHATHAM MEMORIAL HOSPITAL,340097,NC,READM-30-HF-HRRP,99.0,,1.0086,19.5785,19.4125,20.0,07/01/2021,06/30/2024,0.7816249999999982
ATRIUM HEALTH PINEVILLE,340098,NC,READM-30-PN-HRRP,763.0,,1.04,14.6037,14.042,114.0,07/01/2021,06/30/2024,6.85954000000001
ATRIUM HEALTH PINEVILLE,340098,NC,READM-30-HIP-KNEE-HRRP,190.0,,1.1462,5.4953,4.7944,12.0,07/01/2021,06/30/2024,2.8906399999999994
ATRIUM HEALTH PINEVILLE,340098,NC,READM-30-COPD-HRRP,216.0,,1.0423,17.5722,16.859,41.0,07/01/2021,06/30/2024,4.584559999999996
ATRIUM HEALTH PINEVILLE,340098,NC,READM-30-AMI-HRRP,293.0,,1.047,11.8545,11.3219,37.0,07/01/2021,06/30/2024,3.8268330000000006
VIDANT ROANOKE CHOWAN HOSPITAL,340099,NC,READM-30-PN-HRRP,132.0,,1.0354,14.9435,14.4322,22.0,07/01/2021,06/30/2024,2.949496
VIDANT ROANOKE CHOWAN HOSPITAL,340099,NC,READM-30-HF-HRRP,155.0,,1.0813,20.8444,19.2779,38.0,07/01/2021,06/30/2024,8.119255000000003
VIDANT EDGECOMBE HOSPITAL,340107,NC,READM-30-HF-HRRP,126.0,,1.1544,21.7715,18.8594,38.0,07/01/2021,06/30/2024,14.237155999999999
SENTARA ALBEMARLE MEDICAL CENTER,340109,NC,READM-30-HF-HRRP,369.0,,1.0423,21.9255,21.035,84.0,07/01/2021,06/30/2024,6.380849999999995
REX HOSPITAL,340114,NC,READM-30-PN-HRRP,651.0,,1.0065,14.8344,14.738,97.0,07/01/2021,06/30/2024,1.0556200000000047
REX HOSPITAL,340114,NC,READM-30-HIP-KNEE-HRRP,176.0,,1.1217,6.069,5.4105,12.0,07/01/2021,06/30/2024,2.47752
FIRSTHEALTH MOORE REGIONAL HOSPITAL,340115,NC,READM-30-PN-HRRP,938.0,,1.0192,15.3244,15.0356,145.0,07/01/2021,06/30/2024,3.966071999999997
FIRSTHEALTH MOORE REGIONAL HOSPITAL,340115,NC,READM-30-HIP-KNEE-HRRP,200.0,,1.233,6.2912,5.1024,15.0,07/01/2021,06/30/2024,4.7951999999999995
FIRSTHEALTH MOORE REGIONAL HOSPITAL,340115,NC,READM-30-CABG-HRRP,114.0,,1.0458,11.2661,10.7726,14.0,07/01/2021,06/30/2024,1.7192360000000004
FIRSTHEALTH MOORE REGIONAL HOSPITAL,340115,NC,READM-30-AMI-HRRP,339.0,,1.0429,13.2374,12.6935,47.0,07/01/2021,06/30/2024,3.969035000000005
FRYE REGIONAL MEDICAL CENTER,340116,NC,READM-30-PN-HRRP,402.0,,1.0083,14.7902,14.6682,60.0,07/01/2021,06/30/2024,1.0338359999999938
FRYE REGIONAL MEDICAL CENTER,340116,NC,READM-30-HF-HRRP,260.0,,1.0296,19.1964,18.6439,52.0,07/01/2021,06/30/2024,3.5258600000000015
FRYE REGIONAL MEDICAL CENTER,340116,NC,READM-30-COPD-HRRP,119.0,,1.0409,16.9108,16.247,23.0,07/01/2021,06/30/2024,3.6660700000000013
FRYE REGIONAL MEDICAL CENTER,340116,NC,READM-30-CABG-HRRP,89.0,,1.1115,10.4351,9.3881,12.0,07/01/2021,06/30/2024,3.644591
FRYE REGIONAL MEDICAL CENTER,340116,NC,READM-30-AMI-HRRP,192.0,,1.0107,12.7403,12.6057,25.0,07/01/2021,06/30/2024,0.7970559999999978
STANLY REGIONAL MEDICAL CENTER,340119,NC,READM-30-COPD-HRRP,65.0,,1.0661,20.2077,18.9539,18.0,07/01/2021,06/30/2024,5.679964999999999
VIDANT DUPLIN HOSPITAL,340120,NC,READM-30-HF-HRRP,187.0,,1.0707,19.8203,18.5108,42.0,07/01/2021,06/30/2024,7.384804000000003
VIDANT DUPLIN HOSPITAL,340120,NC,READM-30-COPD-HRRP,50.0,,1.032,21.1293,20.4742,13.0,07/01/2021,06/30/2024,2.7629
WILSON MEDICAL CENTER,340126,NC,READM-30-PN-HRRP,302.0,,1.1144,17.4567,15.664,60.0,07/01/2021,06/30/2024,12.694719999999997
WILSON MEDICAL CENTER,340126,NC,READM-30-HF-HRRP,286.0,,1.0119,19.2815,19.0541,56.0,07/01/2021,06/30/2024,1.505274
WILSON MEDICAL CENTER,340126,NC,READM-30-COPD-HRRP,111.0,,1.0446,17.8519,17.0894,23.0,07/01/2021,06/30/2024,4.030765999999996
GRANVILLE HEALTH SYSTEMS,340127,NC,READM-30-PN-HRRP,101.0,,1.0186,15.6194,15.3339,17.0,07/01/2021,06/30/2024,1.5127609999999994
DUKE HEALTH LAKE NORMAN HOSPITAL,340129,NC,READM-30-PN-HRRP,181.0,,1.0602,15.0025,14.1503,31.0,07/01/2021,06/30/2024,5.387957
DUKE HEALTH LAKE NORMAN HOSPITAL,340129,NC,READM-30-HF-HRRP,144.0,,1.056,19.4974,18.464,32.0,07/01/2021,06/30/2024,5.4118400000000015
ATRIUM HEALTH UNION,340130,NC,READM-30-HF-HRRP,478.0,,1.0559,19.4745,18.4434,97.0,07/01/2021,06/30/2024,8.840547999999998
ATRIUM HEALTH UNION,340130,NC,READM-30-AMI-HRRP,84.0,,1.0107,12.466,12.3338,11.0,07/01/2021,06/30/2024,0.6396079999999991
CAROLINA EAST MEDICAL CENTER,340131,NC,READM-30-CABG-HRRP,167.0,,1.0411,10.1626,9.7617,18.0,07/01/2021,06/30/2024,1.6979609999999994
CAROLINA EAST MEDICAL CENTER,340131,NC,READM-30-AMI-HRRP,302.0,,1.0169,12.3074,12.1031,38.0,07/01/2021,06/30/2024,1.4486380000000025
MARIA PARHAM MEDICAL CENTER,340132,NC,READM-30-HF-HRRP,78.0,,1.0609,21.3431,20.1175,21.0,07/01/2021,06/30/2024,5.308350000000001
MARIA PARHAM MEDICAL CENTER,340132,NC,READM-30-COPD-HRRP,80.0,,1.1083,20.228,18.252,24.0,07/01/2021,06/30/2024,9.3984
NOVANT HEALTH NEW HANOVER REGIONAL MEDICAL CENTER,340141,NC,READM-30-COPD-HRRP,322.0,,1.0055,17.8866,17.7884,58.0,07/01/2021,06/30/2024,0.7213520000000031
NOVANT HEALTH NEW HANOVER REGIONAL MEDICAL CENTER,340141,NC,READM-30-AMI-HRRP,709.0,,1.0145,11.8878,11.7179,85.0,07/01/2021,06/30/2024,1.9200889999999902
CARTERET GENERAL HOSPITAL,340142,NC,READM-30-PN-HRRP,413.0,,1.0402,13.9122,13.3747,60.0,07/01/2021,06/30/2024,4.762488999999995
CARTERET GENERAL HOSPITAL,340142,NC,READM-30-HIP-KNEE-HRRP,329.0,,1.0212,4.1835,4.0965,14.0,07/01/2021,06/30/2024,0.5225150000000003
CARTERET GENERAL HOSPITAL,340142,NC,READM-30-HF-HRRP,340.0,,1.0751,19.0648,17.7328,70.0,07/01/2021,06/30/2024,9.708479999999994
CARTERET GENERAL HOSPITAL,340142,NC,READM-30-COPD-HRRP,159.0,,1.1048,17.4862,15.8276,35.0,07/01/2021,06/30/2024,9.834116000000002
CARTERET GENERAL HOSPITAL,340142,NC,READM-30-AMI-HRRP,65.0,,1.0542,12.8675,12.206,11.0,07/01/2021,06/30/2024,3.0660999999999996
CATAWBA VALLEY MEDICAL CENTER,340143,NC,READM-30-AMI-HRRP,88.0,,1.007,12.1079,12.0243,11.0,07/01/2021,06/30/2024,0.4186160000000001
ATRIUM HEALTH LINCOLN,340145,NC,READM-30-PN-HRRP,275.0,,1.0023,15.2182,15.1836,42.0,07/01/2021,06/30/2024,0.24510000000000076
ATRIUM HEALTH LINCOLN,340145,NC,READM-30-HF-HRRP,216.0,,1.0477,18.3842,17.5475,43.0,07/01/2021,06/30/2024,5.0974
UNC HEALTH NASH,340147,NC,READM-30-HF-HRRP,515.0,,1.0946,22.0001,20.0979,120.0,07/01/2021,06/30/2024,16.495815000000007
UNC HEALTH NASH,340147,NC,READM-30-COPD-HRRP,153.0,,1.0193,18.0323,17.6912,29.0,07/01/2021,06/30/2024,1.932464000000003
UNC HEALTH NASH,340147,NC,READM-30-AMI-HRRP,128.0,,1.0282,13.7322,13.3561,19.0,07/01/2021,06/30/2024,1.9041920000000019
ECU HEALTH NORTH HOSPITAL,340151,NC,READM-30-PN-HRRP,176.0,,1.0873,17.2406,15.8561,36.0,07/01/2021,06/30/2024,8.093263999999998
ECU HEALTH NORTH HOSPITAL,340151,NC,READM-30-COPD-HRRP,79.0,,1.0359,18.2466,17.614,17.0,07/01/2021,06/30/2024,3.084939999999998
DUKE REGIONAL HOSPITAL,340155,NC,READM-30-COPD-HRRP,157.0,,1.0009,19.701,19.6828,31.0,07/01/2021,06/30/2024,0.09800399999999954
DUKE REGIONAL HOSPITAL,340155,NC,READM-30-AMI-HRRP,126.0,,1.0563,15.986,15.1342,23.0,07/01/2021,06/30/2024,3.9309079999999987
NOVANT HEALTH BRUNSWICK MEDICAL CENTER,340158,NC,READM-30-HF-HRRP,322.0,,1.0007,18.928,18.9143,61.0,07/01/2021,06/30/2024,0.09595399999999898
NOVANT HEALTH BRUNSWICK MEDICAL CENTER,340158,NC,READM-30-COPD-HRRP,109.0,,1.0535,17.6245,16.7297,23.0,07/01/2021,06/30/2024,4.764627000000001
PERSON MEMORIAL HOSPITAL,340159,NC,READM-30-HF-HRRP,58.0,,1.0699,19.2673,18.0091,16.0,07/01/2021,06/30/2024,5.554722
ATRIUM HEALTH UNIVERSITY CITY,340166,NC,READM-30-COPD-HRRP,36.0,,1.0596,18.5347,17.4914,11.0,07/01/2021,06/30/2024,4.703096
NOVANT HEALTH MATTHEWS MEDICAL CENTER,340171,NC,READM-30-AMI-HRRP,141.0,,1.0732,13.0964,12.2027,22.0,07/01/2021,06/30/2024,4.794193
"WAKEMED, CARY HOSPITAL",340173,NC,READM-30-COPD-HRRP,180.0,,1.0302,18.231,17.6966,35.0,07/01/2021,06/30/2024,3.1461199999999963
NOVANT HEALTH HUNTERSVILLE MEDICAL CENTER,340183,NC,READM-30-HF-HRRP,327.0,,1.0312,19.5077,18.9177,66.0,07/01/2021,06/30/2024,4.139120999999996
HAYWOOD REGIONAL MEDICAL CENTER,340184,NC,READM-30-COPD-HRRP,136.0,,1.0018,15.3505,15.3236,21.0,07/01/2021,06/30/2024,0.15990399999999738
CAPE FEAR VALLEY HOKE HOSPITAL,340188,NC,READM-30-PN-HRRP,68.0,,1.0629,14.715,13.8437,14.0,07/01/2021,06/30/2024,4.586283999999999
CAPE FEAR VALLEY HOKE HOSPITAL,340188,NC,READM-30-HF-HRRP,78.0,,1.0263,18.1684,17.703,16.0,07/01/2021,06/30/2024,2.1916600000000006
TRINITY HOSPITALS,350006,ND,READM-30-COPD-HRRP,97.0,,1.0529,20.7,19.66,24.0,07/01/2021,06/30/2024,4.9298
SANFORD MEDICAL CENTER FARGO,350011,ND,READM-30-CABG-HRRP,224.0,,1.0102,10.1527,10.0506,23.0,07/01/2021,06/30/2024,0.486656
SANFORD MEDICAL CENTER BISMARCK,350015,ND,READM-30-CABG-HRRP,110.0,,1.0694,9.3709,8.7626,12.0,07/01/2021,06/30/2024,2.361139999999999
MERCY HEALTH-ANDERSON HOSPITAL,360001,OH,READM-30-CABG-HRRP,60.0,,1.147,12.3317,10.7515,11.0,07/01/2021,06/30/2024,4.5491
MERCY HEALTH-ANDERSON HOSPITAL,360001,OH,READM-30-AMI-HRRP,145.0,,1.075,14.6717,13.6481,25.0,07/01/2021,06/30/2024,5.210255
UNIVERSITY HOSPITALS SAMARITAN MEDICAL CENTER,360002,OH,READM-30-PN-HRRP,178.0,,1.0086,15.4079,15.276,28.0,07/01/2021,06/30/2024,0.8087199999999974
UNIVERSITY HOSPITALS SAMARITAN MEDICAL CENTER,360002,OH,READM-30-HF-HRRP,119.0,,1.0251,19.503,19.0257,25.0,07/01/2021,06/30/2024,2.3594170000000005
UNIVERSITY HOSPITALS SAMARITAN MEDICAL CENTER,360002,OH,READM-30-COPD-HRRP,53.0,,1.0197,18.006,17.6579,11.0,07/01/2021,06/30/2024,1.6413129999999985
"UNIVERSITY OF CINCINNATI MEDICAL CENTER, LLC",360003,OH,READM-30-PN-HRRP,188.0,,1.125,19.5866,17.4106,45.0,07/01/2021,06/30/2024,12.268072000000004
"UNIVERSITY OF CINCINNATI MEDICAL CENTER, LLC",360003,OH,READM-30-COPD-HRRP,94.0,,1.0034,19.9345,19.8661,19.0,07/01/2021,06/30/2024,0.3258660000000013
"UNIVERSITY OF CINCINNATI MEDICAL CENTER, LLC",360003,OH,READM-30-AMI-HRRP,89.0,,1.015,14.8606,14.6404,14.0,07/01/2021,06/30/2024,0.9700439999999997
RIVERSIDE METHODIST HOSPITAL,360006,OH,READM-30-AMI-HRRP,675.0,,1.0211,13.4723,13.1935,92.0,07/01/2021,06/30/2024,2.9438750000000056
SOUTHERN OHIO MEDICAL CENTER,360008,OH,READM-30-HF-HRRP,475.0,,1.0566,21.4581,20.3094,106.0,07/01/2021,06/30/2024,9.530349999999999
LIMA MEMORIAL HEALTH SYSTEM,360009,OH,READM-30-HF-HRRP,312.0,,1.0544,21.1836,20.091,70.0,07/01/2021,06/30/2024,7.3160799999999995
LIMA MEMORIAL HEALTH SYSTEM,360009,OH,READM-30-COPD-HRRP,133.0,,1.0522,18.2401,17.3359,28.0,07/01/2021,06/30/2024,4.943253000000002
LIMA MEMORIAL HEALTH SYSTEM,360009,OH,READM-30-CABG-HRRP,88.0,,1.0689,10.5737,9.8917,11.0,07/01/2021,06/30/2024,2.295304
LIMA MEMORIAL HEALTH SYSTEM,360009,OH,READM-30-AMI-HRRP,124.0,,1.1246,15.2853,13.5921,25.0,07/01/2021,06/30/2024,8.145795999999997
UNION HOSPITAL,360010,OH,READM-30-COPD-HRRP,85.0,,1.0867,19.7545,18.1786,23.0,07/01/2021,06/30/2024,7.54819
MARION GENERAL HOSPITAL,360011,OH,READM-30-HF-HRRP,424.0,,1.071,21.4501,20.0289,96.0,07/01/2021,06/30/2024,11.077464000000006
MOUNT CARMEL ST ANN'S,360012,OH,READM-30-AMI-HRRP,117.0,,1.0605,14.5179,13.6895,20.0,07/01/2021,06/30/2024,3.9832849999999986
WILSON MEMORIAL HOSPITAL,360013,OH,READM-30-HF-HRRP,66.0,,1.0046,16.1892,16.1157,11.0,07/01/2021,06/30/2024,0.3636379999999999
OHIOHEALTH O'BLENESS HOSPITAL,360014,OH,READM-30-PN-HRRP,214.0,,1.0388,17.487,16.8337,40.0,07/01/2021,06/30/2024,3.9758819999999986
THE JEWISH HOSPITAL-MERCY HEALTH,360016,OH,READM-30-PN-HRRP,325.0,,1.0479,16.5661,15.8093,57.0,07/01/2021,06/30/2024,5.619774999999997
THE JEWISH HOSPITAL-MERCY HEALTH,360016,OH,READM-30-AMI-HRRP,68.0,,1.0805,13.3942,12.3959,13.0,07/01/2021,06/30/2024,4.570788
GRANT MEDICAL CENTER,360017,OH,READM-30-PN-HRRP,285.0,,1.0411,17.6227,16.9268,53.0,07/01/2021,06/30/2024,4.7586200000000005
GRANT MEDICAL CENTER,360017,OH,READM-30-HF-HRRP,322.0,,1.0624,21.8977,20.6122,75.0,07/01/2021,06/30/2024,8.628715999999997
SUMMA HEALTH SYSTEM,360020,OH,READM-30-PN-HRRP,407.0,,1.0691,18.0386,16.8733,78.0,07/01/2021,06/30/2024,9.325669000000005
SUMMA HEALTH SYSTEM,360020,OH,READM-30-AMI-HRRP,163.0,,1.1357,13.8483,12.1935,29.0,07/01/2021,06/30/2024,9.124595
FIRELANDS REGIONAL MEDICAL CENTER,360025,OH,READM-30-HF-HRRP,359.0,,1.0042,17.7442,17.6697,64.0,07/01/2021,06/30/2024,0.5657770000000042
FIRELANDS REGIONAL MEDICAL CENTER,360025,OH,READM-30-COPD-HRRP,149.0,,1.0271,16.1673,15.7414,26.0,07/01/2021,06/30/2024,2.545314000000001
KETTERING HEALTH GREENE MEMORIAL,360026,OH,READM-30-HF-HRRP,50.0,,1.0171,19.5644,19.2354,11.0,07/01/2021,06/30/2024,1.3823000000000008
WOOD COUNTY HOSPITAL,360029,OH,READM-30-PN-HRRP,74.0,,1.0478,14.7516,14.0792,14.0,07/01/2021,06/30/2024,3.5813919999999992
MOUNT CARMEL EAST & WEST,360035,OH,READM-30-PN-HRRP,516.0,,1.0974,16.8142,15.3215,93.0,07/01/2021,06/30/2024,13.941060000000007
MOUNT CARMEL EAST & WEST,360035,OH,READM-30-COPD-HRRP,163.0,,1.0164,18.8832,18.5783,32.0,07/01/2021,06/30/2024,1.7173710000000035
MOUNT CARMEL EAST & WEST,360035,OH,READM-30-AMI-HRRP,232.0,,1.0342,12.6364,12.2182,31.0,07/01/2021,06/30/2024,2.6537760000000006
WOOSTER COMMUNITY HOSPITAL,360036,OH,READM-30-HF-HRRP,211.0,,1.0034,18.3688,18.3068,39.0,07/01/2021,06/30/2024,0.3726520000000022
WOOSTER COMMUNITY HOSPITAL,360036,OH,READM-30-COPD-HRRP,82.0,,1.0335,17.7745,17.1978,17.0,07/01/2021,06/30/2024,2.897803999999999
GENESIS HOSPITAL,360039,OH,READM-30-COPD-HRRP,202.0,,1.0092,19.4581,19.2799,40.0,07/01/2021,06/30/2024,1.0546019999999956
KNOX COMMUNITY HOSPITAL,360040,OH,READM-30-HF-HRRP,183.0,,1.0294,19.621,19.0598,38.0,07/01/2021,06/30/2024,3.1205660000000037
KNOX COMMUNITY HOSPITAL,360040,OH,READM-30-AMI-HRRP,86.0,,1.007,12.3835,12.2969,11.0,07/01/2021,06/30/2024,0.42466599999999843
PARMA COMMUNITY GENERAL HOSPITAL,360041,OH,READM-30-PN-HRRP,399.0,,1.0795,16.7574,15.5238,72.0,07/01/2021,06/30/2024,10.060038000000006
PARMA COMMUNITY GENERAL HOSPITAL,360041,OH,READM-30-COPD-HRRP,119.0,,1.0146,18.4104,18.1446,23.0,07/01/2021,06/30/2024,1.4079259999999998
PARMA COMMUNITY GENERAL HOSPITAL,360041,OH,READM-30-CABG-HRRP,52.0,,1.1793,12.7824,10.8392,11.0,07/01/2021,06/30/2024,5.3636159999999995
PARMA COMMUNITY GENERAL HOSPITAL,360041,OH,READM-30-AMI-HRRP,177.0,,1.0947,13.7586,12.568,29.0,07/01/2021,06/30/2024,6.754640000000002
MCCULLOUGH-HYDE MEMORIAL HOSPITAL,360046,OH,READM-30-PN-HRRP,86.0,,1.0743,16.5301,15.3872,19.0,07/01/2021,06/30/2024,5.767007999999999
MCCULLOUGH-HYDE MEMORIAL HOSPITAL,360046,OH,READM-30-HF-HRRP,74.0,,1.0336,18.4719,17.8716,16.0,07/01/2021,06/30/2024,2.775015999999999
UNIVERSITY OF TOLEDO MEDICAL CENTER,360048,OH,READM-30-PN-HRRP,114.0,,1.0075,17.9618,17.8274,21.0,07/01/2021,06/30/2024,0.6767639999999986
UNIVERSITY OF TOLEDO MEDICAL CENTER,360048,OH,READM-30-HF-HRRP,155.0,,1.0268,21.9447,21.371,36.0,07/01/2021,06/30/2024,2.8749500000000054
UNIVERSITY OF TOLEDO MEDICAL CENTER,360048,OH,READM-30-AMI-HRRP,77.0,,1.0109,16.1407,15.9669,13.0,07/01/2021,06/30/2024,0.7054869999999998
MIAMI VALLEY HOSPITAL,360051,OH,READM-30-PN-HRRP,684.0,,1.0649,16.1972,15.2094,115.0,07/01/2021,06/30/2024,10.967703999999998
MIAMI VALLEY HOSPITAL,360051,OH,READM-30-HF-HRRP,986.0,,1.021,20.0291,19.6171,199.0,07/01/2021,06/30/2024,5.575393999999989
MIAMI VALLEY HOSPITAL,360051,OH,READM-30-AMI-HRRP,337.0,,1.1843,15.235,12.8637,60.0,07/01/2021,06/30/2024,16.649330999999997
INSIGHT HOSPITAL AND MEDICAL CENTER TRUMBULL,360055,OH,READM-30-PN-HRRP,199.0,,1.0476,17.4971,16.7017,38.0,07/01/2021,06/30/2024,4.7636170000000035
INSIGHT HOSPITAL AND MEDICAL CENTER TRUMBULL,360055,OH,READM-30-HF-HRRP,221.0,,1.0221,19.6502,19.2257,45.0,07/01/2021,06/30/2024,2.5112029999999947
INSIGHT HOSPITAL AND MEDICAL CENTER TRUMBULL,360055,OH,READM-30-COPD-HRRP,87.0,,1.0508,20.9616,19.9478,22.0,07/01/2021,06/30/2024,4.645413999999999
INSIGHT HOSPITAL AND MEDICAL CENTER TRUMBULL,360055,OH,READM-30-AMI-HRRP,160.0,,1.0271,14.763,14.3729,25.0,07/01/2021,06/30/2024,2.0033600000000007
MERCY HEALTH - FAIRFIELD HOSPITAL,360056,OH,READM-30-PN-HRRP,349.0,,1.0361,16.5088,15.9337,60.0,07/01/2021,06/30/2024,4.391386999999995
MERCY HEALTH - FAIRFIELD HOSPITAL,360056,OH,READM-30-HF-HRRP,427.0,,1.029,20.5882,20.0084,90.0,07/01/2021,06/30/2024,4.564132000000001
MERCY HEALTH - FAIRFIELD HOSPITAL,360056,OH,READM-30-AMI-HRRP,123.0,,1.0197,14.6282,14.3451,19.0,07/01/2021,06/30/2024,1.3555270000000021
METROHEALTH SYSTEM,360059,OH,READM-30-PN-HRRP,214.0,,1.0878,16.9824,15.6113,42.0,07/01/2021,06/30/2024,8.591817999999996
METROHEALTH SYSTEM,360059,OH,READM-30-HF-HRRP,302.0,,1.0824,22.2293,20.5375,73.0,07/01/2021,06/30/2024,10.976750000000003
METROHEALTH SYSTEM,360059,OH,READM-30-AMI-HRRP,77.0,,1.0346,14.5879,14.1005,13.0,07/01/2021,06/30/2024,2.142615000000001
ST ELIZABETH YOUNGSTOWN HOSPITAL,360064,OH,READM-30-PN-HRRP,382.0,,1.0514,17.6878,16.8234,71.0,07/01/2021,06/30/2024,6.7346119999999985
ST ELIZABETH YOUNGSTOWN HOSPITAL,360064,OH,READM-30-HF-HRRP,550.0,,1.0996,21.8144,19.8387,127.0,07/01/2021,06/30/2024,17.887150000000005
ST ELIZABETH YOUNGSTOWN HOSPITAL,360064,OH,READM-30-CABG-HRRP,88.0,,1.0189,13.0716,12.8295,12.0,07/01/2021,06/30/2024,0.7100400000000011
FISHER-TITUS HOSPITAL,360065,OH,READM-30-HF-HRRP,165.0,,1.0921,20.3726,18.6548,40.0,07/01/2021,06/30/2024,9.219579999999997
FISHER-TITUS HOSPITAL,360065,OH,READM-30-COPD-HRRP,150.0,,1.0812,18.8747,17.4569,34.0,07/01/2021,06/30/2024,7.81465
MERCY MEDICAL CENTER,360070,OH,READM-30-HF-HRRP,337.0,,1.1138,21.9696,19.7257,82.0,07/01/2021,06/30/2024,15.524391000000008
MERCY MEDICAL CENTER,360070,OH,READM-30-COPD-HRRP,159.0,,1.0236,17.1806,16.7853,29.0,07/01/2021,06/30/2024,2.3113729999999997
FAIRFIELD MEDICAL CENTER,360072,OH,READM-30-PN-HRRP,367.0,,1.0253,15.6237,15.2376,59.0,07/01/2021,06/30/2024,3.078007999999997
FAIRFIELD MEDICAL CENTER,360072,OH,READM-30-HF-HRRP,351.0,,1.0436,19.3512,18.5426,71.0,07/01/2021,06/30/2024,5.915474000000003
FAIRFIELD MEDICAL CENTER,360072,OH,READM-30-AMI-HRRP,132.0,,1.068,11.9266,11.167,19.0,07/01/2021,06/30/2024,4.2595600000000005
UH REGIONAL HOSPITALS,360075,OH,READM-30-PN-HRRP,270.0,,1.0334,18.0494,17.4669,51.0,07/01/2021,06/30/2024,3.8393700000000024
UH REGIONAL HOSPITALS,360075,OH,READM-30-AMI-HRRP,85.0,,1.0083,12.4509,12.3488,11.0,07/01/2021,06/30/2024,0.50352
ATRIUM MEDICAL CENTER,360076,OH,READM-30-PN-HRRP,280.0,,1.0207,16.2915,15.9605,47.0,07/01/2021,06/30/2024,2.310600000000001
ATRIUM MEDICAL CENTER,360076,OH,READM-30-AMI-HRRP,113.0,,1.0736,14.4553,13.464,20.0,07/01/2021,06/30/2024,4.785679999999999
FAIRVIEW HOSPITAL,360077,OH,READM-30-PN-HRRP,502.0,,1.1121,19.2406,17.3012,104.0,07/01/2021,06/30/2024,17.147975999999986
FAIRVIEW HOSPITAL,360077,OH,READM-30-AMI-HRRP,280.0,,1.0074,14.1491,14.0448,40.0,07/01/2021,06/30/2024,0.6745599999999925
UNIVERSITY HOSPITALS PORTAGE MEDICAL CENTER,360078,OH,READM-30-HF-HRRP,226.0,,1.1039,21.9782,19.9101,57.0,07/01/2021,06/30/2024,12.003174000000001
UNIVERSITY HOSPITALS PORTAGE MEDICAL CENTER,360078,OH,READM-30-AMI-HRRP,66.0,,1.0607,12.268,11.5658,11.0,07/01/2021,06/30/2024,3.3665720000000006
KETTERING HEALTH MAIN CAMPUS,360079,OH,READM-30-HF-HRRP,653.0,,1.1096,22.7066,20.4639,156.0,07/01/2021,06/30/2024,22.370733
KETTERING HEALTH MAIN CAMPUS,360079,OH,READM-30-COPD-HRRP,116.0,,1.1175,22.7698,20.3764,35.0,07/01/2021,06/30/2024,11.363375999999999
KETTERING HEALTH MAIN CAMPUS,360079,OH,READM-30-CABG-HRRP,114.0,,1.1657,13.127,11.261,19.0,07/01/2021,06/30/2024,6.162460000000001
EAST OHIO REGIONAL HOSPITAL,360080,OH,READM-30-PN-HRRP,97.0,,1.1155,17.1692,15.3917,24.0,07/01/2021,06/30/2024,9.070051
EAST OHIO REGIONAL HOSPITAL,360080,OH,READM-30-HF-HRRP,48.0,,1.0683,19.2846,18.0511,14.0,07/01/2021,06/30/2024,5.335471999999999
EUCLID HOSPITAL,360082,OH,READM-30-PN-HRRP,119.0,,1.0355,18.1304,17.5081,24.0,07/01/2021,06/30/2024,3.1653610000000008
AULTMAN HOSPITAL,360084,OH,READM-30-AMI-HRRP,291.0,,1.0072,12.5907,12.5011,37.0,07/01/2021,06/30/2024,0.6217990000000029
OHIO STATE UNIVERSITY STATE HEALTH SYSTEM,360085,OH,READM-30-HIP-KNEE-HRRP,157.0,,1.0735,7.1132,6.626,12.0,07/01/2021,06/30/2024,1.5971799999999998
OHIO STATE UNIVERSITY STATE HEALTH SYSTEM,360085,OH,READM-30-COPD-HRRP,187.0,,1.0076,19.4783,19.3307,37.0,07/01/2021,06/30/2024,0.8515909999999991
OHIO STATE UNIVERSITY STATE HEALTH SYSTEM,360085,OH,READM-30-CABG-HRRP,131.0,,1.043,10.6248,10.1864,15.0,07/01/2021,06/30/2024,1.655815999999998
SPRINGFIELD REGIONAL MEDICAL CENTER,360086,OH,READM-30-HF-HRRP,337.0,,1.024,20.8452,20.3557,72.0,07/01/2021,06/30/2024,3.4012910000000005
SPRINGFIELD REGIONAL MEDICAL CENTER,360086,OH,READM-30-COPD-HRRP,137.0,,1.0042,19.4774,19.3958,27.0,07/01/2021,06/30/2024,0.42775399999999664
SPRINGFIELD REGIONAL MEDICAL CENTER,360086,OH,READM-30-AMI-HRRP,90.0,,1.1195,15.6745,14.0012,20.0,07/01/2021,06/30/2024,7.39892
MERCY HEALTH - TIFFIN HOSPITAL,360089,OH,READM-30-HF-HRRP,200.0,,1.0702,19.5698,18.2869,44.0,07/01/2021,06/30/2024,7.4262000000000015
BLANCHARD VALLEY HOSPITAL,360095,OH,READM-30-COPD-HRRP,128.0,,1.0222,15.9629,15.6166,22.0,07/01/2021,06/30/2024,2.010752
EAST LIVERPOOL CITY HOSPITAL,360096,OH,READM-30-PN-HRRP,218.0,,1.0684,19.4492,18.2035,47.0,07/01/2021,06/30/2024,7.316370000000006
EAST LIVERPOOL CITY HOSPITAL,360096,OH,READM-30-HF-HRRP,152.0,,1.1227,24.4892,21.8131,46.0,07/01/2021,06/30/2024,12.844088
EAST LIVERPOOL CITY HOSPITAL,360096,OH,READM-30-COPD-HRRP,44.0,,1.0471,19.4179,18.544,12.0,07/01/2021,06/30/2024,3.8406400000000005
LAKE HEALTH,360098,OH,READM-30-HF-HRRP,627.0,,1.1025,20.2459,18.3642,134.0,07/01/2021,06/30/2024,18.856465999999998
LAKE HEALTH,360098,OH,READM-30-AMI-HRRP,185.0,,1.016,13.616,13.4018,26.0,07/01/2021,06/30/2024,1.206669999999999
BELLEVUE HOSPITAL,360107,OH,READM-30-PN-HRRP,80.0,,1.0594,16.441,15.5189,17.0,07/01/2021,06/30/2024,4.58488
COSHOCTON REGIONAL MEDICAL CENTER,360109,OH,READM-30-HF-HRRP,88.0,,1.0179,19.0131,18.6788,18.0,07/01/2021,06/30/2024,1.5626560000000005
MERCY ST VINCENT MEDICAL CENTER,360112,OH,READM-30-PN-HRRP,645.0,,1.074,18.4597,17.1873,124.0,07/01/2021,06/30/2024,13.141914999999997
MERCY ST VINCENT MEDICAL CENTER,360112,OH,READM-30-HF-HRRP,695.0,,1.0563,21.2885,20.1541,152.0,07/01/2021,06/30/2024,11.92900499999999
MERCY ST VINCENT MEDICAL CENTER,360112,OH,READM-30-CABG-HRRP,114.0,,1.2141,14.7083,12.1143,22.0,07/01/2021,06/30/2024,8.189698
MERCY ST VINCENT MEDICAL CENTER,360112,OH,READM-30-AMI-HRRP,397.0,,1.109,16.2596,14.6611,70.0,07/01/2021,06/30/2024,11.795433000000003
OHIOHEALTH MANSFIELD HOSPITAL,360118,OH,READM-30-AMI-HRRP,218.0,,1.1455,14.7019,12.8349,39.0,07/01/2021,06/30/2024,11.019918
COMMUNITY HOSPITALS AND WELLNESS CENTERS,360121,OH,READM-30-HF-HRRP,88.0,,1.0229,18.6114,18.1947,18.0,07/01/2021,06/30/2024,1.988664
UH ST JOHN MEDICAL CENTER,360123,OH,READM-30-PN-HRRP,357.0,,1.04,17.7291,17.0473,66.0,07/01/2021,06/30/2024,5.141139000000003
UH ST JOHN MEDICAL CENTER,360123,OH,READM-30-COPD-HRRP,116.0,,1.051,20.8728,19.8604,28.0,07/01/2021,06/30/2024,4.9619360000000015
ASHTABULA COUNTY MEDICAL CENTER,360125,OH,READM-30-PN-HRRP,245.0,,1.0869,18.0865,16.6411,50.0,07/01/2021,06/30/2024,9.229304999999997
ASHTABULA COUNTY MEDICAL CENTER,360125,OH,READM-30-HF-HRRP,247.0,,1.128,22.322,19.7896,64.0,07/01/2021,06/30/2024,15.119688000000004
ASHTABULA COUNTY MEDICAL CENTER,360125,OH,READM-30-COPD-HRRP,121.0,,1.0059,19.4691,19.3551,24.0,07/01/2021,06/30/2024,0.580328999999999
FORT HAMILTON HUGHES MEMORIAL HOSPITAL,360132,OH,READM-30-COPD-HRRP,79.0,,1.1044,18.6844,16.9188,22.0,07/01/2021,06/30/2024,8.634148
FORT HAMILTON HUGHES MEMORIAL HOSPITAL,360132,OH,READM-30-AMI-HRRP,76.0,,1.0101,13.8063,13.6687,11.0,07/01/2021,06/30/2024,0.6117880000000007
KETTERING HEALTH DAYTON,360133,OH,READM-30-HF-HRRP,348.0,,1.015,20.0905,19.7928,71.0,07/01/2021,06/30/2024,2.121055999999996
KETTERING HEALTH DAYTON,360133,OH,READM-30-COPD-HRRP,141.0,,1.0876,20.3601,18.72,35.0,07/01/2021,06/30/2024,8.604800000000004
KETTERING HEALTH DAYTON,360133,OH,READM-30-CABG-HRRP,63.0,,1.111,13.0464,11.7428,11.0,07/01/2021,06/30/2024,3.602036
KETTERING HEALTH DAYTON,360133,OH,READM-30-AMI-HRRP,133.0,,1.1633,15.2185,13.0823,28.0,07/01/2021,06/30/2024,10.600541
GOOD SAMARITAN HOSPITAL,360134,OH,READM-30-AMI-HRRP,97.0,,1.0845,14.3004,13.1862,18.0,07/01/2021,06/30/2024,5.2093859999999985
UH CLEVELAND MEDICAL CENTER,360137,OH,READM-30-PN-HRRP,156.0,,1.0982,20.7679,18.9112,39.0,07/01/2021,06/30/2024,9.498528
UH CLEVELAND MEDICAL CENTER,360137,OH,READM-30-HF-HRRP,292.0,,1.0253,21.9636,21.4217,66.0,07/01/2021,06/30/2024,3.4486359999999934
UH CLEVELAND MEDICAL CENTER,360137,OH,READM-30-CABG-HRRP,171.0,,1.0141,11.4801,11.3204,20.0,07/01/2021,06/30/2024,0.6421160000000015
MARYMOUNT HOSPITAL,360143,OH,READM-30-PN-HRRP,324.0,,1.1201,18.5944,16.6014,68.0,07/01/2021,06/30/2024,14.211463999999992
MARYMOUNT HOSPITAL,360143,OH,READM-30-COPD-HRRP,96.0,,1.0076,18.1702,18.034,18.0,07/01/2021,06/30/2024,0.6873599999999982
SOUTH POINTE HOSPITAL,360144,OH,READM-30-PN-HRRP,217.0,,1.064,17.8468,16.7739,43.0,07/01/2021,06/30/2024,6.600636999999999
SOUTH POINTE HOSPITAL,360144,OH,READM-30-HF-HRRP,231.0,,1.0687,20.8424,19.5018,53.0,07/01/2021,06/30/2024,7.9508420000000015
UNIVERSITY HOSPITALS - ELYRIA MEDICAL CENTER,360145,OH,READM-30-PN-HRRP,313.0,,1.0647,17.4937,16.43,59.0,07/01/2021,06/30/2024,7.574100000000001
UNIVERSITY HOSPITALS - ELYRIA MEDICAL CENTER,360145,OH,READM-30-HF-HRRP,337.0,,1.1,23.3896,21.2632,86.0,07/01/2021,06/30/2024,14.343015999999992
MARIETTA MEMORIAL HOSPITAL,360147,OH,READM-30-HF-HRRP,460.0,29,1.061,21.8714,20.6147,105.0,07/01/2021,06/30/2024,10.172380000000004
MARIETTA MEMORIAL HOSPITAL,360147,OH,READM-30-COPD-HRRP,123.0,29,1.0755,20.6898,19.2372,31.0,07/01/2021,06/30/2024,7.3382439999999995
SUMMA WESTERN RESERVE HOSPITAL,360150,OH,READM-30-PN-HRRP,68.0,,1.0279,15.0036,14.597,12.0,07/01/2021,06/30/2024,2.07404
SUMMA WESTERN RESERVE HOSPITAL,360150,OH,READM-30-HF-HRRP,71.0,,1.0104,18.6725,18.48,14.0,07/01/2021,06/30/2024,0.8792000000000009
SUMMA WESTERN RESERVE HOSPITAL,360150,OH,READM-30-COPD-HRRP,60.0,,1.0392,18.5225,17.8239,14.0,07/01/2021,06/30/2024,3.3056600000000014
DOCTORS HOSPITAL,360152,OH,READM-30-PN-HRRP,190.0,,1.0609,16.8654,15.8968,36.0,07/01/2021,06/30/2024,5.79608
DOCTORS HOSPITAL,360152,OH,READM-30-COPD-HRRP,64.0,,1.0306,21.3328,20.7002,16.0,07/01/2021,06/30/2024,2.7518720000000005
SOUTHWEST GENERAL HEALTH CENTER,360155,OH,READM-30-PN-HRRP,545.0,,1.0896,17.6461,16.1954,102.0,07/01/2021,06/30/2024,13.735070000000007
SOUTHWEST GENERAL HEALTH CENTER,360155,OH,READM-30-HIP-KNEE-HRRP,255.0,,1.1614,5.9914,5.1587,17.0,07/01/2021,06/30/2024,3.845315000000001
SOUTHWEST GENERAL HEALTH CENTER,360155,OH,READM-30-HF-HRRP,427.0,,1.0767,20.7545,19.2766,94.0,07/01/2021,06/30/2024,11.688918000000001
SOUTHWEST GENERAL HEALTH CENTER,360155,OH,READM-30-AMI-HRRP,165.0,,1.131,14.3808,12.7151,30.0,07/01/2021,06/30/2024,9.020085000000002
MEMORIAL HOSPITAL,360156,OH,READM-30-HF-HRRP,106.0,,1.0066,17.4916,17.3773,19.0,07/01/2021,06/30/2024,0.5800619999999981
ADENA REGIONAL MEDICAL CENTER,360159,OH,READM-30-COPD-HRRP,135.0,,1.0385,20.1175,19.3713,30.0,07/01/2021,06/30/2024,3.8487449999999974
ADENA REGIONAL MEDICAL CENTER,360159,OH,READM-30-AMI-HRRP,186.0,,1.1109,16.903,15.2162,37.0,07/01/2021,06/30/2024,8.697867999999996
MH ST JOSEPH WARREN HOSPITAL,360161,OH,READM-30-HF-HRRP,262.0,,1.0016,20.1833,20.1504,53.0,07/01/2021,06/30/2024,0.20595199999999636
CHRIST HOSPITAL,360163,OH,READM-30-PN-HRRP,534.0,,1.0576,17.6374,16.6771,98.0,07/01/2021,06/30/2024,8.944286000000005
CHRIST HOSPITAL,360163,OH,READM-30-COPD-HRRP,154.0,,1.0008,18.7906,18.7749,29.0,07/01/2021,06/30/2024,0.08665399999999934
CHRIST HOSPITAL,360163,OH,READM-30-CABG-HRRP,186.0,,1.008,9.5685,9.4928,18.0,07/01/2021,06/30/2024,0.3433919999999979
BERGER HOSPITAL,360170,OH,READM-30-HF-HRRP,108.0,,1.1053,21.8429,19.7621,31.0,07/01/2021,06/30/2024,9.656932000000001
MERCY REGIONAL MEDICAL CENTER,360172,OH,READM-30-HF-HRRP,279.0,,1.035,20.9564,20.2474,61.0,07/01/2021,06/30/2024,4.509754000000001
MERCY REGIONAL MEDICAL CENTER,360172,OH,READM-30-COPD-HRRP,125.0,,1.0802,19.409,17.9673,30.0,07/01/2021,06/30/2024,7.540874999999996
MERCY REGIONAL MEDICAL CENTER,360172,OH,READM-30-AMI-HRRP,73.0,,1.0696,13.1473,12.2922,13.0,07/01/2021,06/30/2024,4.026694000000001
UPPER VALLEY MEDICAL CENTER,360174,OH,READM-30-HF-HRRP,254.0,,1.0754,20.3674,18.939,57.0,07/01/2021,06/30/2024,8.894939999999998
UPPER VALLEY MEDICAL CENTER,360174,OH,READM-30-COPD-HRRP,56.0,,1.0597,19.032,17.9593,15.0,07/01/2021,06/30/2024,4.942792000000001
UPPER VALLEY MEDICAL CENTER,360174,OH,READM-30-AMI-HRRP,65.0,,1.0513,13.0265,12.3907,11.0,07/01/2021,06/30/2024,2.946045
CLINTON MEMORIAL HOSPITAL,360175,OH,READM-30-PN-HRRP,75.0,,1.0327,15.778,15.2786,14.0,07/01/2021,06/30/2024,2.5410500000000003
CLINTON MEMORIAL HOSPITAL,360175,OH,READM-30-HF-HRRP,54.0,,1.0797,21.0513,19.4976,17.0,07/01/2021,06/30/2024,6.471296000000001
BETHESDA NORTH,360179,OH,READM-30-PN-HRRP,775.0,,1.0821,16.3526,15.1114,132.0,07/01/2021,06/30/2024,14.886650000000003
BETHESDA NORTH,360179,OH,READM-30-HF-HRRP,837.0,,1.0385,18.6746,17.9822,159.0,07/01/2021,06/30/2024,8.488986000000011
BETHESDA NORTH,360179,OH,READM-30-COPD-HRRP,233.0,,1.0591,17.5117,16.535,45.0,07/01/2021,06/30/2024,6.47345
BETHESDA NORTH,360179,OH,READM-30-AMI-HRRP,422.0,,1.0217,12.7764,12.5053,55.0,07/01/2021,06/30/2024,2.227634000000002
CLEVELAND CLINIC,360180,OH,READM-30-PN-HRRP,327.0,,1.0817,20.3221,18.7878,72.0,07/01/2021,06/30/2024,10.563893999999998
CLEVELAND CLINIC,360180,OH,READM-30-COPD-HRRP,141.0,,1.0373,20.0033,19.2845,31.0,07/01/2021,06/30/2024,3.8088549999999977
CLEVELAND CLINIC,360180,OH,READM-30-AMI-HRRP,503.0,,1.0677,15.8186,14.8161,83.0,07/01/2021,06/30/2024,8.475016999999994
MADISON HEALTH,360189,OH,READM-30-HF-HRRP,40.0,,1.0497,18.7578,17.8692,11.0,07/01/2021,06/30/2024,3.8523200000000006
TRINITY MEDICAL CTR EAST &TRINITY MEDICAL CTR WEST,360211,OH,READM-30-PN-HRRP,163.0,,1.0179,18.2714,17.9502,31.0,07/01/2021,06/30/2024,1.7411740000000009
TRINITY MEDICAL CTR EAST &TRINITY MEDICAL CTR WEST,360211,OH,READM-30-HF-HRRP,291.0,,1.0895,22.55,20.6978,72.0,07/01/2021,06/30/2024,11.769402
TRINITY MEDICAL CTR EAST &TRINITY MEDICAL CTR WEST,360211,OH,READM-30-AMI-HRRP,116.0,,1.0799,15.5251,14.3762,22.0,07/01/2021,06/30/2024,5.323608
LICKING MEMORIAL HOSPITAL,360218,OH,READM-30-PN-HRRP,240.0,,1.056,15.9918,15.1438,42.0,07/01/2021,06/30/2024,5.654879999999999
LICKING MEMORIAL HOSPITAL,360218,OH,READM-30-HF-HRRP,309.0,,1.0658,19.556,18.3491,65.0,07/01/2021,06/30/2024,8.301281000000003
LICKING MEMORIAL HOSPITAL,360218,OH,READM-30-COPD-HRRP,106.0,,1.0113,18.0878,17.8862,20.0,07/01/2021,06/30/2024,1.0406280000000017
HILLCREST HOSPITAL,360230,OH,READM-30-HF-HRRP,1026.0,,1.0011,20.1674,20.1446,207.0,07/01/2021,06/30/2024,0.31640399999997726
HILLCREST HOSPITAL,360230,OH,READM-30-COPD-HRRP,216.0,,1.0134,18.9887,18.7384,42.0,07/01/2021,06/30/2024,1.5250559999999993
HILLCREST HOSPITAL,360230,OH,READM-30-CABG-HRRP,97.0,,1.0223,10.7476,10.5133,11.0,07/01/2021,06/30/2024,0.8020990000000001
MERCY HEALTH - WEST HOSPITAL,360234,OH,READM-30-PN-HRRP,462.0,,1.0207,15.7222,15.4037,74.0,07/01/2021,06/30/2024,2.8349060000000037
MERCY HEALTH - WEST HOSPITAL,360234,OH,READM-30-HF-HRRP,370.0,,1.061,20.7218,19.5299,81.0,07/01/2021,06/30/2024,8.739369999999994
MERCY HEALTH - WEST HOSPITAL,360234,OH,READM-30-COPD-HRRP,109.0,,1.0619,20.5491,19.3504,27.0,07/01/2021,06/30/2024,5.9080639999999995
MERCY HEALTH - WEST HOSPITAL,360234,OH,READM-30-AMI-HRRP,147.0,,1.0993,14.3825,13.0838,26.0,07/01/2021,06/30/2024,6.766814
MERCY HEALTH - CLERMONT HOSPITAL,360236,OH,READM-30-PN-HRRP,333.0,,1.0397,17.5162,16.8466,61.0,07/01/2021,06/30/2024,4.900822000000005
MERCY HEALTH - CLERMONT HOSPITAL,360236,OH,READM-30-COPD-HRRP,150.0,,1.0146,18.6143,18.3458,29.0,07/01/2021,06/30/2024,1.4812999999999974
KETTERING HEALTH MIAMISBURG,360239,OH,READM-30-PN-HRRP,181.0,,1.0054,16.3724,16.2838,30.0,07/01/2021,06/30/2024,0.526322000000004
KETTERING HEALTH MIAMISBURG,360239,OH,READM-30-HF-HRRP,286.0,,1.0927,22.8605,20.9208,72.0,07/01/2021,06/30/2024,12.166511999999997
KETTERING HEALTH MIAMISBURG,360239,OH,READM-30-COPD-HRRP,78.0,,1.0186,21.2796,20.8906,18.0,07/01/2021,06/30/2024,1.705332000000002
BAY PARK COMMUNITY HOSPITAL,360259,OH,READM-30-PN-HRRP,133.0,,1.0431,15.9262,15.2678,24.0,07/01/2021,06/30/2024,3.6938260000000014
BAY PARK COMMUNITY HOSPITAL,360259,OH,READM-30-COPD-HRRP,52.0,,1.0408,17.4801,16.7944,12.0,07/01/2021,06/30/2024,3.2669120000000014
MERCY HEALTH - DEFIANCE HOSPITAL,360270,OH,READM-30-HF-HRRP,118.0,,1.0031,20.9951,20.9304,25.0,07/01/2021,06/30/2024,0.30212799999999973
HMHP ST ELIZABETH BOARDMAN HEALTH CENTER,360276,OH,READM-30-PN-HRRP,426.0,,1.0866,17.453,16.0626,80.0,07/01/2021,06/30/2024,11.573324
HMHP ST ELIZABETH BOARDMAN HEALTH CENTER,360276,OH,READM-30-HF-HRRP,539.0,,1.0698,21.1575,19.777,119.0,07/01/2021,06/30/2024,12.401970000000006
HMHP ST ELIZABETH BOARDMAN HEALTH CENTER,360276,OH,READM-30-COPD-HRRP,190.0,,1.0357,17.091,16.5018,35.0,07/01/2021,06/30/2024,3.64658
WEST CHESTER HOSPITAL,360354,OH,READM-30-HF-HRRP,348.0,,1.2312,24.0,19.4926,99.0,07/01/2021,06/30/2024,31.165751999999998
WEST CHESTER HOSPITAL,360354,OH,READM-30-COPD-HRRP,112.0,,1.0073,19.1568,19.0178,22.0,07/01/2021,06/30/2024,0.7000639999999976
WEST CHESTER HOSPITAL,360354,OH,READM-30-AMI-HRRP,127.0,,1.0076,13.0851,12.9869,17.0,07/01/2021,06/30/2024,0.5066369999999978
UNIVERSITY HOSPITALS AHUJA MEDICAL CENTER,360359,OH,READM-30-PN-HRRP,419.0,,1.101,16.8226,15.2792,77.0,07/01/2021,06/30/2024,12.980152000000004
UNIVERSITY HOSPITALS AHUJA MEDICAL CENTER,360359,OH,READM-30-HF-HRRP,542.0,,1.0985,21.4219,19.5019,123.0,07/01/2021,06/30/2024,17.299701999999996
UNIVERSITY HOSPITALS AHUJA MEDICAL CENTER,360359,OH,READM-30-AMI-HRRP,108.0,,1.0142,12.3088,12.1359,14.0,07/01/2021,06/30/2024,0.8932280000000006
SOIN MEDICAL CENTER,360360,OH,READM-30-HF-HRRP,364.0,,1.2443,25.666,20.627,110.0,07/01/2021,06/30/2024,34.91772
SOIN MEDICAL CENTER,360360,OH,READM-30-COPD-HRRP,137.0,,1.134,21.4924,18.9522,39.0,07/01/2021,06/30/2024,13.035485999999995
SOIN MEDICAL CENTER,360360,OH,READM-30-AMI-HRRP,126.0,,1.0029,14.1664,14.1252,18.0,07/01/2021,06/30/2024,0.20224800000000087
CLEVELAND CLINIC AVON HOSPITAL,360364,OH,READM-30-PN-HRRP,451.0,,1.0313,17.2723,16.7477,80.0,07/01/2021,06/30/2024,4.4678730000000115
CLEVELAND CLINIC AVON HOSPITAL,360364,OH,READM-30-COPD-HRRP,126.0,,1.0201,18.6779,18.3101,25.0,07/01/2021,06/30/2024,1.929274000000003
AVITA ONTARIO,360365,OH,READM-30-HF-HRRP,45.0,,1.0286,21.9717,21.3612,12.0,07/01/2021,06/30/2024,2.387460000000001
HILLCREST MEDICAL CENTER,370001,OK,READM-30-CABG-HRRP,148.0,,1.0002,12.1587,12.1564,18.0,07/01/2021,06/30/2024,0.008528000000001867
NORMAN REGIONAL,370008,OK,READM-30-HF-HRRP,328.0,,1.0884,21.2829,19.555,76.0,07/01/2021,06/30/2024,11.8596
NORMAN REGIONAL,370008,OK,READM-30-AMI-HRRP,224.0,,1.0636,13.3399,12.5427,33.0,07/01/2021,06/30/2024,4.904351999999996
ALLIANCEHEALTH DURANT,370014,OK,READM-30-PN-HRRP,415.0,,1.2349,20.5516,16.6427,100.0,07/01/2021,06/30/2024,30.932795
ALLIANCEHEALTH DURANT,370014,OK,READM-30-HF-HRRP,191.0,,1.1813,24.3157,20.5842,59.0,07/01/2021,06/30/2024,19.684178000000003
ALLIANCEHEALTH DURANT,370014,OK,READM-30-COPD-HRRP,201.0,,1.1467,23.008,20.0653,57.0,07/01/2021,06/30/2024,16.668747000000003
ALLIANCEHEALTH DURANT,370014,OK,READM-30-AMI-HRRP,168.0,,1.0882,18.7034,17.1882,36.0,07/01/2021,06/30/2024,7.123824000000003
ASCENSION ST JOHN JANE PHILLIPS,370018,OK,READM-30-PN-HRRP,232.0,29,1.0347,14.5584,14.0703,36.0,07/01/2021,06/30/2024,3.356904
MERCY HOSPITAL ADA,370020,OK,READM-30-PN-HRRP,299.0,,1.0798,17.005,15.7482,56.0,07/01/2021,06/30/2024,8.912881999999996
MERCY HOSPITAL ADA,370020,OK,READM-30-HF-HRRP,172.0,,1.0736,19.7156,18.3635,39.0,07/01/2021,06/30/2024,7.41478
MERCY HOSPITAL ADA,370020,OK,READM-30-COPD-HRRP,68.0,,1.0002,20.5681,20.5644,14.0,07/01/2021,06/30/2024,0.016208000000000666
"DUNCAN REGIONAL HOSPITAL, INC",370023,OK,READM-30-PN-HRRP,378.0,,1.0406,15.4428,14.8397,61.0,07/01/2021,06/30/2024,4.905934000000002
SAINT FRANCIS HOSPITAL MUSKOGEE,370025,OK,READM-30-PN-HRRP,411.0,,1.0801,18.4214,17.0548,81.0,07/01/2021,06/30/2024,10.904771999999994
SAINT FRANCIS HOSPITAL MUSKOGEE,370025,OK,READM-30-HIP-KNEE-HRRP,102.0,,1.5217,7.0468,4.631,12.0,07/01/2021,06/30/2024,7.27638
SAINT FRANCIS HOSPITAL MUSKOGEE,370025,OK,READM-30-HF-HRRP,450.0,,1.0014,21.7552,21.7256,98.0,07/01/2021,06/30/2024,0.2347999999999928
SAINT FRANCIS HOSPITAL MUSKOGEE,370025,OK,READM-30-COPD-HRRP,159.0,,1.0214,20.9908,20.5504,35.0,07/01/2021,06/30/2024,2.324863999999998
"INTEGRIS BAPTIST MEDICAL CENTER, INC",370028,OK,READM-30-CABG-HRRP,174.0,,1.0481,10.7928,10.2979,20.0,07/01/2021,06/30/2024,2.0816540000000003
"INTEGRIS BAPTIST MEDICAL CENTER, INC",370028,OK,READM-30-AMI-HRRP,326.0,,1.0647,13.4456,12.6287,47.0,07/01/2021,06/30/2024,5.830437999999994
MCALESTER REGIONAL HEALTH CENTER,370034,OK,READM-30-HF-HRRP,150.0,,1.0213,19.6503,19.2406,31.0,07/01/2021,06/30/2024,2.1391000000000027
MCALESTER REGIONAL HEALTH CENTER,370034,OK,READM-30-COPD-HRRP,67.0,,1.0514,16.9716,16.1412,15.0,07/01/2021,06/30/2024,4.185396000000001
"MERCY HOSPITAL ARDMORE, INC",370047,OK,READM-30-PN-HRRP,479.0,,1.0283,17.5564,17.0734,86.0,07/01/2021,06/30/2024,4.218413999999996
"MERCY HOSPITAL ARDMORE, INC",370047,OK,READM-30-HF-HRRP,284.0,,1.0591,21.7477,20.5348,66.0,07/01/2021,06/30/2024,7.6811679999999996
"MERCY HOSPITAL ARDMORE, INC",370047,OK,READM-30-COPD-HRRP,112.0,,1.0059,18.3641,18.2565,21.0,07/01/2021,06/30/2024,0.5527200000000008
STILLWATER MEDICAL CENTER,370049,OK,READM-30-PN-HRRP,257.0,,1.0018,14.7406,14.7144,38.0,07/01/2021,06/30/2024,0.18399200000000349
STILLWATER MEDICAL CENTER,370049,OK,READM-30-HF-HRRP,240.0,,1.1092,19.8302,17.8772,55.0,07/01/2021,06/30/2024,12.094720000000002
STILLWATER MEDICAL CENTER,370049,OK,READM-30-AMI-HRRP,95.0,,1.0074,11.1961,11.1139,11.0,07/01/2021,06/30/2024,0.4417950000000008
COMANCHE COUNTY MEMORIAL HOSPITAL,370056,OK,READM-30-PN-HRRP,528.0,,1.0396,18.4333,17.7319,100.0,07/01/2021,06/30/2024,6.375568000000001
COMANCHE COUNTY MEMORIAL HOSPITAL,370056,OK,READM-30-HF-HRRP,600.0,,1.1801,22.7853,19.3077,149.0,07/01/2021,06/30/2024,33.153800000000004
COMANCHE COUNTY MEMORIAL HOSPITAL,370056,OK,READM-30-AMI-HRRP,134.0,,1.0812,12.7709,11.8112,21.0,07/01/2021,06/30/2024,5.172992000000001
OKLAHOMA STATE UNIVERSITY MEDICAL CENTER,370078,OK,READM-30-PN-HRRP,115.0,,1.0367,16.1625,15.5897,21.0,07/01/2021,06/30/2024,3.0718449999999997
OKLAHOMA STATE UNIVERSITY MEDICAL CENTER,370078,OK,READM-30-HF-HRRP,157.0,,1.0214,20.6671,20.2345,34.0,07/01/2021,06/30/2024,2.2318350000000002
OKLAHOMA STATE UNIVERSITY MEDICAL CENTER,370078,OK,READM-30-AMI-HRRP,80.0,,1.0511,15.4718,14.7197,15.0,07/01/2021,06/30/2024,3.22424
NORTHEASTERN HEALTH SYSTEM,370089,OK,READM-30-HF-HRRP,174.0,,1.1018,21.2044,19.246,44.0,07/01/2021,06/30/2024,10.511960000000002
NORTHEASTERN HEALTH SYSTEM,370089,OK,READM-30-COPD-HRRP,51.0,,1.0019,21.282,21.242,11.0,07/01/2021,06/30/2024,0.16657999999999973
NORTHEASTERN HEALTH SYSTEM,370089,OK,READM-30-AMI-HRRP,59.0,,1.0646,16.4113,15.4151,13.0,07/01/2021,06/30/2024,3.9050909999999988
"SAINT FRANCIS HOSPITAL, INC",370091,OK,READM-30-COPD-HRRP,382.0,,1.0326,20.8193,20.161,82.0,07/01/2021,06/30/2024,4.984979999999993
O U MEDICAL CENTER,370093,OK,READM-30-PN-HRRP,318.0,,1.0222,17.7651,17.3784,58.0,07/01/2021,06/30/2024,2.736688000000001
O U MEDICAL CENTER,370093,OK,READM-30-HF-HRRP,263.0,,1.0041,20.7991,20.7149,55.0,07/01/2021,06/30/2024,0.5198129999999992
SSM HEALTH ST ANTHONY HOSPITAL - MIDWEST,370094,OK,READM-30-PN-HRRP,317.0,,1.0615,16.406,15.4549,56.0,07/01/2021,06/30/2024,7.007967000000001
SSM HEALTH ST ANTHONY HOSPITAL - MIDWEST,370094,OK,READM-30-HF-HRRP,142.0,,1.0566,21.7631,20.5968,35.0,07/01/2021,06/30/2024,5.752543999999997
SSM HEALTH ST ANTHONY HOSPITAL - MIDWEST,370094,OK,READM-30-AMI-HRRP,80.0,,1.1321,18.0055,15.9046,21.0,07/01/2021,06/30/2024,8.27632
SOUTHWESTERN MEDICAL CENTER,370097,OK,READM-30-HF-HRRP,74.0,,1.101,22.7022,20.6188,24.0,07/01/2021,06/30/2024,8.742087999999999
CHOCTAW MEMORIAL HOSPITAL,370100,OK,READM-30-HF-HRRP,51.0,,1.0578,17.7322,16.7626,13.0,07/01/2021,06/30/2024,4.451074
INTEGRIS SOUTHWEST MEDICAL CENTER,370106,OK,READM-30-COPD-HRRP,135.0,,1.0626,20.9988,19.7622,33.0,07/01/2021,06/30/2024,6.32103
INTEGRIS SOUTHWEST MEDICAL CENTER,370106,OK,READM-30-AMI-HRRP,75.0,,1.0149,14.9725,14.7526,12.0,07/01/2021,06/30/2024,0.935550000000001
INTEGRIS GROVE HOSPITAL,370113,OK,READM-30-HF-HRRP,54.0,,1.0098,19.0781,18.8929,11.0,07/01/2021,06/30/2024,0.7978339999999999
ASCENSION ST JOHN MEDICAL CENTER,370114,OK,READM-30-COPD-HRRP,137.0,29,1.0131,20.4393,20.1753,29.0,07/01/2021,06/30/2024,1.359839000000001
ASCENSION ST JOHN MEDICAL CENTER,370114,OK,READM-30-AMI-HRRP,224.0,29,1.0305,13.6057,13.2032,32.0,07/01/2021,06/30/2024,2.4248319999999985
SSM HEALTH ST ANTHONY HOSPITAL - SHAWNEE,370149,OK,READM-30-PN-HRRP,213.0,,1.0302,15.5135,15.0587,35.0,07/01/2021,06/30/2024,2.9249689999999973
CHEROKEE NATION W W HASTINGS INDIAN HOSPITAL,370171,OK,READM-30-HF-HRRP,90.0,,1.0292,18.8206,18.2875,19.0,07/01/2021,06/30/2024,2.541249999999998
HILLCREST HOSPITAL SOUTH,370202,OK,READM-30-COPD-HRRP,108.0,,1.0846,20.2204,18.6435,28.0,07/01/2021,06/30/2024,7.865020000000001
INTEGRIS CANADIAN VALLEY HOSPITAL,370211,OK,READM-30-PN-HRRP,244.0,,1.002,13.4728,13.4465,33.0,07/01/2021,06/30/2024,0.1905399999999986
"OKLAHOMA HEART HOSPITAL, LLC",370215,OK,READM-30-PN-HRRP,162.0,,1.0326,16.5823,16.0581,29.0,07/01/2021,06/30/2024,2.9858779999999996
"OKLAHOMA HEART HOSPITAL, LLC",370215,OK,READM-30-CABG-HRRP,791.0,,1.0104,10.2066,10.1014,81.0,07/01/2021,06/30/2024,1.097926000000001
"OKLAHOMA HEART HOSPITAL, LLC",370215,OK,READM-30-AMI-HRRP,951.0,,1.0277,12.5797,12.2406,121.0,07/01/2021,06/30/2024,4.591893999999996
"SAINT FRANCIS HOSPITAL SOUTH, LLC",370218,OK,READM-30-PN-HRRP,293.0,,1.0428,14.7621,14.1564,46.0,07/01/2021,06/30/2024,4.521748000000002
"SAINT FRANCIS HOSPITAL SOUTH, LLC",370218,OK,READM-30-COPD-HRRP,116.0,,1.0364,17.5507,16.9336,23.0,07/01/2021,06/30/2024,3.3570240000000027
INTEGRIS HEALTH EDMOND HOSPITAL,370236,OK,READM-30-AMI-HRRP,76.0,,1.0701,13.8858,12.9757,14.0,07/01/2021,06/30/2024,4.138468
"SAINT FRANCIS HOSPITAL VINITA, INC",370237,OK,READM-30-PN-HRRP,139.0,,1.0786,15.1515,14.0479,26.0,07/01/2021,06/30/2024,6.473419
PROVIDENCE ST VINCENT MEDICAL CENTER,380004,OR,READM-30-PN-HRRP,283.0,,1.0161,14.4719,14.2423,42.0,07/01/2021,06/30/2024,1.6942909999999998
LEGACY EMANUEL MEDICAL CENTER,380007,OR,READM-30-HF-HRRP,141.0,,1.0264,20.6426,20.1123,31.0,07/01/2021,06/30/2024,2.641656999999995
OHSU HOSPITAL AND CLINICS,380009,OR,READM-30-AMI-HRRP,138.0,,1.0553,13.9402,13.2099,22.0,07/01/2021,06/30/2024,3.7703380000000024
GOOD SAMARITAN REGIONAL MEDICAL CENTER,380014,OR,READM-30-PN-HRRP,129.0,,1.0296,14.0429,13.6394,20.0,07/01/2021,06/30/2024,2.405173999999999
LEGACY GOOD SAMARITAN MEDICAL CENTER,380017,OR,READM-30-PN-HRRP,97.0,,1.0191,16.2235,15.9196,17.0,07/01/2021,06/30/2024,1.557988
LEGACY GOOD SAMARITAN MEDICAL CENTER,380017,OR,READM-30-HF-HRRP,190.0,,1.012,20.0708,19.8319,39.0,07/01/2021,06/30/2024,1.3193899999999985
MCKENZIE-WILLAMETTE MEDICAL CENTER,380020,OR,READM-30-PN-HRRP,112.0,,1.0289,14.4127,14.0073,18.0,07/01/2021,06/30/2024,2.3118239999999997
HILLSBORO MEDICAL CENTER,380021,OR,READM-30-PN-HRRP,114.0,,1.0068,15.3921,15.2883,18.0,07/01/2021,06/30/2024,0.5713380000000008
PROVIDENCE WILLAMETTE FALLS MEDICAL CENTER,380038,OR,READM-30-PN-HRRP,110.0,,1.003,13.4615,13.4213,15.0,07/01/2021,06/30/2024,0.2365700000000004
SKY LAKES MEDICAL CENTER,380050,OR,READM-30-HF-HRRP,236.0,,1.0302,20.2704,19.6756,50.0,07/01/2021,06/30/2024,3.565584000000001
SAINT ALPHONSUS MEDICAL CENTER ONTARIO,380052,OR,READM-30-HF-HRRP,57.0,,1.0146,19.235,18.9585,12.0,07/01/2021,06/30/2024,1.1936549999999997
WILLAMETTE VALLEY MEDICAL CENTER,380071,OR,READM-30-COPD-HRRP,47.0,,1.0703,17.3068,16.1698,13.0,07/01/2021,06/30/2024,5.400194000000001
BAY AREA HOSPITAL,380090,OR,READM-30-HF-HRRP,395.0,,1.0521,20.5789,19.559,85.0,07/01/2021,06/30/2024,7.741949999999989
BAY AREA HOSPITAL,380090,OR,READM-30-COPD-HRRP,135.0,,1.0572,19.1465,18.1099,30.0,07/01/2021,06/30/2024,5.551634999999997
BAY AREA HOSPITAL,380090,OR,READM-30-AMI-HRRP,210.0,,1.0084,13.6076,13.4949,29.0,07/01/2021,06/30/2024,0.6607100000000017
GEISINGER-COMMUNITY MEDICAL CENTER,390001,PA,READM-30-PN-HRRP,571.0,,1.0984,17.796,16.2023,108.0,07/01/2021,06/30/2024,15.484866999999994
GEISINGER-COMMUNITY MEDICAL CENTER,390001,PA,READM-30-AMI-HRRP,163.0,,1.0093,12.5981,12.4825,21.0,07/01/2021,06/30/2024,0.6535249999999984
GEISINGER-BLOOMSBURG HOSPITAL,390003,PA,READM-30-HF-HRRP,74.0,,1.0128,17.7137,17.4899,14.0,07/01/2021,06/30/2024,1.057474000000001
PENN STATE HEALTH HOLY SPIRIT MEDICAL CENTER,390004,PA,READM-30-HF-HRRP,385.0,,1.0254,20.0483,19.5525,79.0,07/01/2021,06/30/2024,3.722875000000002
PENN STATE HEALTH HOLY SPIRIT MEDICAL CENTER,390004,PA,READM-30-AMI-HRRP,110.0,,1.1173,14.865,13.3049,22.0,07/01/2021,06/30/2024,7.364610000000001
GEISINGER MEDICAL CENTER,390006,PA,READM-30-PN-HRRP,498.0,,1.09,17.9017,16.4235,95.0,07/01/2021,06/30/2024,13.210969999999989
GEISINGER MEDICAL CENTER,390006,PA,READM-30-HF-HRRP,586.0,,1.0837,21.5207,19.858,132.0,07/01/2021,06/30/2024,15.63212
GEISINGER MEDICAL CENTER,390006,PA,READM-30-CABG-HRRP,141.0,,1.0232,10.223,9.9912,15.0,07/01/2021,06/30/2024,0.912408000000001
SAINT VINCENT HOSPITAL,390009,PA,READM-30-COPD-HRRP,95.0,,1.0138,17.8854,17.6411,18.0,07/01/2021,06/30/2024,1.2409549999999996
SAINT VINCENT HOSPITAL,390009,PA,READM-30-AMI-HRRP,196.0,,1.0019,12.7062,12.682,25.0,07/01/2021,06/30/2024,0.1432799999999972
JEFFERSON LANSDALE HOSPITAL,390012,PA,READM-30-PN-HRRP,278.0,,1.033,14.6967,14.2267,43.0,07/01/2021,06/30/2024,3.449773999999998
JEFFERSON LANSDALE HOSPITAL,390012,PA,READM-30-HF-HRRP,411.0,,1.0489,19.1206,18.2294,82.0,07/01/2021,06/30/2024,7.077166000000005
JEFFERSON LANSDALE HOSPITAL,390012,PA,READM-30-COPD-HRRP,120.0,,1.0417,17.5086,16.8085,24.0,07/01/2021,06/30/2024,3.8298000000000023
WELLSPAN EVANGELICAL COMMUNITY HOSPITAL,390013,PA,READM-30-AMI-HRRP,91.0,,1.0337,12.482,12.0745,13.0,07/01/2021,06/30/2024,2.012205
UPMC JAMESON,390016,PA,READM-30-PN-HRRP,158.0,,1.0625,20.0882,18.907,36.0,07/01/2021,06/30/2024,6.126940000000001
TEMPLE HEALTH - CHESTNUT HILL HOSPITAL,390026,PA,READM-30-PN-HRRP,309.0,,1.0783,18.6946,17.3366,63.0,07/01/2021,06/30/2024,9.429905999999995
TEMPLE UNIVERSITY HOSPITAL,390027,PA,READM-30-HF-HRRP,712.0,,1.0611,22.5485,21.2495,165.0,07/01/2021,06/30/2024,13.703559999999982
TEMPLE UNIVERSITY HOSPITAL,390027,PA,READM-30-COPD-HRRP,393.0,,1.083,19.0835,17.6205,81.0,07/01/2021,06/30/2024,11.751435
UPMC MERCY,390028,PA,READM-30-COPD-HRRP,38.0,,1.0329,22.3081,21.5975,11.0,07/01/2021,06/30/2024,2.7929499999999994
SCHUYLKILL MEDICAL CENTER - SOUTH JACKSON STREET,390030,PA,READM-30-HF-HRRP,234.0,,1.0405,20.5575,19.757,51.0,07/01/2021,06/30/2024,4.768619999999991
ALLEGHENY VALLEY HOSPITAL,390032,PA,READM-30-HF-HRRP,140.0,,1.0168,19.1463,18.829,28.0,07/01/2021,06/30/2024,1.6393999999999984
ST LUKE'S HOSPITAL - UPPER BUCKS CAMPUS,390035,PA,READM-30-PN-HRRP,228.0,,1.0477,16.1723,15.4359,40.0,07/01/2021,06/30/2024,4.806148
ST LUKE'S HOSPITAL - UPPER BUCKS CAMPUS,390035,PA,READM-30-HF-HRRP,247.0,,1.0073,18.8176,18.6817,47.0,07/01/2021,06/30/2024,0.8562010000000058
HERITAGE VALLEY BEAVER,390036,PA,READM-30-AMI-HRRP,105.0,,1.0271,12.0636,11.7452,14.0,07/01/2021,06/30/2024,1.6675400000000007
HERITAGE VALLEY SEWICKLEY,390037,PA,READM-30-PN-HRRP,113.0,,1.0009,14.1066,14.0937,16.0,07/01/2021,06/30/2024,0.0741189999999996
UNIONTOWN HOSPITAL,390041,PA,READM-30-HF-HRRP,180.0,,1.0898,22.5027,20.6487,47.0,07/01/2021,06/30/2024,9.832340000000002
UNIONTOWN HOSPITAL,390041,PA,READM-30-COPD-HRRP,83.0,,1.0014,17.9481,17.9226,15.0,07/01/2021,06/30/2024,0.12424200000000063
UNIONTOWN HOSPITAL,390041,PA,READM-30-AMI-HRRP,64.0,,1.0422,13.8574,13.2961,11.0,07/01/2021,06/30/2024,2.4904960000000003
"WASHINGTON HOSPITAL, THE",390042,PA,READM-30-PN-HRRP,189.0,,1.0111,14.4308,14.2722,28.0,07/01/2021,06/30/2024,1.0255420000000015
"WASHINGTON HOSPITAL, THE",390042,PA,READM-30-HF-HRRP,203.0,,1.0242,17.3978,16.9865,37.0,07/01/2021,06/30/2024,2.5174050000000037
"WASHINGTON HOSPITAL, THE",390042,PA,READM-30-COPD-HRRP,52.0,,1.0337,16.5984,16.0566,11.0,07/01/2021,06/30/2024,2.650568
READING HOSPITAL,390044,PA,READM-30-PN-HRRP,923.0,,1.0719,17.7986,16.6052,169.0,07/01/2021,06/30/2024,15.734003999999999
READING HOSPITAL,390044,PA,READM-30-HF-HRRP,1368.0,,1.0129,20.3264,20.0678,279.0,07/01/2021,06/30/2024,4.472495999999978
READING HOSPITAL,390044,PA,READM-30-COPD-HRRP,287.0,,1.0451,21.1041,20.1937,64.0,07/01/2021,06/30/2024,6.0440809999999985
READING HOSPITAL,390044,PA,READM-30-CABG-HRRP,133.0,,1.1314,12.6008,11.1374,20.0,07/01/2021,06/30/2024,5.187258
UPMC WILLIAMSPORT,390045,PA,READM-30-COPD-HRRP,129.0,,1.0181,19.1116,18.7718,26.0,07/01/2021,06/30/2024,1.7843780000000002
UPMC WILLIAMSPORT,390045,PA,READM-30-AMI-HRRP,209.0,,1.0522,12.1877,11.583,28.0,07/01/2021,06/30/2024,3.791529999999998
WELLSPAN YORK HOSPITAL,390046,PA,READM-30-CABG-HRRP,104.0,,1.0341,9.7584,9.4369,11.0,07/01/2021,06/30/2024,1.1856240000000007
WELLSPAN YORK HOSPITAL,390046,PA,READM-30-AMI-HRRP,351.0,,1.0694,14.4069,13.4721,54.0,07/01/2021,06/30/2024,6.71292900000001
GEISINGER-LEWISTOWN HOSPITAL,390048,PA,READM-30-HF-HRRP,235.0,,1.0088,18.8844,18.7203,45.0,07/01/2021,06/30/2024,1.0072949999999992
ST LUKES HOSPITAL BETHLEHEM,390049,PA,READM-30-PN-HRRP,606.0,,1.037,16.9198,16.3167,105.0,07/01/2021,06/30/2024,6.1207979999999935
ST LUKES HOSPITAL BETHLEHEM,390049,PA,READM-30-HF-HRRP,1125.0,,1.1156,21.5116,19.2825,250.0,07/01/2021,06/30/2024,33.071875000000006
ST LUKES HOSPITAL BETHLEHEM,390049,PA,READM-30-CABG-HRRP,198.0,,1.0976,10.9096,9.9398,24.0,07/01/2021,06/30/2024,4.319196000000002
ST LUKES HOSPITAL BETHLEHEM,390049,PA,READM-30-AMI-HRRP,275.0,,1.0397,12.3867,11.9142,36.0,07/01/2021,06/30/2024,3.2359500000000025
ALLEGHENY GENERAL HOSPITAL,390050,PA,READM-30-HF-HRRP,358.0,,1.0066,21.6513,21.5095,78.0,07/01/2021,06/30/2024,0.9959900000000061
ALLEGHENY GENERAL HOSPITAL,390050,PA,READM-30-CABG-HRRP,141.0,,1.0628,10.2448,9.6396,16.0,07/01/2021,06/30/2024,2.408164000000001
PENN HIGHLANDS HUNTINGDON,390056,PA,READM-30-PN-HRRP,66.0,,1.0378,14.5347,14.0048,12.0,07/01/2021,06/30/2024,2.7568319999999993
ST LUKE'S HOSPITAL - GRAND VIEW CAMPUS,390057,PA,READM-30-PN-HRRP,344.0,29,1.0336,16.2178,15.6902,58.0,07/01/2021,06/30/2024,4.025711999999999
ST LUKE'S HOSPITAL - GRAND VIEW CAMPUS,390057,PA,READM-30-AMI-HRRP,74.0,29,1.0354,12.4995,12.0721,11.0,07/01/2021,06/30/2024,2.0666459999999987
UPMC CARLISLE,390058,PA,READM-30-HF-HRRP,264.0,,1.0531,20.162,19.1458,57.0,07/01/2021,06/30/2024,6.455087999999996
UPMC HAMOT,390063,PA,READM-30-HF-HRRP,575.0,,1.1106,21.9545,19.7685,134.0,07/01/2021,06/30/2024,20.331125
UPMC HAMOT,390063,PA,READM-30-COPD-HRRP,136.0,,1.0404,19.1479,18.4046,29.0,07/01/2021,06/30/2024,3.969744000000002
UPMC HAMOT,390063,PA,READM-30-CABG-HRRP,106.0,,1.0469,9.2871,8.8707,11.0,07/01/2021,06/30/2024,1.5970580000000005
UPMC PINNACLE HOSPITALS,390067,PA,READM-30-COPD-HRRP,203.0,,1.0559,18.2225,17.2576,41.0,07/01/2021,06/30/2024,5.967072000000002
UPMC PINNACLE HOSPITALS,390067,PA,READM-30-CABG-HRRP,236.0,,1.1892,12.4849,10.4984,34.0,07/01/2021,06/30/2024,9.223775999999997
UPMC PINNACLE HOSPITALS,390067,PA,READM-30-AMI-HRRP,381.0,,1.0587,13.1563,12.4273,53.0,07/01/2021,06/30/2024,5.651986999999998
UPMC LITITZ,390068,PA,READM-30-HF-HRRP,121.0,,1.0305,17.2717,16.7598,23.0,07/01/2021,06/30/2024,2.7206420000000016
LOWER BUCKS HOSPITAL,390070,PA,READM-30-HF-HRRP,70.0,,1.0533,20.3011,19.2743,18.0,07/01/2021,06/30/2024,4.5079899999999995
UPMC ALTOONA,390073,PA,READM-30-AMI-HRRP,113.0,,1.006,13.8864,13.8037,16.0,07/01/2021,06/30/2024,0.4018190000000015
ROBERT PACKER HOSPITAL,390079,PA,READM-30-COPD-HRRP,172.0,,1.0875,18.4961,17.0074,38.0,07/01/2021,06/30/2024,8.747271999999999
WEST PENN HOSPITAL,390090,PA,READM-30-PN-HRRP,63.0,,1.0109,19.4114,19.2015,13.0,07/01/2021,06/30/2024,0.9030550000000002
UPMC NORTHWEST,390091,PA,READM-30-PN-HRRP,209.0,,1.1278,19.4538,17.2495,49.0,07/01/2021,06/30/2024,12.948544999999996
UPMC NORTHWEST,390091,PA,READM-30-COPD-HRRP,73.0,,1.0128,17.8918,17.6649,14.0,07/01/2021,06/30/2024,1.1046230000000001
PENN STATE HEALTH ST. JOSEPH,390096,PA,READM-30-HF-HRRP,501.0,,1.0326,20.0934,19.4582,103.0,07/01/2021,06/30/2024,5.514417999999992
HOLY REDEEMER HOSPITAL AND MEDICAL CENTER,390097,PA,READM-30-HIP-KNEE-HRRP,255.0,,1.075,4.7768,4.4435,13.0,07/01/2021,06/30/2024,1.6690749999999994
HOLY REDEEMER HOSPITAL AND MEDICAL CENTER,390097,PA,READM-30-HF-HRRP,490.0,,1.054,18.8261,17.8613,96.0,07/01/2021,06/30/2024,8.47963
HOLY REDEEMER HOSPITAL AND MEDICAL CENTER,390097,PA,READM-30-AMI-HRRP,104.0,,1.0459,14.149,13.5282,17.0,07/01/2021,06/30/2024,2.9306719999999977
LANCASTER GENERAL HOSPITAL,390100,PA,READM-30-CABG-HRRP,172.0,,1.0986,10.8063,9.8362,21.0,07/01/2021,06/30/2024,4.081735999999999
LANCASTER GENERAL HOSPITAL,390100,PA,READM-30-AMI-HRRP,448.0,,1.0626,14.7088,13.8425,69.0,07/01/2021,06/30/2024,6.985600000000005
UPMC MEMORIAL,390101,PA,READM-30-PN-HRRP,152.0,,1.0314,15.7383,15.259,26.0,07/01/2021,06/30/2024,2.8063199999999995
UPMC MEMORIAL,390101,PA,READM-30-HF-HRRP,230.0,,1.0093,18.4091,18.2401,43.0,07/01/2021,06/30/2024,1.0477699999999999
UPMC ST MARGARET,390102,PA,READM-30-HIP-KNEE-HRRP,185.0,,1.482,6.2026,4.1853,16.0,07/01/2021,06/30/2024,8.257195
UPMC ST MARGARET,390102,PA,READM-30-HF-HRRP,225.0,,1.0334,21.1455,20.4621,50.0,07/01/2021,06/30/2024,3.960275000000003
UPMC PASSAVANT,390107,PA,READM-30-HF-HRRP,436.0,,1.0145,19.9436,19.6589,88.0,07/01/2021,06/30/2024,2.2871960000000087
UPMC PASSAVANT,390107,PA,READM-30-COPD-HRRP,81.0,,1.0002,17.2683,17.2653,14.0,07/01/2021,06/30/2024,0.015107000000000426
UPMC PASSAVANT,390107,PA,READM-30-AMI-HRRP,166.0,,1.0348,14.0052,13.5342,25.0,07/01/2021,06/30/2024,2.533228000000001
CONEMAUGH MEMORIAL MEDICAL CENTER,390110,PA,READM-30-PN-HRRP,292.0,,1.1529,21.2308,18.4147,72.0,07/01/2021,06/30/2024,18.229076
CONEMAUGH MEMORIAL MEDICAL CENTER,390110,PA,READM-30-HF-HRRP,221.0,,1.0023,19.834,19.7884,44.0,07/01/2021,06/30/2024,0.267635999999996
HOSPITAL OF UNIV OF PENNSYLVANIA,390111,PA,READM-30-PN-HRRP,316.0,,1.0858,21.5556,19.8528,74.0,07/01/2021,06/30/2024,11.265152000000008
HOSPITAL OF UNIV OF PENNSYLVANIA,390111,PA,READM-30-CABG-HRRP,270.0,,1.0324,10.8041,10.4645,30.0,07/01/2021,06/30/2024,1.7458500000000043
HOSPITAL OF UNIV OF PENNSYLVANIA,390111,PA,READM-30-AMI-HRRP,145.0,,1.0294,14.8315,14.4078,23.0,07/01/2021,06/30/2024,2.1086899999999993
CHAN SOON- SHIONG MEDICAL CENTER AT WINDBER,390112,PA,READM-30-HF-HRRP,53.0,,1.0257,17.4037,16.9683,11.0,07/01/2021,06/30/2024,2.0068009999999994
MEADVILLE MEDICAL CENTER,390113,PA,READM-30-HF-HRRP,216.0,,1.005,18.817,18.7242,41.0,07/01/2021,06/30/2024,0.555728000000002
JEFFERSON HEALTH- NORTHEAST,390115,PA,READM-30-PN-HRRP,468.0,,1.0699,17.8106,16.6463,88.0,07/01/2021,06/30/2024,10.095315999999997
JEFFERSON HEALTH- NORTHEAST,390115,PA,READM-30-HIP-KNEE-HRRP,222.0,,1.0699,5.0599,4.7292,12.0,07/01/2021,06/30/2024,1.501176000000001
JEFFERSON HEALTH- NORTHEAST,390115,PA,READM-30-HF-HRRP,839.0,,1.2197,24.2057,19.8449,218.0,07/01/2021,06/30/2024,51.501289000000014
JEFFERSON HEALTH- NORTHEAST,390115,PA,READM-30-COPD-HRRP,310.0,,1.1018,19.9055,18.0657,69.0,07/01/2021,06/30/2024,12.996330000000007
JEFFERSON HEALTH- NORTHEAST,390115,PA,READM-30-CABG-HRRP,102.0,,1.1005,13.1792,11.9756,16.0,07/01/2021,06/30/2024,3.7848880000000005
JEFFERSON HEALTH- NORTHEAST,390115,PA,READM-30-AMI-HRRP,185.0,,1.0959,15.2778,13.9408,33.0,07/01/2021,06/30/2024,7.209519999999998
SUBURBAN COMMUNITY HOSPITAL,390116,PA,READM-30-HF-HRRP,48.0,,1.032,20.2445,19.616,12.0,07/01/2021,06/30/2024,2.58432
UPMC BEDFORD MEMORIAL,390117,PA,READM-30-PN-HRRP,142.0,,1.0044,15.9904,15.9205,23.0,07/01/2021,06/30/2024,0.39288999999999774
POTTSTOWN HOSPITAL,390123,PA,READM-30-PN-HRRP,281.0,,1.0058,15.8777,15.7865,45.0,07/01/2021,06/30/2024,0.6399350000000013
POTTSTOWN HOSPITAL,390123,PA,READM-30-COPD-HRRP,99.0,,1.013,17.24,17.0194,18.0,07/01/2021,06/30/2024,1.1507939999999977
PHOENIXVILLE HOSPITAL,390127,PA,READM-30-PN-HRRP,269.0,,1.1271,17.8168,15.8077,56.0,07/01/2021,06/30/2024,13.477287000000004
PHOENIXVILLE HOSPITAL,390127,PA,READM-30-HF-HRRP,365.0,,1.0926,21.2357,19.4356,84.0,07/01/2021,06/30/2024,13.060059999999993
PHOENIXVILLE HOSPITAL,390127,PA,READM-30-COPD-HRRP,132.0,,1.0147,19.6184,19.3335,27.0,07/01/2021,06/30/2024,1.479779999999998
PHOENIXVILLE HOSPITAL,390127,PA,READM-30-AMI-HRRP,153.0,,1.1651,15.1275,12.9844,31.0,07/01/2021,06/30/2024,11.133867999999996
LEHIGH VALLEY HOSPITAL,390133,PA,READM-30-PN-HRRP,1329.0,,1.154,18.0053,15.6022,249.0,07/01/2021,06/30/2024,41.646761999999995
LEHIGH VALLEY HOSPITAL,390133,PA,READM-30-HIP-KNEE-HRRP,641.0,,1.2876,7.493,5.8195,51.0,07/01/2021,06/30/2024,13.697005000000004
LEHIGH VALLEY HOSPITAL,390133,PA,READM-30-HF-HRRP,2459.0,,1.0272,19.6852,19.1637,486.0,07/01/2021,06/30/2024,14.764617000000044
LEHIGH VALLEY HOSPITAL,390133,PA,READM-30-COPD-HRRP,555.0,,1.153,21.129,18.3257,128.0,07/01/2021,06/30/2024,26.292365000000004
LEHIGH VALLEY HOSPITAL,390133,PA,READM-30-AMI-HRRP,763.0,,1.0285,13.313,12.9441,103.0,07/01/2021,06/30/2024,4.236517000000006
WILKES-BARRE GENERAL HOSPITAL,390137,PA,READM-30-AMI-HRRP,165.0,,1.102,16.2906,14.7829,32.0,07/01/2021,06/30/2024,7.608215000000001
WELLSPAN WAYNESBORO HOSPITAL,390138,PA,READM-30-COPD-HRRP,61.0,,1.0829,16.8527,15.5624,16.0,07/01/2021,06/30/2024,6.506936
BRYN MAWR HOSPITAL,390139,PA,READM-30-HIP-KNEE-HRRP,324.0,,1.2329,6.9607,5.6458,25.0,07/01/2021,06/30/2024,6.7076080000000005
BRYN MAWR HOSPITAL,390139,PA,READM-30-HF-HRRP,718.0,,1.0936,20.9565,19.1631,157.0,07/01/2021,06/30/2024,19.408941999999996
BRYN MAWR HOSPITAL,390139,PA,READM-30-COPD-HRRP,206.0,,1.0446,18.8264,18.0234,42.0,07/01/2021,06/30/2024,4.871796000000003
BRYN MAWR HOSPITAL,390139,PA,READM-30-AMI-HRRP,117.0,,1.0634,13.5865,12.7761,19.0,07/01/2021,06/30/2024,4.051963000000002
JEFFERSON EINSTEIN PHILADELPHIA HOSPITAL,390142,PA,READM-30-PN-HRRP,123.0,,1.0212,18.3374,17.9575,24.0,07/01/2021,06/30/2024,1.912275000000001
JEFFERSON EINSTEIN PHILADELPHIA HOSPITAL,390142,PA,READM-30-HF-HRRP,322.0,,1.0369,23.9853,23.1315,80.0,07/01/2021,06/30/2024,5.5165700000000015
JEFFERSON EINSTEIN PHILADELPHIA HOSPITAL,390142,PA,READM-30-AMI-HRRP,63.0,,1.0593,18.8368,17.7825,15.0,07/01/2021,06/30/2024,3.7970250000000014
EXCELA HEALTH WESTMORELAND REGIONAL HOSPITAL,390145,PA,READM-30-HIP-KNEE-HRRP,392.0,,1.2573,4.7003,3.7385,21.0,07/01/2021,06/30/2024,6.345079999999999
EXCELA HEALTH WESTMORELAND REGIONAL HOSPITAL,390145,PA,READM-30-HF-HRRP,258.0,,1.1225,23.7584,21.1662,70.0,07/01/2021,06/30/2024,15.391204000000002
WARREN GENERAL HOSPITAL,390146,PA,READM-30-PN-HRRP,146.0,,1.0558,16.6895,15.8068,28.0,07/01/2021,06/30/2024,4.9220719999999965
WARREN GENERAL HOSPITAL,390146,PA,READM-30-COPD-HRRP,58.0,,1.0443,20.2139,19.3558,15.0,07/01/2021,06/30/2024,3.7736360000000015
PENN HIGHLANDS MON VALLEY,390147,PA,READM-30-HF-HRRP,87.0,,1.0978,17.7834,16.1986,22.0,07/01/2021,06/30/2024,7.907218
WELLSPAN CHAMBERSBURG HOSPITAL,390151,PA,READM-30-COPD-HRRP,147.0,,1.016,18.2483,17.9618,28.0,07/01/2021,06/30/2024,1.5961539999999985
WELLSPAN CHAMBERSBURG HOSPITAL,390151,PA,READM-30-AMI-HRRP,266.0,,1.0447,13.4513,12.8753,38.0,07/01/2021,06/30/2024,3.7517020000000016
PAOLI HOSPITAL,390153,PA,READM-30-COPD-HRRP,200.0,,1.0223,17.6966,17.3102,37.0,07/01/2021,06/30/2024,2.3796000000000035
MERCY CATHOLIC MEDICAL CENTER- MERCY FITZGERALD,390156,PA,READM-30-PN-HRRP,84.0,,1.0691,19.4267,18.1706,21.0,07/01/2021,06/30/2024,5.736696
MERCY CATHOLIC MEDICAL CENTER- MERCY FITZGERALD,390156,PA,READM-30-HF-HRRP,200.0,,1.0995,21.9722,19.9839,51.0,07/01/2021,06/30/2024,11.032200000000003
MERCY CATHOLIC MEDICAL CENTER- MERCY FITZGERALD,390156,PA,READM-30-COPD-HRRP,107.0,,1.0415,21.3339,20.4842,26.0,07/01/2021,06/30/2024,4.0819059999999965
CANONSBURG GENERAL HOSPITAL,390160,PA,READM-30-PN-HRRP,61.0,,1.0088,17.0475,16.8981,11.0,07/01/2021,06/30/2024,0.6921590000000002
CANONSBURG GENERAL HOSPITAL,390160,PA,READM-30-HF-HRRP,75.0,,1.0058,18.1205,18.0164,14.0,07/01/2021,06/30/2024,0.48769999999999847
ACMH HOSPITAL,390163,PA,READM-30-PN-HRRP,78.0,,1.112,15.4253,13.8719,19.0,07/01/2021,06/30/2024,8.179917999999999
UPMC PRESBYTERIAN SHADYSIDE,390164,PA,READM-30-HF-HRRP,541.0,,1.0141,22.1724,21.8649,121.0,07/01/2021,06/30/2024,2.7108910000000037
UPMC PRESBYTERIAN SHADYSIDE,390164,PA,READM-30-COPD-HRRP,107.0,,1.0165,19.4152,19.1007,22.0,07/01/2021,06/30/2024,1.5622509999999998
UPMC PRESBYTERIAN SHADYSIDE,390164,PA,READM-30-CABG-HRRP,136.0,,1.2072,12.5844,10.4246,22.0,07/01/2021,06/30/2024,7.822543999999999
UPMC PRESBYTERIAN SHADYSIDE,390164,PA,READM-30-AMI-HRRP,225.0,,1.0508,15.2898,14.5511,37.0,07/01/2021,06/30/2024,4.260024999999999
INDEPENDENCE HEALTH SYSTEM BUTLER MEMORIAL HOSPITA,390168,PA,READM-30-COPD-HRRP,75.0,,1.0389,18.9191,18.21,17.0,07/01/2021,06/30/2024,3.3424999999999994
INDEPENDENCE HEALTH SYSTEM BUTLER MEMORIAL HOSPITA,390168,PA,READM-30-AMI-HRRP,148.0,,1.0211,11.47,11.2335,18.0,07/01/2021,06/30/2024,1.3744200000000006
INDIANA REGIONAL MEDICAL CENTER,390173,PA,READM-30-HF-HRRP,136.0,,1.0767,18.9159,17.5677,31.0,07/01/2021,06/30/2024,7.107928000000005
THOMAS JEFFERSON UNIVERSITY HOSPITAL,390174,PA,READM-30-HIP-KNEE-HRRP,477.0,,1.3441,7.8701,5.8555,41.0,07/01/2021,06/30/2024,13.069264999999998
THOMAS JEFFERSON UNIVERSITY HOSPITAL,390174,PA,READM-30-HF-HRRP,666.0,,1.0924,22.5831,20.6733,157.0,07/01/2021,06/30/2024,19.315821999999997
THOMAS JEFFERSON UNIVERSITY HOSPITAL,390174,PA,READM-30-COPD-HRRP,165.0,,1.1376,21.8312,19.1906,46.0,07/01/2021,06/30/2024,14.335510000000003
THOMAS JEFFERSON UNIVERSITY HOSPITAL,390174,PA,READM-30-CABG-HRRP,99.0,,1.1201,11.1912,9.9916,14.0,07/01/2021,06/30/2024,4.108316
THOMAS JEFFERSON UNIVERSITY HOSPITAL,390174,PA,READM-30-AMI-HRRP,185.0,,1.0713,14.8443,13.8563,31.0,07/01/2021,06/30/2024,5.365845
UPMC HORIZON,390178,PA,READM-30-PN-HRRP,143.0,,1.0158,16.7402,16.4796,25.0,07/01/2021,06/30/2024,1.4341719999999967
CHESTER COUNTY HOSPITAL,390179,PA,READM-30-COPD-HRRP,356.0,,1.0069,18.3951,18.2689,66.0,07/01/2021,06/30/2024,0.9627160000000003
CHESTER COUNTY HOSPITAL,390179,PA,READM-30-AMI-HRRP,274.0,,1.0407,12.7706,12.271,37.0,07/01/2021,06/30/2024,3.3774599999999992
CROZER CHESTER MEDICAL CENTER,390180,PA,READM-30-HF-HRRP,241.0,,1.0326,20.1937,19.5566,51.0,07/01/2021,06/30/2024,3.8685940000000016
CROZER CHESTER MEDICAL CENTER,390180,PA,READM-30-AMI-HRRP,104.0,,1.0261,13.1543,12.8194,15.0,07/01/2021,06/30/2024,1.6678239999999995
ST LUKE'S MINERS MEMORIAL HOSPITAL,390183,PA,READM-30-HF-HRRP,244.0,,1.0856,21.3175,19.636,58.0,07/01/2021,06/30/2024,10.088160000000002
ST LUKE'S MINERS MEMORIAL HOSPITAL,390183,PA,READM-30-COPD-HRRP,49.0,,1.0428,18.2322,17.4837,12.0,07/01/2021,06/30/2024,3.4329870000000007
MAIN LINE HOSPITAL LANKENAU,390195,PA,READM-30-PN-HRRP,513.0,,1.0733,17.3838,16.197,94.0,07/01/2021,06/30/2024,10.909390000000002
MAIN LINE HOSPITAL LANKENAU,390195,PA,READM-30-COPD-HRRP,125.0,,1.0365,17.9019,17.2714,25.0,07/01/2021,06/30/2024,3.41075
LEHIGH VALLEY HOSPITAL - POCONO,390201,PA,READM-30-PN-HRRP,297.0,,1.052,15.7056,14.9293,50.0,07/01/2021,06/30/2024,5.659979
LEHIGH VALLEY HOSPITAL - POCONO,390201,PA,READM-30-COPD-HRRP,111.0,,1.0369,17.4638,16.8425,22.0,07/01/2021,06/30/2024,3.3048249999999975
LEHIGH VALLEY HOSPITAL - POCONO,390201,PA,READM-30-AMI-HRRP,105.0,,1.0843,13.2487,12.2188,18.0,07/01/2021,06/30/2024,5.170259999999999
DOYLESTOWN HOSPITAL,390203,PA,READM-30-PN-HRRP,655.0,,1.0093,15.4783,15.3352,102.0,07/01/2021,06/30/2024,1.5544399999999854
DOYLESTOWN HOSPITAL,390203,PA,READM-30-HIP-KNEE-HRRP,498.0,,1.0533,5.7033,5.4146,29.0,07/01/2021,06/30/2024,2.035292000000002
DOYLESTOWN HOSPITAL,390203,PA,READM-30-HF-HRRP,1097.0,,1.0284,19.7791,19.2334,219.0,07/01/2021,06/30/2024,8.009602000000001
DOYLESTOWN HOSPITAL,390203,PA,READM-30-CABG-HRRP,135.0,,1.1322,10.9744,9.6929,18.0,07/01/2021,06/30/2024,4.914585000000001
DOYLESTOWN HOSPITAL,390203,PA,READM-30-AMI-HRRP,343.0,,1.0995,13.1933,11.9993,50.0,07/01/2021,06/30/2024,8.842401000000002
NAZARETH HOSPITAL,390204,PA,READM-30-COPD-HRRP,98.0,,1.0071,22.8922,22.7318,23.0,07/01/2021,06/30/2024,0.7228360000000009
SHARON REGIONAL MEDICAL CENTER,390211,PA,READM-30-HF-HRRP,193.0,,1.0447,20.6133,19.7313,43.0,07/01/2021,06/30/2024,4.918590999999999
EXCELA HEALTH - FRICK HOSPITAL,390217,PA,READM-30-HF-HRRP,64.0,,1.0068,19.5519,19.4203,13.0,07/01/2021,06/30/2024,0.5710079999999991
RIDDLE MEMORIAL HOSPITAL,390222,PA,READM-30-HIP-KNEE-HRRP,364.0,,1.3126,6.5546,4.9937,27.0,07/01/2021,06/30/2024,8.822932000000002
RIDDLE MEMORIAL HOSPITAL,390222,PA,READM-30-COPD-HRRP,170.0,,1.0262,17.1419,16.705,31.0,07/01/2021,06/30/2024,2.601500000000005
RIDDLE MEMORIAL HOSPITAL,390222,PA,READM-30-AMI-HRRP,138.0,,1.0044,14.3299,14.2675,20.0,07/01/2021,06/30/2024,0.31085000000000207
PENN PRESBYTERIAN MEDICAL CENTER,390223,PA,READM-30-PN-HRRP,98.0,,1.032,18.1851,17.6214,20.0,07/01/2021,06/30/2024,2.7310279999999985
PENN PRESBYTERIAN MEDICAL CENTER,390223,PA,READM-30-COPD-HRRP,110.0,,1.0527,20.0589,19.0544,26.0,07/01/2021,06/30/2024,5.040159999999997
PENNSYLVANIA HOSPITAL,390226,PA,READM-30-PN-HRRP,138.0,,1.0058,15.6621,15.5716,22.0,07/01/2021,06/30/2024,0.5111920000000012
PENNSYLVANIA HOSPITAL,390226,PA,READM-30-HF-HRRP,355.0,,1.0314,21.0465,20.4047,77.0,07/01/2021,06/30/2024,4.563315000000003
PENNSYLVANIA HOSPITAL,390226,PA,READM-30-COPD-HRRP,95.0,,1.0233,20.258,19.7972,21.0,07/01/2021,06/30/2024,2.19266
ST CLAIR HOSPITAL,390228,PA,READM-30-HF-HRRP,487.0,,1.0937,18.8167,17.2052,98.0,07/01/2021,06/30/2024,14.210675999999992
ST CLAIR HOSPITAL,390228,PA,READM-30-COPD-HRRP,81.0,,1.0683,15.2404,14.2661,17.0,07/01/2021,06/30/2024,5.444458999999998
ST CLAIR HOSPITAL,390228,PA,READM-30-AMI-HRRP,119.0,,1.0592,11.086,10.4668,16.0,07/01/2021,06/30/2024,3.5445080000000004
JEFFERSON ABINGTON HOSPITAL,390231,PA,READM-30-PN-HRRP,791.0,,1.161,16.9405,14.591,144.0,07/01/2021,06/30/2024,28.58519000000001
JEFFERSON ABINGTON HOSPITAL,390231,PA,READM-30-HF-HRRP,1304.0,,1.1228,20.9793,18.6843,282.0,07/01/2021,06/30/2024,38.356727999999976
JEFFERSON ABINGTON HOSPITAL,390231,PA,READM-30-COPD-HRRP,299.0,,1.0314,18.2977,17.741,57.0,07/01/2021,06/30/2024,3.954410000000003
UPMC HANOVER,390233,PA,READM-30-AMI-HRRP,93.0,,1.1205,13.1603,11.7453,18.0,07/01/2021,06/30/2024,7.076871000000001
REGIONAL HOSPITAL OF SCRANTON,390237,PA,READM-30-PN-HRRP,537.0,,1.079,17.2917,16.0262,98.0,07/01/2021,06/30/2024,11.939306000000002
REGIONAL HOSPITAL OF SCRANTON,390237,PA,READM-30-HF-HRRP,698.0,,1.0315,19.7358,19.1324,140.0,07/01/2021,06/30/2024,6.455848000000003
MILTON S HERSHEY MEDICAL CENTER,390256,PA,READM-30-PN-HRRP,282.0,,1.0552,17.1532,16.2555,52.0,07/01/2021,06/30/2024,6.159489999999998
MILTON S HERSHEY MEDICAL CENTER,390256,PA,READM-30-HF-HRRP,550.0,,1.0118,20.0272,19.794,111.0,07/01/2021,06/30/2024,2.1329999999999956
ST MARY MEDICAL CENTER,390258,PA,READM-30-PN-HRRP,848.0,,1.0396,16.5538,15.9231,143.0,07/01/2021,06/30/2024,7.972111999999981
ST MARY MEDICAL CENTER,390258,PA,READM-30-HIP-KNEE-HRRP,199.0,,1.2338,5.3307,4.3205,13.0,07/01/2021,06/30/2024,4.402205
ST MARY MEDICAL CENTER,390258,PA,READM-30-HF-HRRP,734.0,,1.1038,21.2208,19.2259,163.0,07/01/2021,06/30/2024,21.881894000000017
ST MARY MEDICAL CENTER,390258,PA,READM-30-COPD-HRRP,237.0,,1.161,22.5647,19.4355,65.0,07/01/2021,06/30/2024,18.937865000000002
ST MARY MEDICAL CENTER,390258,PA,READM-30-CABG-HRRP,91.0,,1.1255,10.9327,9.7138,13.0,07/01/2021,06/30/2024,4.160442
JEFFERSON HOSPITAL,390265,PA,READM-30-COPD-HRRP,76.0,,1.0474,16.7119,15.9555,16.0,07/01/2021,06/30/2024,3.8738200000000003
JEFFERSON HOSPITAL,390265,PA,READM-30-AMI-HRRP,115.0,,1.1602,13.4823,11.6208,23.0,07/01/2021,06/30/2024,9.636080000000002
FORBES HOSPITAL,390267,PA,READM-30-PN-HRRP,260.0,,1.0934,18.008,16.4696,53.0,07/01/2021,06/30/2024,10.17904
FORBES HOSPITAL,390267,PA,READM-30-COPD-HRRP,72.0,,1.0156,19.2454,18.95,15.0,07/01/2021,06/30/2024,1.3559999999999999
MOUNT NITTANY MEDICAL CENTER,390268,PA,READM-30-HF-HRRP,362.0,,1.012,19.1,18.8729,70.0,07/01/2021,06/30/2024,1.6801019999999909
MOUNT NITTANY MEDICAL CENTER,390268,PA,READM-30-AMI-HRRP,81.0,,1.0547,12.791,12.1275,13.0,07/01/2021,06/30/2024,3.176725000000001
GEISINGER WYOMING VALLEY MEDICAL CENTER,390270,PA,READM-30-PN-HRRP,538.0,,1.0906,18.0406,16.5418,103.0,07/01/2021,06/30/2024,14.005116000000015
GEISINGER WYOMING VALLEY MEDICAL CENTER,390270,PA,READM-30-HF-HRRP,675.0,,1.0029,19.8202,19.7621,134.0,07/01/2021,06/30/2024,0.60582500000001
ROXBOROUGH MEMORIAL HOSPITAL,390304,PA,READM-30-HF-HRRP,70.0,,1.0032,22.5082,22.4362,16.0,07/01/2021,06/30/2024,0.29466000000000037
SURGICAL INSTITUTE OF READING,390316,PA,READM-30-HIP-KNEE-HRRP,241.0,,1.3097,6.1862,4.7235,18.0,07/01/2021,06/30/2024,6.616365
ST LUKE'S HOSPITAL - ANDERSON CAMPUS,390326,PA,READM-30-COPD-HRRP,143.0,,1.0028,16.6448,16.599,24.0,07/01/2021,06/30/2024,0.2634299999999996
ST LUKE'S HOSPITAL - ANDERSON CAMPUS,390326,PA,READM-30-AMI-HRRP,84.0,,1.0835,11.9626,11.0404,14.0,07/01/2021,06/30/2024,4.726063999999999
UPMC EAST,390328,PA,READM-30-PN-HRRP,204.0,,1.0091,17.8278,17.667,37.0,07/01/2021,06/30/2024,0.9593199999999982
UPMC EAST,390328,PA,READM-30-HF-HRRP,215.0,,1.0174,21.2659,20.9019,47.0,07/01/2021,06/30/2024,2.0609149999999943
JEFFERSON EINSTEIN MONTGOMERY HOSPITAL,390329,PA,READM-30-PN-HRRP,319.0,,1.0622,17.5133,16.4881,60.0,07/01/2021,06/30/2024,7.402960999999998
JEFFERSON EINSTEIN MONTGOMERY HOSPITAL,390329,PA,READM-30-HF-HRRP,548.0,,1.049,21.4384,20.4372,121.0,07/01/2021,06/30/2024,9.004143999999997
JEFFERSON EINSTEIN MONTGOMERY HOSPITAL,390329,PA,READM-30-AMI-HRRP,144.0,,1.0249,14.3992,14.0488,22.0,07/01/2021,06/30/2024,1.7697280000000006
ST LUKE'S HOSPITAL - MONROE CAMPUS,390330,PA,READM-30-PN-HRRP,284.0,,1.0088,15.9898,15.8506,46.0,07/01/2021,06/30/2024,0.9842960000000005
ST LUKE'S HOSPITAL - MONROE CAMPUS,390330,PA,READM-30-HF-HRRP,421.0,,1.0899,21.071,19.3338,95.0,07/01/2021,06/30/2024,13.604701999999989
ST LUKE'S HOSPITAL - MONROE CAMPUS,390330,PA,READM-30-COPD-HRRP,133.0,,1.1944,20.7955,17.4102,41.0,07/01/2021,06/30/2024,17.844434
GEISINGER ST. LUKE'S  HOSPITAL,390332,PA,READM-30-PN-HRRP,192.0,,1.0619,17.156,16.1555,37.0,07/01/2021,06/30/2024,5.981439999999999
GEISINGER ST. LUKE'S  HOSPITAL,390332,PA,READM-30-HF-HRRP,307.0,,1.0086,19.0169,18.8543,59.0,07/01/2021,06/30/2024,1.1172990000000027
AHN WEXFORD HOSPITAL,390334,PA,READM-30-HF-HRRP,139.0,,1.0165,20.7205,20.3852,30.0,07/01/2021,06/30/2024,1.6645719999999997
ST LUKE'S HOSPITAL - CARBON CAMPUS,390335,PA,READM-30-PN-HRRP,171.0,,1.0174,15.6957,15.4278,28.0,07/01/2021,06/30/2024,1.618462000000001
ST LUKE'S HOSPITAL - CARBON CAMPUS,390335,PA,READM-30-HF-HRRP,215.0,,1.0014,18.5577,18.5315,40.0,07/01/2021,06/30/2024,0.1572749999999985
ST LUKE'S HOSPITAL - CARBON CAMPUS,390335,PA,READM-30-COPD-HRRP,72.0,,1.1013,18.0336,16.3747,20.0,07/01/2021,06/30/2024,8.210215999999999
PENN STATE HEALTH HAMPDEN MEDICAL CENTER,390336,PA,READM-30-HF-HRRP,98.0,,1.0534,20.6245,19.5793,24.0,07/01/2021,06/30/2024,4.812286
PENN STATE HEALTH LANCASTER MEDICAL CENTER,390339,PA,READM-30-HF-HRRP,92.0,,1.0132,18.5509,18.3083,18.0,07/01/2021,06/30/2024,1.156364
RHODE ISLAND HOSPITAL,410007,RI,READM-30-PN-HRRP,409.0,,1.0333,17.0607,16.5101,72.0,07/01/2021,06/30/2024,4.473690999999988
RHODE ISLAND HOSPITAL,410007,RI,READM-30-AMI-HRRP,317.0,,1.0326,13.3687,12.9471,44.0,07/01/2021,06/30/2024,2.957692999999999
SOUTH COUNTY HOSPITAL INC,410008,RI,READM-30-HIP-KNEE-HRRP,419.0,,1.0985,4.9958,4.5478,22.0,07/01/2021,06/30/2024,2.9447180000000017
KENT COUNTY MEMORIAL HOSPITAL,410009,RI,READM-30-HF-HRRP,630.0,,1.0495,21.0246,20.0339,136.0,07/01/2021,06/30/2024,9.78643000000001
KENT COUNTY MEMORIAL HOSPITAL,410009,RI,READM-30-COPD-HRRP,216.0,,1.1151,20.2757,18.183,52.0,07/01/2021,06/30/2024,12.724720000000005
LANDMARK MEDICAL CENTER,410011,RI,READM-30-PN-HRRP,205.0,,1.0674,18.2962,17.1401,42.0,07/01/2021,06/30/2024,6.862794999999998
LANDMARK MEDICAL CENTER,410011,RI,READM-30-HF-HRRP,179.0,,1.0992,21.2597,19.3414,45.0,07/01/2021,06/30/2024,10.378894000000003
LANDMARK MEDICAL CENTER,410011,RI,READM-30-COPD-HRRP,57.0,,1.084,17.6902,16.3189,16.0,07/01/2021,06/30/2024,6.698226999999999
LANDMARK MEDICAL CENTER,410011,RI,READM-30-AMI-HRRP,68.0,,1.0715,16.6999,15.5856,15.0,07/01/2021,06/30/2024,4.401792
THE MIRIAM HOSPITAL,410012,RI,READM-30-COPD-HRRP,182.0,,1.0479,18.4389,17.5956,37.0,07/01/2021,06/30/2024,4.976008
THE MIRIAM HOSPITAL,410012,RI,READM-30-AMI-HRRP,309.0,,1.0708,13.4452,12.5564,45.0,07/01/2021,06/30/2024,6.200723999999994
PIEDMONT MEDICAL CENTER,420002,SC,READM-30-HF-HRRP,584.0,,1.0196,20.1344,19.7464,119.0,07/01/2021,06/30/2024,3.6810239999999936
PIEDMONT MEDICAL CENTER,420002,SC,READM-30-COPD-HRRP,102.0,,1.0042,17.3473,17.2749,18.0,07/01/2021,06/30/2024,0.379602000000002
PIEDMONT MEDICAL CENTER,420002,SC,READM-30-AMI-HRRP,274.0,,1.1289,14.5483,12.8872,46.0,07/01/2021,06/30/2024,10.689072000000003
MUSC MEDICAL CENTER,420004,SC,READM-30-PN-HRRP,408.0,,1.0462,17.1406,16.3836,73.0,07/01/2021,06/30/2024,6.154911999999996
MUSC MEDICAL CENTER,420004,SC,READM-30-HF-HRRP,642.0,,1.0858,22.1028,20.3561,148.0,07/01/2021,06/30/2024,17.313837999999976
MUSC MEDICAL CENTER,420004,SC,READM-30-COPD-HRRP,160.0,,1.0068,19.6821,19.5494,32.0,07/01/2021,06/30/2024,0.7209600000000052
MUSC MEDICAL CENTER,420004,SC,READM-30-CABG-HRRP,199.0,,1.0946,11.382,10.3985,25.0,07/01/2021,06/30/2024,4.306984999999997
MCLEOD MEDICAL CENTER - DILLON,420005,SC,READM-30-PN-HRRP,134.0,,1.0614,15.7121,14.803,25.0,07/01/2021,06/30/2024,5.163980000000002
MCLEOD MEDICAL CENTER - DILLON,420005,SC,READM-30-HF-HRRP,63.0,,1.078,22.7987,21.1496,20.0,07/01/2021,06/30/2024,6.675752000000001
SPARTANBURG MEDICAL CENTER,420007,SC,READM-30-HF-HRRP,810.0,,1.0569,20.1235,19.0407,167.0,07/01/2021,06/30/2024,12.770329999999973
SPARTANBURG MEDICAL CENTER,420007,SC,READM-30-CABG-HRRP,179.0,,1.0419,11.138,10.6904,21.0,07/01/2021,06/30/2024,1.8641840000000016
PRISMA HEALTH OCONEE MEMORIAL HOSPITAL,420009,SC,READM-30-PN-HRRP,377.0,,1.0941,16.1874,14.7945,67.0,07/01/2021,06/30/2024,11.224735000000003
CAROLINA PINES REGIONAL MEDICAL CENTER,420010,SC,READM-30-PN-HRRP,225.0,,1.1139,16.7846,15.0686,45.0,07/01/2021,06/30/2024,11.095650000000006
CAROLINA PINES REGIONAL MEDICAL CENTER,420010,SC,READM-30-HF-HRRP,78.0,,1.0804,19.7892,18.3172,21.0,07/01/2021,06/30/2024,6.712584
PRISMA HEALTH BAPTIST EASLEY HOSPITAL,420015,SC,READM-30-COPD-HRRP,54.0,,1.0402,18.6691,17.948,13.0,07/01/2021,06/30/2024,3.3080800000000004
PRISMA HEALTH RICHLAND HOSPITAL,420018,SC,READM-30-COPD-HRRP,58.0,,1.047,16.7611,16.0087,13.0,07/01/2021,06/30/2024,3.7149539999999988
PRISMA HEALTH RICHLAND HOSPITAL,420018,SC,READM-30-AMI-HRRP,378.0,,1.0351,13.2947,12.8434,52.0,07/01/2021,06/30/2024,3.4519479999999945
TIDELANDS GEORGETOWN MEMORIAL HOSPITAL,420020,SC,READM-30-AMI-HRRP,139.0,,1.0921,11.9631,10.9542,21.0,07/01/2021,06/30/2024,5.773662
ST FRANCIS-DOWNTOWN,420023,SC,READM-30-HF-HRRP,634.0,,1.0035,18.5728,18.508,118.0,07/01/2021,06/30/2024,0.6592800000000096
ST FRANCIS-DOWNTOWN,420023,SC,READM-30-CABG-HRRP,144.0,,1.0095,9.554,9.4638,14.0,07/01/2021,06/30/2024,0.37212799999999824
MUSC HEALTH COLUMBIA MEDICAL CENTER DOWNTOWN,420026,SC,READM-30-PN-HRRP,247.0,,1.0344,15.6867,15.165,41.0,07/01/2021,06/30/2024,3.5424500000000023
ANMED HEALTH,420027,SC,READM-30-PN-HRRP,858.0,,1.0057,14.8747,14.7902,128.0,07/01/2021,06/30/2024,1.1000839999999954
COLLETON MEDICAL CENTER,420030,SC,READM-30-PN-HRRP,123.0,,1.0014,15.3718,15.3505,19.0,07/01/2021,06/30/2024,0.1188849999999988
COLLETON MEDICAL CENTER,420030,SC,READM-30-HF-HRRP,107.0,,1.053,20.7564,19.7124,26.0,07/01/2021,06/30/2024,4.907731999999999
MUSC HEALTH LANCASTER MEDICAL CENTER,420036,SC,READM-30-HF-HRRP,122.0,,1.0315,20.2879,19.6677,27.0,07/01/2021,06/30/2024,3.0054060000000007
PRISMA HEALTH LAURENS COUNTY HOSPITAL,420038,SC,READM-30-PN-HRRP,138.0,,1.0476,15.8797,15.1579,25.0,07/01/2021,06/30/2024,4.082098000000002
CHEROKEE MEDICAL CENTER,420043,SC,READM-30-HF-HRRP,35.0,,1.064,18.8583,17.7246,11.0,07/01/2021,06/30/2024,4.796390000000001
KERSHAWHEALTH,420048,SC,READM-30-COPD-HRRP,65.0,,1.0543,18.6143,17.656,16.0,07/01/2021,06/30/2024,4.5236
CONWAY MEDICAL CENTER,420049,SC,READM-30-PN-HRRP,284.0,,1.1685,16.0997,13.7784,56.0,07/01/2021,06/30/2024,16.869344000000005
CONWAY MEDICAL CENTER,420049,SC,READM-30-COPD-HRRP,177.0,,1.0757,16.8336,15.6495,35.0,07/01/2021,06/30/2024,7.300385000000002
MCLEOD REGIONAL MEDICAL CENTER-PEE DEE,420051,SC,READM-30-HF-HRRP,868.0,,1.12,22.7626,20.3239,206.0,07/01/2021,06/30/2024,29.58854800000003
MCLEOD REGIONAL MEDICAL CENTER-PEE DEE,420051,SC,READM-30-COPD-HRRP,269.0,,1.0765,20.936,19.4489,62.0,07/01/2021,06/30/2024,9.682459000000001
MCLEOD REGIONAL MEDICAL CENTER-PEE DEE,420051,SC,READM-30-CABG-HRRP,170.0,,1.2401,14.2547,11.4945,30.0,07/01/2021,06/30/2024,10.45935
MCLEOD REGIONAL MEDICAL CENTER-PEE DEE,420051,SC,READM-30-AMI-HRRP,427.0,,1.1485,15.1981,13.2334,72.0,07/01/2021,06/30/2024,15.493381999999997
NEWBERRY COUNTY MEMORIAL HOSPITAL,420053,SC,READM-30-HF-HRRP,47.0,,1.0341,18.367,17.7607,11.0,07/01/2021,06/30/2024,2.6524710000000002
MUSC HEALTH MARION MEDICAL CENTER,420055,SC,READM-30-PN-HRRP,64.0,,1.0233,14.8423,14.504,11.0,07/01/2021,06/30/2024,1.7174399999999999
MUSC HEALTH MARION MEDICAL CENTER,420055,SC,READM-30-HF-HRRP,71.0,,1.01,18.7125,18.5265,14.0,07/01/2021,06/30/2024,0.8461850000000002
BON SECOURS-ST FRANCIS XAVIER HOSPITAL,420065,SC,READM-30-HF-HRRP,257.0,,1.0094,18.4184,18.2466,48.0,07/01/2021,06/30/2024,1.1062379999999976
BEAUFORT COUNTY MEMORIAL HOSPITAL,420067,SC,READM-30-PN-HRRP,304.0,,1.0297,16.7874,16.3037,53.0,07/01/2021,06/30/2024,3.4367520000000056
BEAUFORT COUNTY MEMORIAL HOSPITAL,420067,SC,READM-30-HF-HRRP,306.0,,1.0855,20.5958,18.9734,69.0,07/01/2021,06/30/2024,10.941395999999997
BEAUFORT COUNTY MEMORIAL HOSPITAL,420067,SC,READM-30-COPD-HRRP,143.0,,1.0016,16.7032,16.6766,24.0,07/01/2021,06/30/2024,0.15246199999999988
BEAUFORT COUNTY MEMORIAL HOSPITAL,420067,SC,READM-30-AMI-HRRP,78.0,,1.0495,12.2629,11.6845,12.0,07/01/2021,06/30/2024,2.8860899999999994
PRISMA HEALTH TUOMEY HOSPITAL,420070,SC,READM-30-PN-HRRP,214.0,,1.0333,15.8047,15.2946,36.0,07/01/2021,06/30/2024,3.2695560000000015
PRISMA HEALTH TUOMEY HOSPITAL,420070,SC,READM-30-HF-HRRP,352.0,,1.0496,19.7465,18.8137,73.0,07/01/2021,06/30/2024,6.775776000000008
SELF REGIONAL HEALTHCARE,420071,SC,READM-30-AMI-HRRP,197.0,,1.0493,12.4888,11.9018,27.0,07/01/2021,06/30/2024,3.5534539999999986
LEXINGTON MEDICAL CENTER,420073,SC,READM-30-PN-HRRP,992.0,,1.0473,15.6188,14.9136,158.0,07/01/2021,06/30/2024,10.057087999999993
LEXINGTON MEDICAL CENTER,420073,SC,READM-30-COPD-HRRP,399.0,,1.0952,19.1201,17.458,83.0,07/01/2021,06/30/2024,13.342580000000012
LEXINGTON MEDICAL CENTER,420073,SC,READM-30-CABG-HRRP,204.0,,1.1006,9.6007,8.7234,22.0,07/01/2021,06/30/2024,4.204264000000002
LEXINGTON MEDICAL CENTER,420073,SC,READM-30-AMI-HRRP,335.0,,1.0794,12.0077,11.1243,44.0,07/01/2021,06/30/2024,6.733595000000001
PRISMA HEALTH GREENVILLE MEMORIAL HOSPITAL,420078,SC,READM-30-CABG-HRRP,242.0,,1.2197,11.5261,9.4497,33.0,07/01/2021,06/30/2024,10.131726
TRIDENT MEDICAL CENTER,420079,SC,READM-30-HF-HRRP,766.0,,1.002,19.955,19.9156,153.0,07/01/2021,06/30/2024,0.44650400000000445
TRIDENT MEDICAL CENTER,420079,SC,READM-30-COPD-HRRP,176.0,,1.0892,18.0394,16.5619,38.0,07/01/2021,06/30/2024,8.851055999999996
TRIDENT MEDICAL CENTER,420079,SC,READM-30-AMI-HRRP,406.0,,1.0445,14.4717,13.8555,61.0,07/01/2021,06/30/2024,4.746670000000009
HILTON HEAD REGIONAL MEDICAL CENTER,420080,SC,READM-30-PN-HRRP,491.0,,1.0802,15.6652,14.502,82.0,07/01/2021,06/30/2024,10.795180000000002
HILTON HEAD REGIONAL MEDICAL CENTER,420080,SC,READM-30-HF-HRRP,372.0,,1.0634,18.7163,17.6005,74.0,07/01/2021,06/30/2024,8.526139999999998
HILTON HEAD REGIONAL MEDICAL CENTER,420080,SC,READM-30-COPD-HRRP,52.0,,1.0622,16.6988,15.7205,13.0,07/01/2021,06/30/2024,4.825340000000001
HILTON HEAD REGIONAL MEDICAL CENTER,420080,SC,READM-30-AMI-HRRP,199.0,,1.0304,11.8134,11.4644,25.0,07/01/2021,06/30/2024,2.1858439999999995
AIKEN REGIONAL MEDICAL CENTER,420082,SC,READM-30-HF-HRRP,386.0,,1.0097,18.2172,18.0429,71.0,07/01/2021,06/30/2024,1.3544059999999973
GRAND STRAND REGIONAL MEDICAL CENTER,420085,SC,READM-30-PN-HRRP,873.0,,1.0602,16.505,15.5685,148.0,07/01/2021,06/30/2024,12.086995000000002
GRAND STRAND REGIONAL MEDICAL CENTER,420085,SC,READM-30-HIP-KNEE-HRRP,95.0,,1.3648,7.7294,5.6633,11.0,07/01/2021,06/30/2024,5.619865000000001
GRAND STRAND REGIONAL MEDICAL CENTER,420085,SC,READM-30-COPD-HRRP,189.0,,1.0243,16.5435,16.1513,33.0,07/01/2021,06/30/2024,2.4740430000000018
GRAND STRAND REGIONAL MEDICAL CENTER,420085,SC,READM-30-CABG-HRRP,239.0,,1.0525,9.9152,9.4204,25.0,07/01/2021,06/30/2024,2.485243999999998
ROPER HOSPITAL,420087,SC,READM-30-HIP-KNEE-HRRP,255.0,,1.0685,5.5814,5.2236,15.0,07/01/2021,06/30/2024,1.6798199999999994
ROPER HOSPITAL,420087,SC,READM-30-CABG-HRRP,218.0,,1.001,10.0805,10.0708,22.0,07/01/2021,06/30/2024,0.045655999999997476
MUSC HEALTH FLORENCE MEDICAL CENTER,420091,SC,READM-30-PN-HRRP,380.0,,1.1262,18.8994,16.7817,80.0,07/01/2021,06/30/2024,16.22954
MUSC HEALTH FLORENCE MEDICAL CENTER,420091,SC,READM-30-HF-HRRP,401.0,,1.0542,21.7182,20.6012,91.0,07/01/2021,06/30/2024,8.389188000000004
PELHAM MEDICAL CENTER,420103,SC,READM-30-HF-HRRP,107.0,,1.0229,18.1263,17.7199,21.0,07/01/2021,06/30/2024,2.039707
MOUNT PLEASANT HOSPITAL,420104,SC,READM-30-HF-HRRP,178.0,,1.0766,18.9619,17.6135,39.0,07/01/2021,06/30/2024,7.647970000000001
MCLEOD LORIS  HOSPITAL,420105,SC,READM-30-HF-HRRP,592.0,,1.0563,20.9444,19.8286,128.0,07/01/2021,06/30/2024,10.614687999999987
MCLEOD HEALTH CHERAW,420107,SC,READM-30-PN-HRRP,179.0,,1.1605,18.8583,16.2504,44.0,07/01/2021,06/30/2024,14.911784000000004
MCLEOD HEALTH CHERAW,420107,SC,READM-30-HF-HRRP,71.0,,1.0349,21.7571,21.0224,18.0,07/01/2021,06/30/2024,3.074095999999999
MCLEOD HEALTH CLARENDON,420109,SC,READM-30-PN-HRRP,106.0,,1.0144,15.1514,14.9363,17.0,07/01/2021,06/30/2024,1.167522
ROPER ST FRANCIS HOSPITAL-BERKELEY INC,420110,SC,READM-30-HF-HRRP,141.0,,1.0054,18.8743,18.7721,27.0,07/01/2021,06/30/2024,0.5313390000000027
ROPER ST FRANCIS HOSPITAL-BERKELEY INC,420110,SC,READM-30-COPD-HRRP,59.0,,1.0289,16.895,16.4199,12.0,07/01/2021,06/30/2024,2.312259000000001
"PRAIRIE LAKES HEALTHCARE SYSTEM, INC",430005,SD,READM-30-HF-HRRP,65.0,,1.0127,17.0982,16.8832,12.0,07/01/2021,06/30/2024,1.025920000000001
BROOKINGS HEALTH SYSTEM,430008,SD,READM-30-HF-HRRP,68.0,,1.0128,17.8025,17.5782,13.0,07/01/2021,06/30/2024,1.0468240000000009
AVERA SACRED HEART HOSPITAL,430012,SD,READM-30-PN-HRRP,150.0,,1.0105,14.2103,14.0627,22.0,07/01/2021,06/30/2024,0.9059500000000007
AVERA SACRED HEART HOSPITAL,430012,SD,READM-30-HF-HRRP,119.0,,1.028,18.5142,18.0106,24.0,07/01/2021,06/30/2024,2.5673860000000026
AVERA ST LUKES,430014,SD,READM-30-HIP-KNEE-HRRP,221.0,,1.0542,6.0593,5.748,14.0,07/01/2021,06/30/2024,1.29692
AVERA ST LUKES,430014,SD,READM-30-AMI-HRRP,96.0,,1.0363,12.7411,12.2952,14.0,07/01/2021,06/30/2024,2.1966080000000012
AVERA MCKENNAN HOSPITAL & UNIVERSITY HEALTH CENTER,430016,SD,READM-30-HIP-KNEE-HRRP,301.0,,1.0963,6.2905,5.7378,20.0,07/01/2021,06/30/2024,2.729222
SANFORD USD MEDICAL CENTER,430027,SD,READM-30-CABG-HRRP,193.0,,1.0068,9.7551,9.6895,19.0,07/01/2021,06/30/2024,0.29926499999999834
MONUMENT HEALTH RAPID CITY HOSPITAL,430077,SD,READM-30-CABG-HRRP,114.0,,1.159,10.7402,9.2666,16.0,07/01/2021,06/30/2024,5.436076
MONUMENT HEALTH RAPID CITY HOSPITAL,430077,SD,READM-30-AMI-HRRP,409.0,,1.0166,11.7799,11.5874,49.0,07/01/2021,06/30/2024,1.6075340000000011
SIOUX FALLS SPECIALTY HOSPITAL,430090,SD,READM-30-HIP-KNEE-HRRP,318.0,,1.2516,5.7958,4.6307,21.0,07/01/2021,06/30/2024,6.274374
JACKSON-MADISON COUNTY GENERAL HOSPITAL,440002,TN,READM-30-CABG-HRRP,184.0,,1.0314,10.977,10.6427,21.0,07/01/2021,06/30/2024,1.4174320000000016
JACKSON-MADISON COUNTY GENERAL HOSPITAL,440002,TN,READM-30-AMI-HRRP,653.0,,1.0254,13.2819,12.9525,88.0,07/01/2021,06/30/2024,3.4201750000000004
HIGHPOINT HEALTH-SUMNER WITH ASCENSION SAINT THOMA,440003,TN,READM-30-COPD-HRRP,103.0,,1.0294,18.3199,17.7973,21.0,07/01/2021,06/30/2024,2.668780999999999
TRISTAR SKYLINE MEDICAL CENTER,440006,TN,READM-30-PN-HRRP,335.0,,1.0451,17.899,17.127,63.0,07/01/2021,06/30/2024,5.624550000000006
TRISTAR SKYLINE MEDICAL CENTER,440006,TN,READM-30-HF-HRRP,203.0,,1.044,21.0951,20.2062,46.0,07/01/2021,06/30/2024,4.981414000000001
TRISTAR SKYLINE MEDICAL CENTER,440006,TN,READM-30-COPD-HRRP,69.0,,1.0207,19.5168,19.1208,15.0,07/01/2021,06/30/2024,1.806648000000001
UNITY MEDICAL CENTER,440007,TN,READM-30-COPD-HRRP,48.0,,1.0581,18.5068,17.4913,13.0,07/01/2021,06/30/2024,4.604176000000001
CUMBERLAND MEDICAL CENTER,440009,TN,READM-30-PN-HRRP,202.0,,1.0097,16.0155,15.8611,33.0,07/01/2021,06/30/2024,0.9605779999999982
CUMBERLAND MEDICAL CENTER,440009,TN,READM-30-HF-HRRP,255.0,,1.0263,20.0434,19.5303,53.0,07/01/2021,06/30/2024,3.1977350000000015
BLOUNT MEMORIAL HOSPITAL,440011,TN,READM-30-PN-HRRP,521.0,,1.0237,16.5885,16.2045,88.0,07/01/2021,06/30/2024,3.5745550000000037
WELLMONT BRISTOL REGIONAL MEDICAL CENTER,440012,TN,READM-30-PN-HRRP,426.0,,1.0913,16.4764,15.0985,76.0,07/01/2021,06/30/2024,11.680390000000003
WELLMONT BRISTOL REGIONAL MEDICAL CENTER,440012,TN,READM-30-HF-HRRP,420.0,,1.1493,21.6276,18.8173,101.0,07/01/2021,06/30/2024,21.967339999999993
WELLMONT BRISTOL REGIONAL MEDICAL CENTER,440012,TN,READM-30-COPD-HRRP,117.0,,1.0244,18.1455,17.7132,23.0,07/01/2021,06/30/2024,2.275555999999998
WELLMONT BRISTOL REGIONAL MEDICAL CENTER,440012,TN,READM-30-AMI-HRRP,179.0,,1.0628,13.363,12.5733,27.0,07/01/2021,06/30/2024,4.493793000000004
"UNIVERSITY HEALTH SYSTEM, INC",440015,TN,READM-30-CABG-HRRP,133.0,,1.0397,10.5265,10.1245,15.0,07/01/2021,06/30/2024,1.534415000000001
"UNIVERSITY HEALTH SYSTEM, INC",440015,TN,READM-30-AMI-HRRP,194.0,,1.0005,12.3576,12.3512,24.0,07/01/2021,06/30/2024,0.03867199999999826
BAPTIST MEMORIAL HOSPITAL - CARROLL COUNTY,440016,TN,READM-30-PN-HRRP,121.0,,1.0829,15.4846,14.2987,24.0,07/01/2021,06/30/2024,6.698573
SYCAMORE SHOALS HOSPITAL,440018,TN,READM-30-PN-HRRP,142.0,,1.1763,18.3701,15.6174,37.0,07/01/2021,06/30/2024,14.823291999999999
MORRISTOWN HAMBLEN HOSPITAL ASSOCIATION,440030,TN,READM-30-PN-HRRP,207.0,,1.0962,16.8285,15.3523,41.0,07/01/2021,06/30/2024,9.220739000000002
MORRISTOWN HAMBLEN HOSPITAL ASSOCIATION,440030,TN,READM-30-HF-HRRP,176.0,,1.1265,22.2562,19.7573,48.0,07/01/2021,06/30/2024,13.227152000000004
MORRISTOWN HAMBLEN HOSPITAL ASSOCIATION,440030,TN,READM-30-COPD-HRRP,122.0,,1.0373,20.6473,19.9058,28.0,07/01/2021,06/30/2024,3.7149240000000034
ROANE MEDICAL CENTER,440031,TN,READM-30-PN-HRRP,162.0,,1.0345,15.8958,15.3652,28.0,07/01/2021,06/30/2024,3.108376
ROANE MEDICAL CENTER,440031,TN,READM-30-HF-HRRP,129.0,,1.0829,19.6073,18.106,31.0,07/01/2021,06/30/2024,7.643259999999998
ROANE MEDICAL CENTER,440031,TN,READM-30-COPD-HRRP,62.0,,1.0023,17.4721,17.4321,11.0,07/01/2021,06/30/2024,0.19209800000000143
METHODIST MEDICAL CENTER OF OAK RIDGE,440034,TN,READM-30-PN-HRRP,291.0,,1.0113,15.5511,15.3777,46.0,07/01/2021,06/30/2024,1.2508929999999978
METHODIST MEDICAL CENTER OF OAK RIDGE,440034,TN,READM-30-HF-HRRP,366.0,,1.0434,20.4656,19.6147,78.0,07/01/2021,06/30/2024,6.210198000000005
METHODIST MEDICAL CENTER OF OAK RIDGE,440034,TN,READM-30-COPD-HRRP,109.0,,1.0662,21.1615,19.8473,28.0,07/01/2021,06/30/2024,6.366443
TENNOVA HEALTHCARE-CLARKSVILLE,440035,TN,READM-30-PN-HRRP,456.0,,1.1526,18.2657,15.8467,93.0,07/01/2021,06/30/2024,20.739047999999997
TENNOVA HEALTHCARE-CLARKSVILLE,440035,TN,READM-30-HF-HRRP,291.0,,1.054,19.6532,18.6459,61.0,07/01/2021,06/30/2024,6.740430999999994
TENNOVA HEALTHCARE-CLARKSVILLE,440035,TN,READM-30-COPD-HRRP,190.0,,1.0935,19.1542,17.5157,43.0,07/01/2021,06/30/2024,9.720170000000003
TRISTAR HORIZON MEDICAL CENTER,440046,TN,READM-30-COPD-HRRP,63.0,,1.0189,16.8914,16.5778,12.0,07/01/2021,06/30/2024,1.555985999999999
TRISTAR HORIZON MEDICAL CENTER,440046,TN,READM-30-AMI-HRRP,86.0,,1.0182,14.043,13.7926,13.0,07/01/2021,06/30/2024,1.138364000000001
BAPTIST MEMORIAL HOSPITAL,440048,TN,READM-30-PN-HRRP,1168.0,,1.0567,16.1221,15.2565,192.0,07/01/2021,06/30/2024,13.804079999999999
BAPTIST MEMORIAL HOSPITAL,440048,TN,READM-30-HIP-KNEE-HRRP,113.0,,1.3177,7.7695,5.8964,12.0,07/01/2021,06/30/2024,5.337068
BAPTIST MEMORIAL HOSPITAL,440048,TN,READM-30-HF-HRRP,1302.0,,1.0868,20.8092,19.1474,277.0,07/01/2021,06/30/2024,27.700851999999998
BAPTIST MEMORIAL HOSPITAL,440048,TN,READM-30-COPD-HRRP,246.0,,1.0308,16.9938,16.4864,44.0,07/01/2021,06/30/2024,3.4434559999999976
BAPTIST MEMORIAL HOSPITAL,440048,TN,READM-30-CABG-HRRP,253.0,,1.1306,11.394,10.0778,32.0,07/01/2021,06/30/2024,6.503166
METHODIST HOSPITALS OF MEMPHIS,440049,TN,READM-30-PN-HRRP,893.0,,1.0051,15.416,15.3385,138.0,07/01/2021,06/30/2024,1.027195000000006
METHODIST HOSPITALS OF MEMPHIS,440049,TN,READM-30-HIP-KNEE-HRRP,519.0,,1.0046,4.9996,4.9768,26.0,07/01/2021,06/30/2024,0.1704080000000019
METHODIST HOSPITALS OF MEMPHIS,440049,TN,READM-30-CABG-HRRP,143.0,,1.0422,10.4463,10.0235,16.0,07/01/2021,06/30/2024,1.6663949999999996
GREENEVILLE COMMUNITY HOSPITAL,440050,TN,READM-30-PN-HRRP,226.0,,1.1006,16.6358,15.1151,44.0,07/01/2021,06/30/2024,9.839874000000002
GREENEVILLE COMMUNITY HOSPITAL,440050,TN,READM-30-HF-HRRP,161.0,,1.07,19.3525,18.087,36.0,07/01/2021,06/30/2024,6.879929999999998
GREENEVILLE COMMUNITY HOSPITAL,440050,TN,READM-30-COPD-HRRP,65.0,,1.0348,17.7055,17.1102,14.0,07/01/2021,06/30/2024,2.878370000000002
SAINT THOMAS RUTHERFORD HOSPITAL,440053,TN,READM-30-AMI-HRRP,194.0,29,1.0417,12.8565,12.3415,27.0,07/01/2021,06/30/2024,3.0574900000000014
TENNOVA HEALTHCARE-JEFFERSON MEMORIAL HOSPITAL,440056,TN,READM-30-HF-HRRP,89.0,,1.0888,19.0398,17.487,23.0,07/01/2021,06/30/2024,7.436570000000003
CLAIBORNE MEDICAL CENTER,440057,TN,READM-30-PN-HRRP,72.0,,1.0268,16.9748,16.5324,14.0,07/01/2021,06/30/2024,2.096672
CLAIBORNE MEDICAL CENTER,440057,TN,READM-30-HF-HRRP,31.0,,1.105,21.4819,19.4409,14.0,07/01/2021,06/30/2024,7.973321
COOKEVILLE REGIONAL MEDICAL CENTER,440059,TN,READM-30-PN-HRRP,873.0,,1.138,18.6886,16.4221,172.0,07/01/2021,06/30/2024,28.635066999999992
COOKEVILLE REGIONAL MEDICAL CENTER,440059,TN,READM-30-HF-HRRP,714.0,,1.0453,21.2504,20.3292,155.0,07/01/2021,06/30/2024,9.849512000000004
COOKEVILLE REGIONAL MEDICAL CENTER,440059,TN,READM-30-COPD-HRRP,215.0,,1.0449,18.0392,17.2638,42.0,07/01/2021,06/30/2024,4.8828300000000056
COOKEVILLE REGIONAL MEDICAL CENTER,440059,TN,READM-30-CABG-HRRP,143.0,,1.1879,11.5929,9.7592,21.0,07/01/2021,06/30/2024,7.044344000000001
COOKEVILLE REGIONAL MEDICAL CENTER,440059,TN,READM-30-AMI-HRRP,336.0,,1.0278,12.6878,12.3451,44.0,07/01/2021,06/30/2024,2.520463999999997
JOHNSON CITY MEDICAL CENTER,440063,TN,READM-30-CABG-HRRP,101.0,,1.2914,12.2965,9.5215,19.0,07/01/2021,06/30/2024,9.383285
JOHNSON CITY MEDICAL CENTER,440063,TN,READM-30-AMI-HRRP,376.0,,1.0285,13.1861,12.8202,51.0,07/01/2021,06/30/2024,2.796047999999999
TRISTAR NORTHCREST MEDICAL CENTER,440065,TN,READM-30-PN-HRRP,213.0,,1.0812,18.1499,16.7871,44.0,07/01/2021,06/30/2024,8.243476999999999
TRISTAR NORTHCREST MEDICAL CENTER,440065,TN,READM-30-HF-HRRP,91.0,,1.0288,20.7997,20.2175,21.0,07/01/2021,06/30/2024,2.6020749999999992
DYERSBURG REGIONAL MEDICAL CENTER,440072,TN,READM-30-PN-HRRP,198.0,,1.0233,16.396,16.0225,34.0,07/01/2021,06/30/2024,2.2754499999999993
DYERSBURG REGIONAL MEDICAL CENTER,440072,TN,READM-30-COPD-HRRP,87.0,,1.0276,18.3818,17.8879,18.0,07/01/2021,06/30/2024,2.437527000000001
MAURY REGIONAL HOSPITAL,440073,TN,READM-30-PN-HRRP,576.0,,1.0103,14.8129,14.6614,86.0,07/01/2021,06/30/2024,1.5503360000000015
MAURY REGIONAL HOSPITAL,440073,TN,READM-30-HF-HRRP,602.0,,1.014,18.1083,17.8582,110.0,07/01/2021,06/30/2024,2.4936360000000093
MAURY REGIONAL HOSPITAL,440073,TN,READM-30-COPD-HRRP,166.0,,1.0895,18.4892,16.9711,37.0,07/01/2021,06/30/2024,8.827974000000001
MAURY REGIONAL HOSPITAL,440073,TN,READM-30-AMI-HRRP,172.0,,1.0784,11.2307,10.4139,23.0,07/01/2021,06/30/2024,5.088092
ASCENSION SAINT THOMAS HOSPITAL,440082,TN,READM-30-HIP-KNEE-HRRP,261.0,29,1.0746,5.8128,5.4095,16.0,07/01/2021,06/30/2024,1.8812049999999996
ASCENSION SAINT THOMAS HOSPITAL,440082,TN,READM-30-CABG-HRRP,629.0,29,1.0226,10.7185,10.4818,68.0,07/01/2021,06/30/2024,2.0694780000000037
SWEETWATER HOSPITAL ASSOCIATION,440084,TN,READM-30-PN-HRRP,140.0,,1.0746,15.1893,14.1351,26.0,07/01/2021,06/30/2024,6.21086
SWEETWATER HOSPITAL ASSOCIATION,440084,TN,READM-30-HF-HRRP,75.0,,1.039,17.7628,17.0966,16.0,07/01/2021,06/30/2024,3.177550000000002
SWEETWATER HOSPITAL ASSOCIATION,440084,TN,READM-30-COPD-HRRP,59.0,,1.1003,18.5402,16.8505,18.0,07/01/2021,06/30/2024,8.058205
"MEMORIAL HEALTHCARE SYSTEM, INC",440091,TN,READM-30-CABG-HRRP,236.0,,1.1727,11.8148,10.0753,32.0,07/01/2021,06/30/2024,8.222292
"MEMORIAL HEALTHCARE SYSTEM, INC",440091,TN,READM-30-AMI-HRRP,431.0,,1.0006,12.9862,12.9786,56.0,07/01/2021,06/30/2024,0.06223399999999657
ERLANGER MEDICAL CENTER,440104,TN,READM-30-CABG-HRRP,98.0,,1.0015,12.2021,12.1832,12.0,07/01/2021,06/30/2024,0.06046399999999963
HARDIN MEDICAL CENTER,440109,TN,READM-30-PN-HRRP,112.0,,1.016,14.2517,14.0267,17.0,07/01/2021,06/30/2024,1.2900960000000001
FORT LOUDOUN MEDICAL CENTER,440110,TN,READM-30-PN-HRRP,141.0,,1.0264,15.0916,14.7028,23.0,07/01/2021,06/30/2024,2.269052000000002
FORT LOUDOUN MEDICAL CENTER,440110,TN,READM-30-HF-HRRP,90.0,,1.0273,18.9891,18.4854,19.0,07/01/2021,06/30/2024,2.3631400000000014
PHYSICIANS REGIONAL MEDICAL CENTER,440120,TN,READM-30-CABG-HRRP,149.0,,1.3264,13.8098,10.4117,28.0,07/01/2021,06/30/2024,12.486566999999999
PHYSICIANS REGIONAL MEDICAL CENTER,440120,TN,READM-30-AMI-HRRP,355.0,,1.0075,12.8516,12.7562,46.0,07/01/2021,06/30/2024,0.7154899999999955
FORT SANDERS REGIONAL MEDICAL CENTER,440125,TN,READM-30-PN-HRRP,253.0,,1.1208,17.8897,15.9612,53.0,07/01/2021,06/30/2024,12.618164
FORT SANDERS REGIONAL MEDICAL CENTER,440125,TN,READM-30-HF-HRRP,250.0,,1.106,22.6036,20.4377,64.0,07/01/2021,06/30/2024,12.905749999999998
FORT SANDERS REGIONAL MEDICAL CENTER,440125,TN,READM-30-COPD-HRRP,162.0,,1.1406,20.4613,17.9393,43.0,07/01/2021,06/30/2024,13.938334000000001
BAPTIST MEMORIAL HOSPITAL TIPTON,440131,TN,READM-30-PN-HRRP,132.0,,1.002,13.5394,13.5126,18.0,07/01/2021,06/30/2024,0.16336800000000196
BAPTIST MEMORIAL HOSPITAL TIPTON,440131,TN,READM-30-HF-HRRP,80.0,,1.0325,19.6089,18.9915,18.0,07/01/2021,06/30/2024,2.8068000000000026
WEST TENNESSEE HEALTHCARE HENRY COUNTY HOSPITAL,440132,TN,READM-30-HF-HRRP,73.0,,1.0203,18.5898,18.2192,15.0,07/01/2021,06/30/2024,1.6999839999999988
VANDERBILT TULLAHOMA-HARTON HOSPITAL,440144,TN,READM-30-PN-HRRP,187.0,,1.0062,15.8234,15.726,30.0,07/01/2021,06/30/2024,0.5923799999999986
VANDERBILT TULLAHOMA-HARTON HOSPITAL,440144,TN,READM-30-HF-HRRP,268.0,,1.0061,20.3552,20.2312,55.0,07/01/2021,06/30/2024,0.780383999999998
VANDERBILT TULLAHOMA-HARTON HOSPITAL,440144,TN,READM-30-COPD-HRRP,81.0,,1.023,22.4628,21.9581,20.0,07/01/2021,06/30/2024,2.2139389999999963
TRISTAR SUMMIT MEDICAL CENTER,440150,TN,READM-30-HF-HRRP,366.0,,1.0585,19.9113,18.8101,77.0,07/01/2021,06/30/2024,8.155034
TRISTAR SUMMIT MEDICAL CENTER,440150,TN,READM-30-COPD-HRRP,97.0,,1.1013,18.447,16.7503,25.0,07/01/2021,06/30/2024,8.752209
SAINT THOMAS RIVER PARK HOSPITAL,440151,TN,READM-30-HF-HRRP,103.0,29,1.0401,19.5622,18.8075,23.0,07/01/2021,06/30/2024,3.6282749999999986
PARKRIDGE MEDICAL CENTER,440156,TN,READM-30-PN-HRRP,451.0,,1.0545,17.1622,16.2752,81.0,07/01/2021,06/30/2024,7.59884799999999
PARKRIDGE MEDICAL CENTER,440156,TN,READM-30-HIP-KNEE-HRRP,247.0,,1.0062,5.6392,5.6047,14.0,07/01/2021,06/30/2024,0.15639099999999928
PARKRIDGE MEDICAL CENTER,440156,TN,READM-30-AMI-HRRP,205.0,,1.0108,13.8791,13.7309,29.0,07/01/2021,06/30/2024,0.8516549999999974
TRISTAR CENTENNIAL MEDICAL CENTER,440161,TN,READM-30-PN-HRRP,344.0,,1.0325,16.8152,16.2858,60.0,07/01/2021,06/30/2024,3.976848000000011
TRISTAR CENTENNIAL MEDICAL CENTER,440161,TN,READM-30-CABG-HRRP,307.0,,1.0322,11.457,11.0992,36.0,07/01/2021,06/30/2024,1.925456000000004
PARKWEST MEDICAL CENTER,440173,TN,READM-30-HIP-KNEE-HRRP,375.0,,1.172,6.7093,5.7247,27.0,07/01/2021,06/30/2024,5.532374999999998
PARKWEST MEDICAL CENTER,440173,TN,READM-30-CABG-HRRP,166.0,,1.2266,11.3093,9.2199,24.0,07/01/2021,06/30/2024,8.694965999999999
PARKWEST MEDICAL CENTER,440173,TN,READM-30-AMI-HRRP,325.0,,1.0663,12.2487,11.4871,43.0,07/01/2021,06/30/2024,5.666924999999999
SOUTHERN TENNESSEE REGIONAL HEALTH SYSTEM LAWRENCE,440175,TN,READM-30-HF-HRRP,65.0,,1.0137,20.0122,19.742,14.0,07/01/2021,06/30/2024,1.1677
INDIAN PATH COMMUNITY HOSPITAL,440176,TN,READM-30-PN-HRRP,77.0,,1.084,14.0758,12.9855,16.0,07/01/2021,06/30/2024,6.001165
ST FRANCIS HOSPITAL,440183,TN,READM-30-HF-HRRP,182.0,,1.104,21.2942,19.2876,46.0,07/01/2021,06/30/2024,10.896567999999995
ST FRANCIS HOSPITAL,440183,TN,READM-30-CABG-HRRP,82.0,,1.1164,11.1776,10.0125,12.0,07/01/2021,06/30/2024,3.7897500000000015
ST FRANCIS HOSPITAL,440183,TN,READM-30-AMI-HRRP,84.0,,1.0491,13.7717,13.1273,14.0,07/01/2021,06/30/2024,2.9730679999999996
FRANKLIN WOODS COMMUNITY HOSPITAL,440184,TN,READM-30-PN-HRRP,171.0,,1.0066,14.3707,14.2769,25.0,07/01/2021,06/30/2024,0.5865009999999984
AFFILIATE OF VITRUVIAN HEALTH,440185,TN,READM-30-HF-HRRP,310.0,,1.0849,22.8763,21.0866,77.0,07/01/2021,06/30/2024,11.631540000000001
AFFILIATE OF VITRUVIAN HEALTH,440185,TN,READM-30-AMI-HRRP,138.0,,1.0105,14.8237,14.6692,21.0,07/01/2021,06/30/2024,0.7565040000000032
LIVINGSTON REGIONAL HOSPITAL,440187,TN,READM-30-PN-HRRP,132.0,,1.1136,16.5198,14.8343,29.0,07/01/2021,06/30/2024,9.418724000000001
VANDERBILT WILSON COUNTY HOSPITAL,440193,TN,READM-30-PN-HRRP,213.0,,1.0653,17.2319,16.1753,41.0,07/01/2021,06/30/2024,6.546610999999999
TRISTAR HENDERSONVILLE MEDICAL CENTER,440194,TN,READM-30-HF-HRRP,204.0,,1.0554,22.0592,20.9017,49.0,07/01/2021,06/30/2024,6.360531999999999
TRISTAR SOUTHERN HILLS MEDICAL CENTER,440197,TN,READM-30-HF-HRRP,117.0,,1.029,18.7606,18.2323,24.0,07/01/2021,06/30/2024,2.668209000000001
TRISTAR STONECREST MEDICAL CENTER,440227,TN,READM-30-PN-HRRP,162.0,,1.0804,17.1596,15.8831,33.0,07/01/2021,06/30/2024,7.269378
TRISTAR STONECREST MEDICAL CENTER,440227,TN,READM-30-HF-HRRP,142.0,,1.022,20.0117,19.5808,30.0,07/01/2021,06/30/2024,2.195263999999998
SAINT FRANCIS BARTLETT MEDICAL CENTER,440228,TN,READM-30-HF-HRRP,325.0,,1.1074,20.4848,18.4973,74.0,07/01/2021,06/30/2024,13.883775
SAINT FRANCIS BARTLETT MEDICAL CENTER,440228,TN,READM-30-COPD-HRRP,96.0,,1.0114,14.8072,14.6409,15.0,07/01/2021,06/30/2024,0.9447359999999989
THE HOSPITALS OF PROVIDENCE - MEMORIAL CAMPUS,450002,TX,READM-30-PN-HRRP,102.0,,1.0254,15.9967,15.5997,18.0,07/01/2021,06/30/2024,2.088306000000001
PETERSON REGIONAL MEDICAL CENTER,450007,TX,READM-30-AMI-HRRP,137.0,,1.0126,11.2321,11.0921,16.0,07/01/2021,06/30/2024,0.8038229999999995
UNITED REGIONAL HEALTH CARE SYSTEM,450010,TX,READM-30-HF-HRRP,686.0,,1.0655,20.7554,19.4802,147.0,07/01/2021,06/30/2024,13.365827999999993
UNITED REGIONAL HEALTH CARE SYSTEM,450010,TX,READM-30-CABG-HRRP,89.0,,1.1265,12.221,10.8491,14.0,07/01/2021,06/30/2024,4.344301
UNITED REGIONAL HEALTH CARE SYSTEM,450010,TX,READM-30-AMI-HRRP,300.0,,1.0556,14.0791,13.3378,45.0,07/01/2021,06/30/2024,4.986600000000003
CHI ST JOSEPH HEALTH REGIONAL HOSPITAL,450011,TX,READM-30-HF-HRRP,657.0,,1.0296,20.3771,19.792,136.0,07/01/2021,06/30/2024,5.966559999999987
CHI ST JOSEPH HEALTH REGIONAL HOSPITAL,450011,TX,READM-30-COPD-HRRP,135.0,,1.0319,17.5285,16.987,26.0,07/01/2021,06/30/2024,3.0675500000000007
CHI ST JOSEPH HEALTH REGIONAL HOSPITAL,450011,TX,READM-30-CABG-HRRP,107.0,,1.0488,10.9888,10.4772,13.0,07/01/2021,06/30/2024,1.789396
PARKLAND HEALTH & HOSPITAL SYSTEM,450015,TX,READM-30-COPD-HRRP,50.0,,1.0811,25.3687,23.4658,19.0,07/01/2021,06/30/2024,7.267099999999999
UNIVERSITY OF TEXAS MEDICAL BRANCH GALVESTON,450018,TX,READM-30-HF-HRRP,906.0,,1.0958,22.3194,20.3683,209.0,07/01/2021,06/30/2024,24.463201999999995
UNIVERSITY OF TEXAS MEDICAL BRANCH GALVESTON,450018,TX,READM-30-COPD-HRRP,179.0,,1.0219,19.7509,19.3282,37.0,07/01/2021,06/30/2024,2.4025220000000047
UNIVERSITY OF TEXAS MEDICAL BRANCH GALVESTON,450018,TX,READM-30-CABG-HRRP,92.0,,1.0946,12.6231,11.5317,14.0,07/01/2021,06/30/2024,3.390836
UNIVERSITY OF TEXAS MEDICAL BRANCH GALVESTON,450018,TX,READM-30-AMI-HRRP,255.0,,1.1487,16.7398,14.5725,50.0,07/01/2021,06/30/2024,12.840125
BAYLOR UNIVERSITY MEDICAL CENTER,450021,TX,READM-30-CABG-HRRP,222.0,,1.0401,10.8025,10.3861,25.0,07/01/2021,06/30/2024,1.9428579999999975
CITIZENS MEDICAL CENTER,450023,TX,READM-30-PN-HRRP,271.0,,1.0936,15.8808,14.521,49.0,07/01/2021,06/30/2024,9.648089999999996
CITIZENS MEDICAL CENTER,450023,TX,READM-30-HF-HRRP,383.0,,1.0797,20.7188,19.1901,85.0,07/01/2021,06/30/2024,11.501916999999992
CITIZENS MEDICAL CENTER,450023,TX,READM-30-COPD-HRRP,70.0,,1.033,15.3144,14.8246,13.0,07/01/2021,06/30/2024,2.6227800000000006
UNIVERSITY MEDICAL CENTER OF EL PASO,450024,TX,READM-30-PN-HRRP,93.0,,1.031,15.0227,14.5703,16.0,07/01/2021,06/30/2024,2.4496210000000005
VALLEY BAPTIST MEDICAL CENTER- BROWNSVILLE,450028,TX,READM-30-PN-HRRP,182.0,,1.0099,17.2112,17.0419,32.0,07/01/2021,06/30/2024,0.983742000000003
VALLEY BAPTIST MEDICAL CENTER- BROWNSVILLE,450028,TX,READM-30-HF-HRRP,142.0,,1.0058,20.8246,20.7036,30.0,07/01/2021,06/30/2024,0.6008879999999976
LAREDO MEDICAL CENTER,450029,TX,READM-30-HF-HRRP,283.0,,1.0136,21.2008,20.9165,61.0,07/01/2021,06/30/2024,1.8063050000000018
LAREDO MEDICAL CENTER,450029,TX,READM-30-AMI-HRRP,63.0,,1.0441,15.4402,14.7874,12.0,07/01/2021,06/30/2024,2.6839379999999995
CHRISTUS GOOD SHEPHERD MEDICAL CENTER,450032,TX,READM-30-PN-HRRP,817.0,,1.0762,16.8993,15.7033,143.0,07/01/2021,06/30/2024,14.704038999999995
CHRISTUS GOOD SHEPHERD MEDICAL CENTER,450032,TX,READM-30-HF-HRRP,467.0,,1.0597,20.9313,19.7527,102.0,07/01/2021,06/30/2024,9.754891
CHRISTUS GOOD SHEPHERD MEDICAL CENTER,450032,TX,READM-30-COPD-HRRP,231.0,,1.0147,18.1509,17.8874,43.0,07/01/2021,06/30/2024,1.680106000000002
CHRISTUS GOOD SHEPHERD MEDICAL CENTER,450032,TX,READM-30-AMI-HRRP,233.0,,1.061,14.5835,13.7456,37.0,07/01/2021,06/30/2024,4.972752
VHS HARLINGEN HOSPITAL COMPANY LLC,450033,TX,READM-30-PN-HRRP,322.0,,1.1422,18.0162,15.7731,67.0,07/01/2021,06/30/2024,16.210618000000004
VHS HARLINGEN HOSPITAL COMPANY LLC,450033,TX,READM-30-AMI-HRRP,99.0,,1.1217,18.041,16.0837,24.0,07/01/2021,06/30/2024,8.077136999999999
CHRISTUS SOUTHEAST TEXAS- ST ELIZABETH,450034,TX,READM-30-PN-HRRP,361.0,,1.0557,16.992,16.0962,65.0,07/01/2021,06/30/2024,6.892718000000002
CHRISTUS SOUTHEAST TEXAS- ST ELIZABETH,450034,TX,READM-30-AMI-HRRP,205.0,,1.1667,15.625,13.3925,40.0,07/01/2021,06/30/2024,12.545375000000003
COVENANT MEDICAL CENTER,450040,TX,READM-30-COPD-HRRP,119.0,,1.0055,18.1478,18.0476,22.0,07/01/2021,06/30/2024,0.5233559999999997
ASCENSION PROVIDENCE,450042,TX,READM-30-HF-HRRP,483.0,29,1.0401,20.1128,19.3372,100.0,07/01/2021,06/30/2024,6.601324000000005
ASCENSION PROVIDENCE,450042,TX,READM-30-COPD-HRRP,126.0,29,1.0419,19.0201,18.2555,27.0,07/01/2021,06/30/2024,3.9980699999999985
UT OF TEXAS  SOUTHWESTERN UNIVERSITY HOSPITAL - WILLIAM P. CLEMENTS JR.,450044,TX,READM-30-PN-HRRP,567.0,,1.0535,19.1108,18.1396,112.0,07/01/2021,06/30/2024,9.148467999999994
UT OF TEXAS  SOUTHWESTERN UNIVERSITY HOSPITAL - WILLIAM P. CLEMENTS JR.,450044,TX,READM-30-COPD-HRRP,136.0,,1.0604,18.1327,17.0998,29.0,07/01/2021,06/30/2024,5.744272000000002
UT OF TEXAS  SOUTHWESTERN UNIVERSITY HOSPITAL - WILLIAM P. CLEMENTS JR.,450044,TX,READM-30-AMI-HRRP,139.0,,1.1005,17.873,16.2401,30.0,07/01/2021,06/30/2024,7.426260999999997
CHRISTUS SPOHN HOSPITAL CORPUS CHRISTI,450046,TX,READM-30-HF-HRRP,316.0,,1.0053,19.8149,19.7104,63.0,07/01/2021,06/30/2024,0.7151360000000011
CHRISTUS SPOHN HOSPITAL CORPUS CHRISTI,450046,TX,READM-30-CABG-HRRP,64.0,,1.1332,13.5275,11.9372,12.0,07/01/2021,06/30/2024,4.360192
METHODIST DALLAS MEDICAL CENTER,450051,TX,READM-30-COPD-HRRP,64.0,,1.0346,20.9296,20.229,16.0,07/01/2021,06/30/2024,3.05344
BAYLOR SCOTT & WHITE MEDICAL CENTER - TEMPLE,450054,TX,READM-30-HF-HRRP,585.0,,1.0043,19.9466,19.8608,117.0,07/01/2021,06/30/2024,0.814319999999995
BAYLOR SCOTT & WHITE MEDICAL CENTER - TEMPLE,450054,TX,READM-30-COPD-HRRP,214.0,,1.0141,19.6028,19.3304,43.0,07/01/2021,06/30/2024,1.632944000000002
ASCENSION SETON MEDICAL CENTER AUSTIN,450056,TX,READM-30-PN-HRRP,321.0,29,1.0786,16.1801,15.0013,57.0,07/01/2021,06/30/2024,8.845827
ASCENSION SETON MEDICAL CENTER AUSTIN,450056,TX,READM-30-AMI-HRRP,125.0,29,1.0551,13.0361,12.3556,19.0,07/01/2021,06/30/2024,3.5554999999999986
BAPTIST MEDICAL CENTER,450058,TX,READM-30-HIP-KNEE-HRRP,171.0,,1.098,6.3828,5.8134,12.0,07/01/2021,06/30/2024,2.0590860000000006
TEXAS HEALTH ARLINGTON MEMORIAL HOSPITAL,450064,TX,READM-30-PN-HRRP,374.0,,1.0215,15.1312,14.8124,58.0,07/01/2021,06/30/2024,2.601624000000001
TEXAS HEALTH ARLINGTON MEMORIAL HOSPITAL,450064,TX,READM-30-COPD-HRRP,97.0,,1.0494,19.9171,18.9796,23.0,07/01/2021,06/30/2024,4.589787999999999
MEMORIAL HERMANN - TEXAS MEDICAL CENTER,450068,TX,READM-30-PN-HRRP,330.0,,1.0374,17.7169,17.0779,61.0,07/01/2021,06/30/2024,4.642930000000007
MEMORIAL HERMANN - TEXAS MEDICAL CENTER,450068,TX,READM-30-CABG-HRRP,84.0,,1.023,12.3742,12.0959,11.0,07/01/2021,06/30/2024,0.8394440000000003
CHI ST LUKE'S HEALTH BRAZOSPORT,450072,TX,READM-30-PN-HRRP,131.0,,1.0207,16.5007,16.1658,23.0,07/01/2021,06/30/2024,1.8228019999999994
CHI ST LUKE'S HEALTH BRAZOSPORT,450072,TX,READM-30-HF-HRRP,170.0,,1.0725,21.0852,19.6591,41.0,07/01/2021,06/30/2024,7.579530000000005
CHI ST LUKE'S HEALTH BRAZOSPORT,450072,TX,READM-30-COPD-HRRP,74.0,,1.0372,17.9589,17.3143,16.0,07/01/2021,06/30/2024,3.187418000000001
BAYLOR SCOTT & WHITE MEDICAL CENTER AT IRVING,450079,TX,READM-30-PN-HRRP,245.0,,1.1032,16.4988,14.956,47.0,07/01/2021,06/30/2024,10.357799999999997
BAYLOR SCOTT & WHITE MEDICAL CENTER AT IRVING,450079,TX,READM-30-HF-HRRP,287.0,,1.0876,20.1863,18.5602,64.0,07/01/2021,06/30/2024,10.732226000000004
BAYLOR SCOTT & WHITE MEDICAL CENTER AT IRVING,450079,TX,READM-30-COPD-HRRP,103.0,,1.0272,19.3898,18.8757,22.0,07/01/2021,06/30/2024,2.558029000000001
TITUS REGIONAL MEDICAL CENTER,450080,TX,READM-30-HF-HRRP,85.0,,1.0086,19.2767,19.112,17.0,07/01/2021,06/30/2024,0.754800000000003
CHRISTUS SPOHN HOSPITAL BEEVILLE,450082,TX,READM-30-PN-HRRP,50.0,,1.0609,16.083,15.1596,12.0,07/01/2021,06/30/2024,4.420200000000001
UT HEALTH EAST TEXAS TYLER REGIONAL HOSPITAL,450083,TX,READM-30-PN-HRRP,617.0,,1.0612,18.3004,17.2442,117.0,07/01/2021,06/30/2024,10.603286000000011
UT HEALTH EAST TEXAS TYLER REGIONAL HOSPITAL,450083,TX,READM-30-HF-HRRP,548.0,,1.0192,21.2766,20.8766,118.0,07/01/2021,06/30/2024,3.5962320000000005
UT HEALTH EAST TEXAS TYLER REGIONAL HOSPITAL,450083,TX,READM-30-COPD-HRRP,163.0,,1.046,20.0073,19.1281,36.0,07/01/2021,06/30/2024,4.821196999999998
UT HEALTH EAST TEXAS TYLER REGIONAL HOSPITAL,450083,TX,READM-30-CABG-HRRP,173.0,,1.1115,12.8246,11.5385,25.0,07/01/2021,06/30/2024,5.038394999999998
UT HEALTH EAST TEXAS TYLER REGIONAL HOSPITAL,450083,TX,READM-30-AMI-HRRP,368.0,,1.1497,14.8981,12.9588,62.0,07/01/2021,06/30/2024,14.311615999999994
MEDICAL CITY NORTH HILLS,450087,TX,READM-30-PN-HRRP,261.0,,1.0523,17.8199,16.9348,50.0,07/01/2021,06/30/2024,5.800172000000003
MEDICAL CITY NORTH HILLS,450087,TX,READM-30-HF-HRRP,188.0,,1.0547,20.2815,19.2291,42.0,07/01/2021,06/30/2024,5.8492920000000055
MEDICAL CITY NORTH HILLS,450087,TX,READM-30-COPD-HRRP,64.0,,1.0143,18.632,18.3687,13.0,07/01/2021,06/30/2024,1.244031999999999
MEDICAL CITY NORTH HILLS,450087,TX,READM-30-AMI-HRRP,74.0,,1.0351,15.1491,14.6349,13.0,07/01/2021,06/30/2024,2.1701739999999994
FORT DUNCAN MEDICAL CENTER,450092,TX,READM-30-HF-HRRP,47.0,,1.0503,22.0472,20.9908,14.0,07/01/2021,06/30/2024,4.134323999999999
HCA HOUSTON HEALTHCARE SOUTHEAST,450097,TX,READM-30-HF-HRRP,117.0,,1.0281,20.4792,19.9199,26.0,07/01/2021,06/30/2024,2.693717000000003
BAYLOR SCOTT & WHITE MEDICAL CENTER HILLCREST,450101,TX,READM-30-HF-HRRP,251.0,,1.0059,18.5588,18.4503,47.0,07/01/2021,06/30/2024,0.6897470000000041
BAYLOR SCOTT & WHITE MEDICAL CENTER HILLCREST,450101,TX,READM-30-COPD-HRRP,139.0,,1.0317,17.7753,17.2289,27.0,07/01/2021,06/30/2024,3.0518290000000015
GUADALUPE REGIONAL MEDICAL CENTER,450104,TX,READM-30-PN-HRRP,148.0,,1.0868,13.9493,12.8347,26.0,07/01/2021,06/30/2024,7.0046440000000025
GUADALUPE REGIONAL MEDICAL CENTER,450104,TX,READM-30-HF-HRRP,217.0,,1.0421,18.0087,17.2809,42.0,07/01/2021,06/30/2024,4.500447000000001
LAS PALMAS MEDICAL CENTER A CAMPUS OF LPDS HEALTHC,450107,TX,READM-30-PN-HRRP,342.0,,1.1155,17.7251,15.8902,68.0,07/01/2021,06/30/2024,13.655516000000006
LAS PALMAS MEDICAL CENTER A CAMPUS OF LPDS HEALTHC,450107,TX,READM-30-HF-HRRP,247.0,,1.0385,20.3442,19.5895,53.0,07/01/2021,06/30/2024,4.613934999999998
LAS PALMAS MEDICAL CENTER A CAMPUS OF LPDS HEALTHC,450107,TX,READM-30-AMI-HRRP,111.0,,1.0522,14.753,14.0213,19.0,07/01/2021,06/30/2024,3.436356999999999
SOUTH TEXAS HEALTH SYSTEM,450119,TX,READM-30-PN-HRRP,278.0,,1.1132,18.5734,16.6844,59.0,07/01/2021,06/30/2024,12.617367999999999
SOUTH TEXAS HEALTH SYSTEM,450119,TX,READM-30-HF-HRRP,354.0,,1.0433,21.9885,21.0756,81.0,07/01/2021,06/30/2024,6.3923759999999845
SOUTH TEXAS HEALTH SYSTEM,450119,TX,READM-30-AMI-HRRP,143.0,,1.0274,16.4884,16.0484,25.0,07/01/2021,06/30/2024,2.050787999999997
KNAPP MEDICAL CENTER,450128,TX,READM-30-PN-HRRP,107.0,,1.0197,17.4565,17.1201,20.0,07/01/2021,06/30/2024,1.6814929999999961
MIDLAND MEMORIAL HOSPITAL,450133,TX,READM-30-PN-HRRP,364.0,,1.0177,15.0676,14.8062,56.0,07/01/2021,06/30/2024,2.1054320000000004
MIDLAND MEMORIAL HOSPITAL,450133,TX,READM-30-COPD-HRRP,94.0,,1.0904,17.8242,16.3468,23.0,07/01/2021,06/30/2024,7.634007999999998
TEXAS HEALTH HARRIS METHODIST FORT WORTH,450135,TX,READM-30-COPD-HRRP,182.0,,1.0216,18.3627,17.9747,35.0,07/01/2021,06/30/2024,2.286045999999999
BAYLOR SCOTT AND WHITE ALL SAINTS MEDICAL CENTER,450137,TX,READM-30-PN-HRRP,247.0,,1.0407,17.9175,17.2174,47.0,07/01/2021,06/30/2024,4.473021999999993
BAYLOR SCOTT AND WHITE ALL SAINTS MEDICAL CENTER,450137,TX,READM-30-HF-HRRP,359.0,,1.0846,22.2745,20.5375,86.0,07/01/2021,06/30/2024,12.270375000000001
BAYLOR SCOTT AND WHITE ALL SAINTS MEDICAL CENTER,450137,TX,READM-30-COPD-HRRP,144.0,,1.0507,21.6443,20.5999,35.0,07/01/2021,06/30/2024,5.336143999999997
BAYLOR SCOTT AND WHITE ALL SAINTS MEDICAL CENTER,450137,TX,READM-30-AMI-HRRP,78.0,,1.0095,13.4802,13.3537,11.0,07/01/2021,06/30/2024,0.5841140000000014
DE TAR HOSPITAL NAVARRO,450147,TX,READM-30-COPD-HRRP,62.0,,1.0147,17.644,17.3886,12.0,07/01/2021,06/30/2024,1.219068
DE TAR HOSPITAL NAVARRO,450147,TX,READM-30-AMI-HRRP,140.0,,1.0965,14.4569,13.1841,25.0,07/01/2021,06/30/2024,6.542259999999999
ADVENTHEALTH CENTRAL TEXAS,450152,TX,READM-30-PN-HRRP,264.0,,1.0858,16.8511,15.5197,50.0,07/01/2021,06/30/2024,9.027991999999998
ADVENTHEALTH CENTRAL TEXAS,450152,TX,READM-30-HF-HRRP,249.0,,1.0156,20.4315,20.1182,52.0,07/01/2021,06/30/2024,1.9056819999999917
ADVENTHEALTH CENTRAL TEXAS,450152,TX,READM-30-COPD-HRRP,59.0,,1.0431,16.9152,16.2166,13.0,07/01/2021,06/30/2024,3.432205999999999
ADVENTHEALTH CENTRAL TEXAS,450152,TX,READM-30-AMI-HRRP,95.0,,1.0226,13.536,13.2366,14.0,07/01/2021,06/30/2024,1.4252300000000009
VAL VERDE REGIONAL MEDICAL CENTER,450154,TX,READM-30-HF-HRRP,78.0,,1.0238,18.376,17.9493,16.0,07/01/2021,06/30/2024,1.9995459999999987
CHRISTUS SPOHN HOSPITAL KLEBERG,450163,TX,READM-30-HF-HRRP,43.0,,1.0294,20.6407,20.0511,11.0,07/01/2021,06/30/2024,2.3780269999999994
METHODIST HOSPITAL ATASCOSA,450165,TX,READM-30-HF-HRRP,49.0,,1.0219,19.2761,18.8632,11.0,07/01/2021,06/30/2024,1.7570320000000006
MISSION REGIONAL MEDICAL CENTER,450176,TX,READM-30-PN-HRRP,262.0,,1.0478,17.8621,17.0476,50.0,07/01/2021,06/30/2024,5.335288000000006
MISSION REGIONAL MEDICAL CENTER,450176,TX,READM-30-HF-HRRP,84.0,,1.0695,22.5822,21.1145,24.0,07/01/2021,06/30/2024,6.263819999999999
MISSION REGIONAL MEDICAL CENTER,450176,TX,READM-30-COPD-HRRP,46.0,,1.0257,19.7106,19.2168,11.0,07/01/2021,06/30/2024,2.160271999999999
MEMORIAL HERMANN HOSPITAL SYSTEM,450184,TX,READM-30-PN-HRRP,1483.0,,1.0357,17.5047,16.901,262.0,07/01/2021,06/30/2024,11.358170000000001
MEMORIAL HERMANN HOSPITAL SYSTEM,450184,TX,READM-30-HF-HRRP,1510.0,,1.014,20.8592,20.5716,316.0,07/01/2021,06/30/2024,5.368839999999977
MEMORIAL HERMANN HOSPITAL SYSTEM,450184,TX,READM-30-CABG-HRRP,213.0,,1.0779,12.2198,11.3363,28.0,07/01/2021,06/30/2024,3.8536810000000017
MEMORIAL HERMANN HOSPITAL SYSTEM,450184,TX,READM-30-AMI-HRRP,372.0,,1.0661,14.7038,13.7919,58.0,07/01/2021,06/30/2024,6.694131999999996
PARIS REGIONAL MEDICAL CENTER,450196,TX,READM-30-HF-HRRP,413.0,,1.0236,20.8924,20.4099,88.0,07/01/2021,06/30/2024,3.7071129999999926
PARIS REGIONAL MEDICAL CENTER,450196,TX,READM-30-COPD-HRRP,206.0,,1.1348,22.4501,19.784,56.0,07/01/2021,06/30/2024,15.244959999999999
WADLEY REGIONAL MEDICAL CENTER,450200,TX,READM-30-PN-HRRP,185.0,,1.0743,16.3366,15.2062,35.0,07/01/2021,06/30/2024,6.86853
WADLEY REGIONAL MEDICAL CENTER,450200,TX,READM-30-HF-HRRP,156.0,,1.0291,18.5653,18.0395,31.0,07/01/2021,06/30/2024,2.8583800000000004
WADLEY REGIONAL MEDICAL CENTER,450200,TX,READM-30-COPD-HRRP,81.0,,1.001,15.9659,15.9506,13.0,07/01/2021,06/30/2024,0.08001399999999848
MEDICAL CITY WEATHERFORD,450203,TX,READM-30-PN-HRRP,480.0,,1.0394,17.1648,16.5141,85.0,07/01/2021,06/30/2024,5.732320000000016
MEDICAL CITY WEATHERFORD,450203,TX,READM-30-HF-HRRP,228.0,,1.0593,21.3892,20.1909,53.0,07/01/2021,06/30/2024,6.964748
MEDICAL CITY WEATHERFORD,450203,TX,READM-30-COPD-HRRP,63.0,,1.0503,22.3968,21.3252,18.0,07/01/2021,06/30/2024,4.565124000000001
MEDICAL CITY WEATHERFORD,450203,TX,READM-30-AMI-HRRP,99.0,,1.0693,14.712,13.7589,18.0,07/01/2021,06/30/2024,4.378688999999998
CHI ST LUKES HEALTH MEMORIAL LUFKIN,450211,TX,READM-30-PN-HRRP,230.0,,1.0032,15.9927,15.9409,37.0,07/01/2021,06/30/2024,0.3359299999999976
CHI ST LUKES HEALTH MEMORIAL LUFKIN,450211,TX,READM-30-HF-HRRP,216.0,,1.0666,19.6109,18.387,47.0,07/01/2021,06/30/2024,7.284079999999996
CHI ST LUKES HEALTH MEMORIAL LUFKIN,450211,TX,READM-30-AMI-HRRP,110.0,,1.0871,13.4417,12.3646,19.0,07/01/2021,06/30/2024,5.398940000000001
UNIVERSITY HEALTH SYSTEM,450213,TX,READM-30-HF-HRRP,164.0,,1.0345,19.841,19.1788,35.0,07/01/2021,06/30/2024,3.5467680000000037
HCA HOUSTON HEALTHCARE CONROE,450222,TX,READM-30-PN-HRRP,254.0,,1.1161,17.9088,16.0458,53.0,07/01/2021,06/30/2024,12.243668
HCA HOUSTON HEALTHCARE CONROE,450222,TX,READM-30-HF-HRRP,248.0,,1.0241,19.8628,19.3946,51.0,07/01/2021,06/30/2024,2.9013920000000013
HCA HOUSTON HEALTHCARE CONROE,450222,TX,READM-30-COPD-HRRP,96.0,,1.0159,17.5291,17.2547,18.0,07/01/2021,06/30/2024,1.4354879999999994
HCA HOUSTON HEALTHCARE CONROE,450222,TX,READM-30-AMI-HRRP,117.0,,1.1348,14.1837,12.4992,23.0,07/01/2021,06/30/2024,8.375936
HENDRICK MEDICAL CENTER,450229,TX,READM-30-HIP-KNEE-HRRP,579.0,,1.0014,4.6604,4.6538,27.0,07/01/2021,06/30/2024,0.054497999999998825
HENDRICK MEDICAL CENTER,450229,TX,READM-30-AMI-HRRP,403.0,,1.0354,13.2095,12.758,55.0,07/01/2021,06/30/2024,3.585259999999998
BSA HOSPITAL,450231,TX,READM-30-CABG-HRRP,145.0,,1.1491,10.6573,9.2748,19.0,07/01/2021,06/30/2024,5.551539999999999
BSA HOSPITAL,450231,TX,READM-30-AMI-HRRP,330.0,,1.0429,12.3944,11.8841,43.0,07/01/2021,06/30/2024,3.7824699999999964
CHRISTUS SANTA ROSA MEDICAL CENTER,450237,TX,READM-30-HF-HRRP,782.0,,1.0181,19.9098,19.5564,157.0,07/01/2021,06/30/2024,4.068951999999996
CHRISTUS SANTA ROSA MEDICAL CENTER,450237,TX,READM-30-CABG-HRRP,136.0,,1.0654,11.2867,10.5937,17.0,07/01/2021,06/30/2024,2.592568
CHRISTUS SANTA ROSA MEDICAL CENTER,450237,TX,READM-30-AMI-HRRP,485.0,,1.0572,15.6879,14.839,79.0,07/01/2021,06/30/2024,7.030850000000001
MEDICAL CITY DECATUR,450271,TX,READM-30-HF-HRRP,192.0,,1.1327,21.7999,19.2452,51.0,07/01/2021,06/30/2024,14.049216000000001
MEDICAL CITY DECATUR,450271,TX,READM-30-COPD-HRRP,103.0,,1.0456,19.085,18.2518,23.0,07/01/2021,06/30/2024,4.2006460000000025
MEDICAL CITY DECATUR,450271,TX,READM-30-AMI-HRRP,85.0,,1.1288,14.955,13.2481,19.0,07/01/2021,06/30/2024,7.739114999999998
CHRISTUS SANTA ROSA HOSPITAL-SAN MARCOS,450272,TX,READM-30-PN-HRRP,123.0,,1.0524,13.5888,12.9125,20.0,07/01/2021,06/30/2024,4.117625000000002
HARRIS HEALTH,450289,TX,READM-30-HF-HRRP,54.0,,1.0334,23.1677,22.4198,15.0,07/01/2021,06/30/2024,2.893308000000001
TEXOMA MEDICAL CENTER,450324,TX,READM-30-PN-HRRP,1026.0,,1.1744,20.4488,17.4116,221.0,07/01/2021,06/30/2024,42.35698400000001
TEXOMA MEDICAL CENTER,450324,TX,READM-30-HF-HRRP,763.0,,1.0884,22.6285,20.7899,179.0,07/01/2021,06/30/2024,20.373063000000002
OAKBEND MEDICAL CENTER,450330,TX,READM-30-PN-HRRP,79.0,,1.0402,20.4878,19.6952,19.0,07/01/2021,06/30/2024,3.440792
BAPTIST BEAUMONT HOSPITAL,450346,TX,READM-30-PN-HRRP,332.0,29,1.0473,17.1247,16.3512,60.0,07/01/2021,06/30/2024,5.714016000000001
BAPTIST BEAUMONT HOSPITAL,450346,TX,READM-30-HF-HRRP,261.0,29,1.0112,19.613,19.3952,52.0,07/01/2021,06/30/2024,1.3785280000000029
HUNTSVILLE MEMORIAL HOSPITAL,450347,TX,READM-30-PN-HRRP,168.0,,1.0033,14.1591,14.113,24.0,07/01/2021,06/30/2024,0.2901600000000002
HUNTSVILLE MEMORIAL HOSPITAL,450347,TX,READM-30-HF-HRRP,112.0,,1.083,19.034,17.5756,27.0,07/01/2021,06/30/2024,7.315327999999997
HUNTSVILLE MEMORIAL HOSPITAL,450347,TX,READM-30-COPD-HRRP,76.0,,1.0021,15.5927,15.5601,12.0,07/01/2021,06/30/2024,0.17432400000000037
TEXAS HEALTH HARRIS METHODIST HOSPITAL STEPHENVILL,450351,TX,READM-30-HF-HRRP,55.0,,1.048,17.6698,16.8604,13.0,07/01/2021,06/30/2024,3.7267800000000015
HUNT REGIONAL MEDICAL CENTER,450352,TX,READM-30-PN-HRRP,416.0,,1.0645,16.3072,15.3197,72.0,07/01/2021,06/30/2024,8.270048000000003
HUNT REGIONAL MEDICAL CENTER,450352,TX,READM-30-HF-HRRP,366.0,,1.0167,19.345,19.0274,72.0,07/01/2021,06/30/2024,2.359716000000006
HUNT REGIONAL MEDICAL CENTER,450352,TX,READM-30-AMI-HRRP,90.0,,1.0654,15.1915,14.2583,17.0,07/01/2021,06/30/2024,4.167529999999999
COLUMBUS COMMUNITY HOSPITAL,450370,TX,READM-30-HF-HRRP,57.0,,1.0167,17.262,16.9782,11.0,07/01/2021,06/30/2024,1.3224259999999983
BAYLOR SCOTT & WHITE MEDICAL CENTER- WAXAHACHIE,450372,TX,READM-30-PN-HRRP,276.0,,1.0258,15.3319,14.946,44.0,07/01/2021,06/30/2024,2.749040000000001
BAYLOR SCOTT & WHITE MEDICAL CENTER- WAXAHACHIE,450372,TX,READM-30-HF-HRRP,357.0,,1.0851,20.4673,18.8629,79.0,07/01/2021,06/30/2024,11.659447
BAYLOR SCOTT & WHITE MEDICAL CENTER- WAXAHACHIE,450372,TX,READM-30-AMI-HRRP,37.0,,1.1342,12.7926,11.2792,11.0,07/01/2021,06/30/2024,6.826696
DALLAS MEDICAL CENTER,450379,TX,READM-30-PN-HRRP,56.0,,1.0205,17.1646,16.8191,11.0,07/01/2021,06/30/2024,1.5813040000000012
METHODIST HOSPITAL,450388,TX,READM-30-PN-HRRP,1858.0,,1.0155,15.9295,15.6863,297.0,07/01/2021,06/30/2024,5.5485459999999875
METHODIST HOSPITAL,450388,TX,READM-30-HF-HRRP,2319.0,,1.0109,19.1558,18.9501,445.0,07/01/2021,06/30/2024,5.547180999999966
METHODIST HOSPITAL,450388,TX,READM-30-COPD-HRRP,319.0,,1.0608,18.075,17.0393,62.0,07/01/2021,06/30/2024,7.644632999999992
METHODIST HOSPITAL,450388,TX,READM-30-AMI-HRRP,829.0,,1.0698,13.8208,12.919,118.0,07/01/2021,06/30/2024,10.901489999999995
UT HEALTH EAST TEXAS ATHENS HOSPITAL,450389,TX,READM-30-PN-HRRP,299.0,,1.0765,16.0888,14.9452,53.0,07/01/2021,06/30/2024,8.313851999999997
UT HEALTH EAST TEXAS ATHENS HOSPITAL,450389,TX,READM-30-HF-HRRP,142.0,,1.0036,19.5367,19.4671,28.0,07/01/2021,06/30/2024,0.35671800000000076
UT HEALTH EAST TEXAS ATHENS HOSPITAL,450389,TX,READM-30-COPD-HRRP,86.0,,1.0743,19.3166,17.9812,22.0,07/01/2021,06/30/2024,6.536168
CHI ST LUKES HEALTH MEMORIAL LIVINGSTON,450395,TX,READM-30-HF-HRRP,52.0,,1.0507,16.5209,15.723,12.0,07/01/2021,06/30/2024,3.82404
PARKVIEW REGIONAL HOSPITAL,450400,TX,READM-30-PN-HRRP,75.0,,1.0329,14.523,14.0602,13.0,07/01/2021,06/30/2024,2.4548500000000004
MEDICAL CENTER OF MCKINNEY,450403,TX,READM-30-PN-HRRP,516.0,,1.0716,17.4987,16.33,95.0,07/01/2021,06/30/2024,10.737200000000016
MEDICAL CENTER OF MCKINNEY,450403,TX,READM-30-HIP-KNEE-HRRP,337.0,,1.1382,5.7884,5.0856,21.0,07/01/2021,06/30/2024,3.861528
MEDICAL CENTER OF MCKINNEY,450403,TX,READM-30-HF-HRRP,283.0,,1.0624,21.0445,19.8093,64.0,07/01/2021,06/30/2024,7.939681
HOUSTON METHODIST BAYTOWN HOSPITAL,450424,TX,READM-30-COPD-HRRP,96.0,,1.0248,22.9707,22.4139,24.0,07/01/2021,06/30/2024,2.4826559999999986
ST DAVID'S MEDICAL CENTER,450431,TX,READM-30-PN-HRRP,683.0,,1.1245,16.8609,14.9942,123.0,07/01/2021,06/30/2024,20.58961400000001
ST DAVID'S MEDICAL CENTER,450431,TX,READM-30-COPD-HRRP,150.0,,1.1027,19.1415,17.3588,36.0,07/01/2021,06/30/2024,9.9618
NAVARRO REGIONAL HOSPITAL,450447,TX,READM-30-PN-HRRP,154.0,,1.0974,17.3633,15.8218,33.0,07/01/2021,06/30/2024,8.634428
WILSON N JONES REGIONAL MEDICAL CENTER,450469,TX,READM-30-HF-HRRP,113.0,29,1.0525,19.6999,18.7169,26.0,07/01/2021,06/30/2024,4.849903000000001
WOODLAND HEIGHTS MEDICAL CENTER,450484,TX,READM-30-PN-HRRP,306.0,,1.0118,17.7108,17.5044,55.0,07/01/2021,06/30/2024,1.4365359999999967
WOODLAND HEIGHTS MEDICAL CENTER,450484,TX,READM-30-AMI-HRRP,88.0,,1.0253,12.2098,11.9082,12.0,07/01/2021,06/30/2024,1.520783999999999
NACOGDOCHES MEMORIAL HOSPITAL,450508,TX,READM-30-PN-HRRP,119.0,,1.1042,17.0613,15.4517,27.0,07/01/2021,06/30/2024,8.612476999999998
NACOGDOCHES MEMORIAL HOSPITAL,450508,TX,READM-30-HF-HRRP,121.0,,1.044,19.7301,18.8985,27.0,07/01/2021,06/30/2024,4.132815000000001
THE MEDICAL CENTER OF SOUTHEAST TEXAS,450518,TX,READM-30-HF-HRRP,149.0,,1.0083,19.0657,18.9091,29.0,07/01/2021,06/30/2024,0.8254410000000014
THE MEDICAL CENTER OF SOUTHEAST TEXAS,450518,TX,READM-30-COPD-HRRP,85.0,,1.0281,18.7569,18.2438,18.0,07/01/2021,06/30/2024,2.49277
THE MEDICAL CENTER OF SOUTHEAST TEXAS,450518,TX,READM-30-AMI-HRRP,62.0,,1.056,14.8424,14.0556,12.0,07/01/2021,06/30/2024,3.2855279999999993
BAYLOR SCOTT & WHITE MEDICAL CENTER  GRAPEVINE,450563,TX,READM-30-COPD-HRRP,179.0,,1.0184,18.7936,18.4536,35.0,07/01/2021,06/30/2024,1.9680559999999971
BAYLOR SCOTT & WHITE MEDICAL CENTER  GRAPEVINE,450563,TX,READM-30-AMI-HRRP,123.0,,1.0314,13.3524,12.9456,18.0,07/01/2021,06/30/2024,2.0769119999999983
SHANNON MEDICAL CENTER,450571,TX,READM-30-COPD-HRRP,181.0,,1.0266,17.7255,17.2654,34.0,07/01/2021,06/30/2024,2.7496259999999992
SHANNON MEDICAL CENTER,450571,TX,READM-30-CABG-HRRP,83.0,,1.0995,10.3327,9.3975,11.0,07/01/2021,06/30/2024,3.200075
LAKE GRANBURY MEDICAL CENTER,450596,TX,READM-30-HF-HRRP,126.0,,1.0519,19.3436,18.3884,28.0,07/01/2021,06/30/2024,4.830615999999999
HILL COUNTRY MEMORIAL HOSPITAL,450604,TX,READM-30-HF-HRRP,81.0,,1.0082,16.5796,16.4443,14.0,07/01/2021,06/30/2024,0.680117000000001
MEMORIAL HERMANN MEMORIAL CITY HOSPITAL,450610,TX,READM-30-AMI-HRRP,125.0,,1.0112,13.9454,13.7909,18.0,07/01/2021,06/30/2024,0.761375000000001
HCA HOUSTON HEALTHCARE CLEAR LAKE,450617,TX,READM-30-PN-HRRP,486.0,,1.1114,19.0706,17.1585,100.0,07/01/2021,06/30/2024,16.60969
HCA HOUSTON HEALTHCARE CLEAR LAKE,450617,TX,READM-30-HF-HRRP,624.0,,1.0617,22.3598,21.0609,144.0,07/01/2021,06/30/2024,12.579983999999996
MEDICAL CITY DENTON,450634,TX,READM-30-PN-HRRP,513.0,,1.0884,17.2117,15.8134,94.0,07/01/2021,06/30/2024,12.877257999999998
MEDICAL CITY DENTON,450634,TX,READM-30-HF-HRRP,283.0,,1.066,21.9929,20.6303,67.0,07/01/2021,06/30/2024,8.616251000000005
MEDICAL CITY DENTON,450634,TX,READM-30-AMI-HRRP,97.0,,1.027,13.0466,12.7035,14.0,07/01/2021,06/30/2024,1.6776049999999998
HCA HOUSTON HEALTHCARE NORTHWEST,450638,TX,READM-30-PN-HRRP,108.0,,1.0259,19.6271,19.1314,23.0,07/01/2021,06/30/2024,2.3380880000000026
HCA HOUSTON HEALTHCARE NORTHWEST,450638,TX,READM-30-HF-HRRP,99.0,,1.0621,24.6212,23.1822,29.0,07/01/2021,06/30/2024,6.049621999999996
TEXAS HEALTH HARRIS METHODIST HURST-EULESS-BEDFORD,450639,TX,READM-30-PN-HRRP,448.0,,1.1385,18.1248,15.9192,90.0,07/01/2021,06/30/2024,18.681984
TEXAS HEALTH HARRIS METHODIST HURST-EULESS-BEDFORD,450639,TX,READM-30-HF-HRRP,421.0,,1.0596,19.9083,18.7876,88.0,07/01/2021,06/30/2024,8.904203999999993
TEXAS HEALTH HARRIS METHODIST HURST-EULESS-BEDFORD,450639,TX,READM-30-COPD-HRRP,131.0,,1.0427,18.9898,18.2122,28.0,07/01/2021,06/30/2024,4.142018
TEXAS HEALTH HARRIS METHODIST HURST-EULESS-BEDFORD,450639,TX,READM-30-AMI-HRRP,104.0,,1.0535,14.7207,13.9731,18.0,07/01/2021,06/30/2024,3.467976
DOCTORS HOSPITAL OF LAREDO,450643,TX,READM-30-PN-HRRP,161.0,,1.0872,17.5967,16.1857,34.0,07/01/2021,06/30/2024,7.941023000000001
HCA HOUSTON HEALTHCARE WEST,450644,TX,READM-30-HF-HRRP,142.0,,1.0225,21.3649,20.8951,32.0,07/01/2021,06/30/2024,2.328958
MEDICAL CITY DALLAS HOSPITAL,450647,TX,READM-30-PN-HRRP,372.0,,1.0026,15.5456,15.5059,58.0,07/01/2021,06/30/2024,0.31805200000000156
MEDICAL CITY DALLAS HOSPITAL,450647,TX,READM-30-HF-HRRP,459.0,,1.005,19.5287,19.431,90.0,07/01/2021,06/30/2024,0.8117099999999908
MEDICAL CITY DALLAS HOSPITAL,450647,TX,READM-30-COPD-HRRP,109.0,,1.043,17.378,16.6613,22.0,07/01/2021,06/30/2024,3.8391829999999985
MEDICAL CITY DALLAS HOSPITAL,450647,TX,READM-30-AMI-HRRP,141.0,,1.0449,14.708,14.0765,23.0,07/01/2021,06/30/2024,3.1521350000000012
MEDICAL CITY PLANO,450651,TX,READM-30-HIP-KNEE-HRRP,272.0,,1.0569,5.6482,5.3443,16.0,07/01/2021,06/30/2024,1.4635040000000004
MEDICAL CITY PLANO,450651,TX,READM-30-COPD-HRRP,84.0,,1.0187,17.4152,17.0947,16.0,07/01/2021,06/30/2024,1.6404520000000016
SCENIC MOUNTAIN MEDICAL CENTER,450653,TX,READM-30-PN-HRRP,50.0,,1.0566,14.8202,14.026,11.0,07/01/2021,06/30/2024,3.987
STARR COUNTY MEMORIAL HOSPITAL,450654,TX,READM-30-PN-HRRP,73.0,,1.0419,18.0732,17.3469,16.0,07/01/2021,06/30/2024,3.3367629999999995
NACOGDOCHES MEDICAL CENTER,450656,TX,READM-30-PN-HRRP,298.0,,1.026,16.2017,15.7908,50.0,07/01/2021,06/30/2024,2.943415999999992
NACOGDOCHES MEDICAL CENTER,450656,TX,READM-30-HF-HRRP,174.0,,1.0094,18.579,18.4055,33.0,07/01/2021,06/30/2024,0.9744299999999981
NACOGDOCHES MEDICAL CENTER,450656,TX,READM-30-AMI-HRRP,82.0,,1.034,12.5948,12.1809,12.0,07/01/2021,06/30/2024,2.0116619999999994
HCA HOUSTON HEALTHCARE MEDICAL CENTER,450659,TX,READM-30-PN-HRRP,62.0,,1.0733,19.5361,18.2021,17.0,07/01/2021,06/30/2024,5.7146979999999985
VALLEY REGIONAL MEDICAL CENTER,450662,TX,READM-30-HF-HRRP,160.0,,1.0524,21.9972,20.902,39.0,07/01/2021,06/30/2024,5.5567999999999955
VALLEY REGIONAL MEDICAL CENTER,450662,TX,READM-30-AMI-HRRP,101.0,,1.0522,15.2302,14.4749,18.0,07/01/2021,06/30/2024,3.380351000000001
SIERRA MEDICAL CENTER,450668,TX,READM-30-HF-HRRP,188.0,,1.0278,20.7443,20.1841,41.0,07/01/2021,06/30/2024,3.0538919999999976
MEDICAL CITY LEWISVILLE,450669,TX,READM-30-PN-HRRP,239.0,,1.0382,16.5194,15.9113,42.0,07/01/2021,06/30/2024,3.9719929999999977
MEDICAL CITY LEWISVILLE,450669,TX,READM-30-COPD-HRRP,53.0,,1.0255,19.0855,18.6116,12.0,07/01/2021,06/30/2024,2.135852
HCA HOUSTON HEALTHCARE TOMBALL,450670,TX,READM-30-PN-HRRP,249.0,,1.021,16.7031,16.3601,43.0,07/01/2021,06/30/2024,2.263351
HCA HOUSTON HEALTHCARE TOMBALL,450670,TX,READM-30-HF-HRRP,205.0,,1.0782,21.19,19.6525,49.0,07/01/2021,06/30/2024,8.712375000000002
HCA HOUSTON HEALTHCARE TOMBALL,450670,TX,READM-30-COPD-HRRP,92.0,,1.0218,16.779,16.4217,17.0,07/01/2021,06/30/2024,1.8920359999999992
HCA HOUSTON HEALTHCARE TOMBALL,450670,TX,READM-30-AMI-HRRP,114.0,,1.1333,16.9996,15.0005,26.0,07/01/2021,06/30/2024,8.899429999999999
MEDICAL CITY FORT WORTH,450672,TX,READM-30-PN-HRRP,242.0,,1.0425,19.0511,18.2752,49.0,07/01/2021,06/30/2024,4.774015999999996
MEDICAL CITY FORT WORTH,450672,TX,READM-30-HF-HRRP,263.0,,1.0387,21.7413,20.9305,60.0,07/01/2021,06/30/2024,4.952785000000006
MEDICAL CITY FORT WORTH,450672,TX,READM-30-COPD-HRRP,44.0,,1.0305,19.7955,19.2092,11.0,07/01/2021,06/30/2024,2.5479520000000004
MEDICAL CITY FORT WORTH,450672,TX,READM-30-AMI-HRRP,142.0,,1.2367,17.5748,14.2113,36.0,07/01/2021,06/30/2024,15.819954000000003
MEDICAL CITY ARLINGTON,450675,TX,READM-30-PN-HRRP,385.0,,1.0996,17.55,15.961,74.0,07/01/2021,06/30/2024,12.550150000000002
MEDICAL CITY ARLINGTON,450675,TX,READM-30-HF-HRRP,264.0,,1.041,21.2229,20.3874,59.0,07/01/2021,06/30/2024,5.177264000000001
MEDICAL CITY ARLINGTON,450675,TX,READM-30-AMI-HRRP,100.0,,1.097,15.217,13.8713,20.0,07/01/2021,06/30/2024,6.1287
TEXAS HEALTH HUGULEY HOSPITAL FORT WORTH SOUTH,450677,TX,READM-30-COPD-HRRP,139.0,,1.0959,20.1232,18.3618,35.0,07/01/2021,06/30/2024,9.477098000000005
TEXAS HEALTH HUGULEY HOSPITAL FORT WORTH SOUTH,450677,TX,READM-30-AMI-HRRP,85.0,,1.0848,16.1565,14.8936,18.0,07/01/2021,06/30/2024,5.340440000000001
WHITE ROCK MEDICAL CENTER,450678,TX,READM-30-PN-HRRP,122.0,,1.0741,17.3336,16.1379,26.0,07/01/2021,06/30/2024,6.311762000000002
WHITE ROCK MEDICAL CENTER,450678,TX,READM-30-HF-HRRP,95.0,,1.0675,21.1905,19.85,25.0,07/01/2021,06/30/2024,6.142499999999998
MEMORIAL HERMANN NORTHEAST HOSPITAL,450684,TX,READM-30-PN-HRRP,389.0,,1.0459,19.244,18.3999,78.0,07/01/2021,06/30/2024,6.424389000000005
MEMORIAL HERMANN NORTHEAST HOSPITAL,450684,TX,READM-30-HF-HRRP,409.0,,1.0059,20.9214,20.7996,86.0,07/01/2021,06/30/2024,0.9296359999999879
UNIVERSITY MEDICAL CENTER,450686,TX,READM-30-HF-HRRP,329.0,,1.053,20.7365,19.6934,72.0,07/01/2021,06/30/2024,7.2087140000000005
UNIVERSITY MEDICAL CENTER,450686,TX,READM-30-COPD-HRRP,137.0,,1.0512,19.8893,18.9212,31.0,07/01/2021,06/30/2024,5.077956
UNIVERSITY MEDICAL CENTER,450686,TX,READM-30-CABG-HRRP,134.0,,1.0637,11.4806,10.7932,17.0,07/01/2021,06/30/2024,2.5371120000000005
DALLAS REGIONAL MEDICAL CENTER,450688,TX,READM-30-PN-HRRP,197.0,,1.0145,17.7721,17.5174,36.0,07/01/2021,06/30/2024,1.490721999999998
DALLAS REGIONAL MEDICAL CENTER,450688,TX,READM-30-COPD-HRRP,64.0,,1.0824,18.9518,17.5097,18.0,07/01/2021,06/30/2024,6.793792000000002
EL CAMPO MEMORIAL HOSPITAL,450694,TX,READM-30-HF-HRRP,85.0,,1.0458,23.0919,22.0816,23.0,07/01/2021,06/30/2024,4.2306399999999975
LONGVIEW REGIONAL MEDICAL CENTER,450702,TX,READM-30-PN-HRRP,409.0,,1.0351,15.5793,15.0516,66.0,07/01/2021,06/30/2024,4.4389559999999975
LONGVIEW REGIONAL MEDICAL CENTER,450702,TX,READM-30-AMI-HRRP,158.0,,1.1642,15.8832,13.6434,33.0,07/01/2021,06/30/2024,11.443428
HOUSTON METHODIST CLEAR LAKE HOSPITAL,450709,TX,READM-30-PN-HRRP,292.0,,1.0295,18.1448,17.6253,55.0,07/01/2021,06/30/2024,3.5341240000000056
HOUSTON METHODIST CLEAR LAKE HOSPITAL,450709,TX,READM-30-AMI-HRRP,100.0,,1.1061,17.5985,15.911,23.0,07/01/2021,06/30/2024,7.089
RIO GRANDE REGIONAL HOSPITAL,450711,TX,READM-30-PN-HRRP,163.0,,1.0217,18.7255,18.3286,32.0,07/01/2021,06/30/2024,2.1243820000000007
ST DAVID'S SOUTH AUSTIN MEDICAL CENTER,450713,TX,READM-30-PN-HRRP,562.0,,1.0146,16.0193,15.7893,91.0,07/01/2021,06/30/2024,2.2641339999999985
ST DAVID'S SOUTH AUSTIN MEDICAL CENTER,450713,TX,READM-30-COPD-HRRP,92.0,,1.0493,16.8623,16.0701,19.0,07/01/2021,06/30/2024,4.215508
ST DAVID'S SOUTH AUSTIN MEDICAL CENTER,450713,TX,READM-30-AMI-HRRP,204.0,,1.0547,12.4228,11.7783,28.0,07/01/2021,06/30/2024,3.9722679999999997
ROUND ROCK MEDICAL CENTER,450718,TX,READM-30-CABG-HRRP,121.0,,1.0519,11.3099,10.7519,15.0,07/01/2021,06/30/2024,1.9902010000000008
METHODIST CHARLTON MEDICAL CENTER,450723,TX,READM-30-PN-HRRP,239.0,,1.0053,17.0043,16.915,41.0,07/01/2021,06/30/2024,0.5731499999999983
METHODIST CHARLTON MEDICAL CENTER,450723,TX,READM-30-HF-HRRP,321.0,,1.0478,21.0498,20.0899,71.0,07/01/2021,06/30/2024,6.511420999999999
METHODIST CHARLTON MEDICAL CENTER,450723,TX,READM-30-COPD-HRRP,80.0,,1.0006,18.6913,18.6794,15.0,07/01/2021,06/30/2024,0.05647999999999875
CARROLLTON REGIONAL MEDICAL CENTER,450730,TX,READM-30-PN-HRRP,114.0,,1.0015,14.8232,14.8007,17.0,07/01/2021,06/30/2024,0.12720200000000048
CARROLLTON REGIONAL MEDICAL CENTER,450730,TX,READM-30-HF-HRRP,56.0,,1.0167,19.3142,18.9976,12.0,07/01/2021,06/30/2024,1.3613440000000008
BAYLOR SCOTT AND WHITE MEDICAL CENTER LAKE POINTE,450742,TX,READM-30-PN-HRRP,298.0,,1.1036,15.9448,14.4482,54.0,07/01/2021,06/30/2024,10.944364
BAYLOR SCOTT AND WHITE MEDICAL CENTER LAKE POINTE,450742,TX,READM-30-HF-HRRP,297.0,,1.1098,22.3074,20.1004,74.0,07/01/2021,06/30/2024,14.301811999999998
BAYLOR SCOTT AND WHITE MEDICAL CENTER LAKE POINTE,450742,TX,READM-30-COPD-HRRP,135.0,,1.0382,19.3979,18.6833,29.0,07/01/2021,06/30/2024,3.777545
TEXAS HEALTH PRESBYTERIAN HOSPITAL DENTON,450743,TX,READM-30-PN-HRRP,517.0,,1.0335,15.8249,15.3122,84.0,07/01/2021,06/30/2024,4.835926000000001
PALESTINE REGIONAL MEDICAL CENTER,450747,TX,READM-30-PN-HRRP,149.0,,1.0197,14.5807,14.2997,23.0,07/01/2021,06/30/2024,1.6934470000000026
PALESTINE REGIONAL MEDICAL CENTER,450747,TX,READM-30-HF-HRRP,94.0,,1.0064,19.7199,19.595,19.0,07/01/2021,06/30/2024,0.5807000000000002
PALESTINE REGIONAL MEDICAL CENTER,450747,TX,READM-30-COPD-HRRP,33.0,,1.0873,20.2546,18.6276,13.0,07/01/2021,06/30/2024,6.852892
TEXAS HEALTH PRESBYTERIAN HOSPITAL PLANO,450771,TX,READM-30-PN-HRRP,562.0,,1.0558,16.0783,15.2279,94.0,07/01/2021,06/30/2024,8.419201999999999
TEXAS HEALTH PRESBYTERIAN HOSPITAL PLANO,450771,TX,READM-30-HF-HRRP,374.0,,1.0176,20.246,19.8963,77.0,07/01/2021,06/30/2024,2.587838000000005
TEXAS HEALTH PRESBYTERIAN HOSPITAL PLANO,450771,TX,READM-30-AMI-HRRP,108.0,,1.1189,13.2905,11.8784,20.0,07/01/2021,06/30/2024,7.171328000000001
HCA HOUSTON HEALTHCARE KINGWOOD,450775,TX,READM-30-PN-HRRP,827.0,,1.0191,17.8593,17.5249,149.0,07/01/2021,06/30/2024,4.069077000000021
HCA HOUSTON HEALTHCARE KINGWOOD,450775,TX,READM-30-AMI-HRRP,170.0,,1.1238,15.8506,14.1041,33.0,07/01/2021,06/30/2024,9.023029999999999
TEXAS HEALTH HARRIS METHODIST HOSPITAL SOUTHWEST F,450779,TX,READM-30-AMI-HRRP,142.0,,1.0422,12.6255,12.1145,20.0,07/01/2021,06/30/2024,2.7974099999999993
"CORPUS CHRISTI MEDICAL CENTER,THE",450788,TX,READM-30-CABG-HRRP,92.0,,1.2193,13.8395,11.3501,18.0,07/01/2021,06/30/2024,7.557908000000001
CHRISTUS ST MICHAEL HEALTH SYSTEM,450801,TX,READM-30-PN-HRRP,646.0,,1.0194,15.4375,15.1442,101.0,07/01/2021,06/30/2024,3.1684680000000043
CHRISTUS ST MICHAEL HEALTH SYSTEM,450801,TX,READM-30-CABG-HRRP,178.0,,1.0069,10.575,10.5029,19.0,07/01/2021,06/30/2024,0.30483800000000016
CHRISTUS ST MICHAEL HEALTH SYSTEM,450801,TX,READM-30-AMI-HRRP,266.0,,1.1119,12.674,11.3982,39.0,07/01/2021,06/30/2024,8.680788000000003
NORTH AUSTIN MEDICAL CENTER,450809,TX,READM-30-PN-HRRP,532.0,,1.108,16.5711,14.9565,95.0,07/01/2021,06/30/2024,15.431420000000003
NORTH AUSTIN MEDICAL CENTER,450809,TX,READM-30-AMI-HRRP,114.0,,1.0459,12.948,12.3802,17.0,07/01/2021,06/30/2024,2.8865719999999992
HOUSTON METHODIST SUGARLAND HOSPITAL,450820,TX,READM-30-HF-HRRP,994.0,,1.0519,23.0554,21.9176,233.0,07/01/2021,06/30/2024,15.139055999999982
HOUSTON METHODIST SUGARLAND HOSPITAL,450820,TX,READM-30-AMI-HRRP,161.0,,1.0876,16.5161,15.1861,31.0,07/01/2021,06/30/2024,6.5503789999999995
MEDICAL CITY LAS COLINAS,450822,TX,READM-30-PN-HRRP,122.0,,1.0496,15.4275,14.6989,22.0,07/01/2021,06/30/2024,4.067342
MEDICAL CITY LAS COLINAS,450822,TX,READM-30-HF-HRRP,73.0,,1.0008,17.7339,17.7204,13.0,07/01/2021,06/30/2024,0.06410799999999739
CHRISTUS SPOHN HOSPITAL ALICE,450828,TX,READM-30-PN-HRRP,80.0,,1.009,16.7491,16.5994,14.0,07/01/2021,06/30/2024,0.7204800000000002
HOUSTON METHODIST WILLOWBROOK HOSPITAL,450844,TX,READM-30-PN-HRRP,635.0,,1.0824,19.1305,17.6746,127.0,07/01/2021,06/30/2024,14.766289999999998
HOUSTON METHODIST WILLOWBROOK HOSPITAL,450844,TX,READM-30-HF-HRRP,748.0,,1.0795,22.7631,21.0874,176.0,07/01/2021,06/30/2024,18.26624800000002
HOUSTON METHODIST WILLOWBROOK HOSPITAL,450844,TX,READM-30-COPD-HRRP,118.0,,1.0128,20.3709,20.1139,25.0,07/01/2021,06/30/2024,1.2655979999999971
HOUSTON METHODIST WILLOWBROOK HOSPITAL,450844,TX,READM-30-AMI-HRRP,199.0,,1.0373,15.6131,15.0517,33.0,07/01/2021,06/30/2024,3.0471169999999965
MEMORIAL HERMANN KATY HOSPITAL,450847,TX,READM-30-AMI-HRRP,86.0,,1.0235,11.4547,11.1914,11.0,07/01/2021,06/30/2024,1.3753960000000003
MEMORIAL HERMANN SUGAR LAND HOSPITAL,450848,TX,READM-30-PN-HRRP,309.0,,1.0434,18.4663,17.699,60.0,07/01/2021,06/30/2024,5.310089999999995
MEMORIAL HERMANN SUGAR LAND HOSPITAL,450848,TX,READM-30-HF-HRRP,306.0,,1.0448,22.4568,21.4933,72.0,07/01/2021,06/30/2024,6.230502000000001
BAYLOR SCOTT & WHITE HEART & VASCULAR HOSPITAL - DALLAS,450851,TX,READM-30-AMI-HRRP,153.0,,1.1572,15.3182,13.2369,31.0,07/01/2021,06/30/2024,10.747542999999997
HARLINGEN MEDICAL CENTER,450855,TX,READM-30-AMI-HRRP,50.0,,1.044,17.346,16.6156,11.0,07/01/2021,06/30/2024,2.6921999999999997
ST LUKE'S THE WOODLANDS HOSPITAL,450862,TX,READM-30-AMI-HRRP,96.0,,1.0281,13.1248,12.7664,14.0,07/01/2021,06/30/2024,1.744256
ASCENSION SETON NORTHWEST,450867,TX,READM-30-PN-HRRP,99.0,29,1.0116,12.3946,12.2528,13.0,07/01/2021,06/30/2024,0.8697279999999985
ASCENSION SETON NORTHWEST,450867,TX,READM-30-HF-HRRP,56.0,29,1.0223,16.9021,16.5337,11.0,07/01/2021,06/30/2024,1.7411280000000016
DOCTORS HOSPTAL AT RENAISSANCE,450869,TX,READM-30-AMI-HRRP,95.0,,1.0257,17.4926,17.054,18.0,07/01/2021,06/30/2024,1.7987000000000002
QUAIL CREEK SURGICAL HOSPITAL,450875,TX,READM-30-HIP-KNEE-HRRP,179.0,,1.1269,5.3868,4.7801,11.0,07/01/2021,06/30/2024,2.4436210000000003
LUBBOCK HEART HOSPITAL LP,450876,TX,READM-30-CABG-HRRP,97.0,,1.128,11.254,9.9773,14.0,07/01/2021,06/30/2024,4.322018999999999
LUBBOCK HEART HOSPITAL LP,450876,TX,READM-30-AMI-HRRP,116.0,,1.0143,10.613,10.4631,13.0,07/01/2021,06/30/2024,0.8628040000000006
BAYLOR SCOTT &  WHITE MEDICAL CENTER - CENTENNIAL,450885,TX,READM-30-HF-HRRP,126.0,,1.0065,21.0502,20.9146,27.0,07/01/2021,06/30/2024,0.6476040000000012
BAYLOR SCOTT &  WHITE MEDICAL CENTER - CENTENNIAL,450885,TX,READM-30-COPD-HRRP,44.0,,1.0309,19.7557,19.1628,11.0,07/01/2021,06/30/2024,2.5683679999999995
BAYLOR SCOTT & WHITE MEDICAL CENTER PLANO,450890,TX,READM-30-COPD-HRRP,148.0,,1.0342,17.9322,17.3386,29.0,07/01/2021,06/30/2024,3.338872000000002
THE HEART HOSPITAL BAYLOR DENTON,450893,TX,READM-30-HF-HRRP,111.0,,1.0406,20.797,19.9864,26.0,07/01/2021,06/30/2024,3.8150960000000005
THE HEART HOSPITAL BAYLOR DENTON,450893,TX,READM-30-AMI-HRRP,120.0,,1.0222,11.6005,11.3486,15.0,07/01/2021,06/30/2024,1.3816800000000011
UNIVERSITY OF UTAH HOSPITAL AND CLINICS,460009,UT,READM-30-AMI-HRRP,206.0,,1.0653,12.0648,11.3248,28.0,07/01/2021,06/30/2024,4.670912000000001
CASTLEVIEW HOSPITAL,460011,UT,READM-30-HIP-KNEE-HRRP,182.0,,1.2706,4.5651,3.5928,11.0,07/01/2021,06/30/2024,4.461104
ST. GEORGE REGIONAL HOSPITAL,460021,UT,READM-30-HIP-KNEE-HRRP,158.0,,1.0497,6.6036,6.2911,11.0,07/01/2021,06/30/2024,1.0600620000000003
AMERICAN FORK HOSPITAL,460023,UT,READM-30-PN-HRRP,121.0,,1.0082,12.7948,12.6912,16.0,07/01/2021,06/30/2024,0.6436480000000007
LAKEVIEW HOSPITAL,460042,UT,READM-30-HF-HRRP,68.0,,1.0602,16.1746,15.2563,15.0,07/01/2021,06/30/2024,4.625716000000001
ST MARK'S HOSPITAL,460047,UT,READM-30-CABG-HRRP,85.0,,1.1268,11.6578,10.3456,13.0,07/01/2021,06/30/2024,4.206240000000001
LONE PEAK HOSPITAL,460060,UT,READM-30-HF-HRRP,45.0,,1.0559,18.0709,17.1143,12.0,07/01/2021,06/30/2024,4.298565000000001
CENTRAL VERMONT MEDICAL CENTER,470001,VT,READM-30-PN-HRRP,310.0,,1.0373,15.0296,14.4885,49.0,07/01/2021,06/30/2024,4.085649999999994
CENTRAL VERMONT MEDICAL CENTER,470001,VT,READM-30-HF-HRRP,314.0,,1.1293,20.7561,18.3802,74.0,07/01/2021,06/30/2024,16.286172
RUTLAND REGIONAL MEDICAL CENTER,470005,VT,READM-30-COPD-HRRP,144.0,,1.0556,20.1056,19.0467,33.0,07/01/2021,06/30/2024,5.572751999999998
SOUTHWESTERN VERMONT MEDICAL CENTER,470012,VT,READM-30-COPD-HRRP,159.0,,1.026,18.9188,18.44,32.0,07/01/2021,06/30/2024,2.680399999999999
NORTHWESTERN MEDICAL CENTER INC,470024,VT,READM-30-COPD-HRRP,90.0,29,1.0002,19.9856,19.9821,18.0,07/01/2021,06/30/2024,0.01611000000000118
RUSSELL COUNTY HOSPITAL,490002,VA,READM-30-PN-HRRP,91.0,,1.0352,17.1936,16.6088,18.0,07/01/2021,06/30/2024,2.8859920000000017
RUSSELL COUNTY HOSPITAL,490002,VA,READM-30-HF-HRRP,41.0,,1.0391,20.049,19.2941,11.0,07/01/2021,06/30/2024,3.0894190000000004
RUSSELL COUNTY HOSPITAL,490002,VA,READM-30-COPD-HRRP,28.0,,1.0766,19.8144,18.4046,11.0,07/01/2021,06/30/2024,5.846712
SENTARA RMH MEDICAL CENTER,490004,VA,READM-30-HF-HRRP,976.0,,1.0191,20.1457,19.7687,198.0,07/01/2021,06/30/2024,5.057488000000006
WINCHESTER MEDICAL CENTER,490005,VA,READM-30-PN-HRRP,876.0,,1.0739,16.2375,15.1206,147.0,07/01/2021,06/30/2024,14.543543999999997
WINCHESTER MEDICAL CENTER,490005,VA,READM-30-HIP-KNEE-HRRP,165.0,,1.0352,6.4224,6.2039,11.0,07/01/2021,06/30/2024,0.7635649999999998
WINCHESTER MEDICAL CENTER,490005,VA,READM-30-HF-HRRP,1324.0,,1.0076,19.596,19.4479,260.0,07/01/2021,06/30/2024,2.509803999999974
WINCHESTER MEDICAL CENTER,490005,VA,READM-30-AMI-HRRP,491.0,,1.0044,12.3792,12.3254,61.0,07/01/2021,06/30/2024,0.482286000000002
SENTARA NORFOLK GENERAL HOSPITAL,490007,VA,READM-30-COPD-HRRP,76.0,,1.0158,23.3589,22.9957,19.0,07/01/2021,06/30/2024,1.5232680000000016
UNIVERSITY OF VIRGINIA MEDICAL CENTER,490009,VA,READM-30-COPD-HRRP,128.0,,1.0396,19.5908,18.8446,28.0,07/01/2021,06/30/2024,3.8789119999999997
UNIVERSITY OF VIRGINIA MEDICAL CENTER,490009,VA,READM-30-AMI-HRRP,345.0,,1.0063,13.5302,13.4454,47.0,07/01/2021,06/30/2024,0.6133700000000033
SENTARA HALIFAX REGIONAL HOSPITAL,490013,VA,READM-30-COPD-HRRP,159.0,,1.0072,17.2833,17.1606,28.0,07/01/2021,06/30/2024,0.7146460000000019
BON SECOURS MARYVIEW MEDICAL CENTER,490017,VA,READM-30-HF-HRRP,381.0,,1.0762,22.1823,20.6123,90.0,07/01/2021,06/30/2024,11.467136999999994
BON SECOURS MARYVIEW MEDICAL CENTER,490017,VA,READM-30-COPD-HRRP,65.0,,1.0515,18.9061,17.9798,16.0,07/01/2021,06/30/2024,4.313129999999999
BON SECOURS MARYVIEW MEDICAL CENTER,490017,VA,READM-30-AMI-HRRP,128.0,,1.0232,15.4631,15.1123,21.0,07/01/2021,06/30/2024,1.656255999999999
UVA HEALTH CULPEPER MEDICAL CENTER,490019,VA,READM-30-PN-HRRP,295.0,,1.0662,15.516,14.552,50.0,07/01/2021,06/30/2024,7.071600000000004
UVA HEALTH CULPEPER MEDICAL CENTER,490019,VA,READM-30-COPD-HRRP,99.0,,1.0134,16.2117,15.9975,17.0,07/01/2021,06/30/2024,1.1624749999999988
JOHN RANDOLPH MEDICAL CENTER,490020,VA,READM-30-HF-HRRP,195.0,,1.0391,19.6034,18.8652,41.0,07/01/2021,06/30/2024,4.212859999999999
JOHN RANDOLPH MEDICAL CENTER,490020,VA,READM-30-COPD-HRRP,66.0,,1.0264,16.7849,16.3536,13.0,07/01/2021,06/30/2024,2.2066239999999997
CENTRA HEALTH -  LYNCHBURG GEN HOSPITAL,490021,VA,READM-30-CABG-HRRP,147.0,,1.0268,9.7474,9.4926,15.0,07/01/2021,06/30/2024,1.045878
MARY WASHINGTON HOSPITAL,490022,VA,READM-30-PN-HRRP,1178.0,,1.238,20.0552,16.1994,251.0,07/01/2021,06/30/2024,60.17106799999999
MARY WASHINGTON HOSPITAL,490022,VA,READM-30-HF-HRRP,1076.0,,1.079,21.7824,20.1869,240.0,07/01/2021,06/30/2024,22.788955999999985
MARY WASHINGTON HOSPITAL,490022,VA,READM-30-COPD-HRRP,327.0,,1.133,19.7851,17.4624,74.0,07/01/2021,06/30/2024,16.897951999999997
MARY WASHINGTON HOSPITAL,490022,VA,READM-30-CABG-HRRP,118.0,,1.0197,10.5896,10.3848,13.0,07/01/2021,06/30/2024,0.7459360000000004
MARY WASHINGTON HOSPITAL,490022,VA,READM-30-AMI-HRRP,367.0,,1.1192,14.5198,12.9738,59.0,07/01/2021,06/30/2024,11.38615399999999
FAUQUIER HOSPITAL,490023,VA,READM-30-HF-HRRP,173.0,,1.0867,19.6603,18.091,40.0,07/01/2021,06/30/2024,8.702569999999998
MEDICAL COLLEGE OF VIRGINIA HOSPITALS,490032,VA,READM-30-PN-HRRP,311.0,29,1.0536,19.0941,18.1231,63.0,07/01/2021,06/30/2024,6.637158999999997
MEDICAL COLLEGE OF VIRGINIA HOSPITALS,490032,VA,READM-30-CABG-HRRP,112.0,29,1.0572,12.083,11.4294,15.0,07/01/2021,06/30/2024,2.199072000000001
WARREN MEMORIAL HOSPITAL,490033,VA,READM-30-HF-HRRP,182.0,,1.031,19.668,19.0758,38.0,07/01/2021,06/30/2024,3.282043999999999
RIVERSIDE SHORE MEMORIAL HOSPITAL,490037,VA,READM-30-PN-HRRP,155.0,,1.0152,14.2041,13.9908,23.0,07/01/2021,06/30/2024,1.3142600000000009
RIVERSIDE SHORE MEMORIAL HOSPITAL,490037,VA,READM-30-HF-HRRP,137.0,,1.0011,18.9185,18.8971,26.0,07/01/2021,06/30/2024,0.11097300000000487
MARY IMMACULATE HOSPITAL,490041,VA,READM-30-PN-HRRP,143.0,,1.0812,15.302,14.1532,27.0,07/01/2021,06/30/2024,6.760924000000003
MARY IMMACULATE HOSPITAL,490041,VA,READM-30-HIP-KNEE-HRRP,116.0,,1.1825,7.7785,6.5778,11.0,07/01/2021,06/30/2024,3.369752
CARILION NEW RIVER VALLEY MEDICAL CENTER,490042,VA,READM-30-PN-HRRP,292.0,,1.0055,17.3376,17.2431,51.0,07/01/2021,06/30/2024,0.6501480000000086
SENTARA OBICI HOSPITAL,490044,VA,READM-30-HF-HRRP,745.0,,1.0269,19.6091,19.0964,148.0,07/01/2021,06/30/2024,5.731819999999999
NOVANT PRINCE WILLIAM MEDICAL CENTER,490045,VA,READM-30-PN-HRRP,234.0,,1.0874,15.5908,14.3379,42.0,07/01/2021,06/30/2024,8.449314000000001
NOVANT PRINCE WILLIAM MEDICAL CENTER,490045,VA,READM-30-COPD-HRRP,86.0,,1.0028,16.044,15.9987,14.0,07/01/2021,06/30/2024,0.24111800000000017
SENTARA LEIGH HOSPITAL,490046,VA,READM-30-PN-HRRP,660.0,,1.0837,17.8043,16.4287,123.0,07/01/2021,06/30/2024,14.570580000000007
SENTARA LEIGH HOSPITAL,490046,VA,READM-30-COPD-HRRP,239.0,,1.0885,20.3514,18.6965,55.0,07/01/2021,06/30/2024,10.315365
SENTARA LEIGH HOSPITAL,490046,VA,READM-30-AMI-HRRP,179.0,,1.0127,13.6084,13.4379,25.0,07/01/2021,06/30/2024,0.9461590000000015
LEWISGALE MEDICAL CENTER,490048,VA,READM-30-PN-HRRP,546.0,,1.0131,15.044,14.8501,83.0,07/01/2021,06/30/2024,1.918453999999997
LEWISGALE MEDICAL CENTER,490048,VA,READM-30-HF-HRRP,533.0,,1.1404,21.6453,18.98,125.0,07/01/2021,06/30/2024,23.836600000000004
LEWISGALE MEDICAL CENTER,490048,VA,READM-30-COPD-HRRP,152.0,,1.0309,17.5973,17.0691,29.0,07/01/2021,06/30/2024,3.0549680000000023
LEWISGALE MEDICAL CENTER,490048,VA,READM-30-CABG-HRRP,89.0,,1.1148,11.438,10.2598,13.0,07/01/2021,06/30/2024,3.868777999999999
LEWISGALE MEDICAL CENTER,490048,VA,READM-30-AMI-HRRP,369.0,,1.092,13.965,12.7882,56.0,07/01/2021,06/30/2024,8.811542000000003
VIRGINIA HOSPITAL CENTER,490050,VA,READM-30-CABG-HRRP,86.0,,1.1233,10.4959,9.3437,12.0,07/01/2021,06/30/2024,3.964418
VIRGINIA HOSPITAL CENTER,490050,VA,READM-30-AMI-HRRP,117.0,,1.0233,12.6742,12.3861,16.0,07/01/2021,06/30/2024,1.5082629999999977
RIVERSIDE REGIONAL MEDICAL CENTER,490052,VA,READM-30-COPD-HRRP,195.0,,1.047,19.2811,18.4151,41.0,07/01/2021,06/30/2024,5.090555000000002
JOHNSTON MEMORIAL HOSPITAL,490053,VA,READM-30-AMI-HRRP,128.0,,1.0685,13.7764,12.8928,21.0,07/01/2021,06/30/2024,4.497216000000002
SENTARA VIRGINIA BEACH GENERAL HOSPITAL,490057,VA,READM-30-HF-HRRP,1007.0,,1.0519,20.8822,19.8513,214.0,07/01/2021,06/30/2024,14.097408999999999
CLINCH VALLEY MEDICAL CENTER,490060,VA,READM-30-HF-HRRP,130.0,,1.0141,19.9854,19.7073,27.0,07/01/2021,06/30/2024,1.380510000000001
CLINCH VALLEY MEDICAL CENTER,490060,VA,READM-30-COPD-HRRP,52.0,,1.0166,18.8111,18.5045,11.0,07/01/2021,06/30/2024,1.3776599999999988
INOVA FAIRFAX HOSPITAL,490063,VA,READM-30-PN-HRRP,1128.0,,1.0514,16.6346,15.8213,191.0,07/01/2021,06/30/2024,12.535735999999986
SENTARA WILLIAMSBURG REGIONAL MEDICAL CENTER,490066,VA,READM-30-PN-HRRP,372.0,,1.0178,15.8117,15.535,60.0,07/01/2021,06/30/2024,2.2098000000000013
SENTARA WILLIAMSBURG REGIONAL MEDICAL CENTER,490066,VA,READM-30-COPD-HRRP,98.0,,1.0162,18.1822,17.8918,19.0,07/01/2021,06/30/2024,1.466035999999999
SENTARA WILLIAMSBURG REGIONAL MEDICAL CENTER,490066,VA,READM-30-AMI-HRRP,163.0,,1.0197,12.8943,12.6458,22.0,07/01/2021,06/30/2024,1.3873460000000009
BON SECOURS SOUTHSIDE MEDICAL CENTER,490067,VA,READM-30-PN-HRRP,463.0,,1.1279,18.3186,16.2417,93.0,07/01/2021,06/30/2024,17.800928999999996
BON SECOURS SOUTHSIDE MEDICAL CENTER,490067,VA,READM-30-HF-HRRP,571.0,,1.1022,21.69,19.6783,131.0,07/01/2021,06/30/2024,18.636906999999994
BON SECOURS MEMORIAL REGIONAL MEDICAL CENTER,490069,VA,READM-30-HF-HRRP,814.0,,1.0321,19.8671,19.2496,164.0,07/01/2021,06/30/2024,7.308256
BON SECOURS MEMORIAL REGIONAL MEDICAL CENTER,490069,VA,READM-30-COPD-HRRP,199.0,,1.0111,17.6836,17.4888,36.0,07/01/2021,06/30/2024,1.1972880000000004
SOVAH HEALTH DANVILLE,490075,VA,READM-30-HF-HRRP,388.0,,1.1005,21.3801,19.4277,90.0,07/01/2021,06/30/2024,14.620524000000003
SOVAH HEALTH DANVILLE,490075,VA,READM-30-AMI-HRRP,102.0,,1.0521,13.1749,12.522,16.0,07/01/2021,06/30/2024,3.2275600000000004
SENTARA MARTHA JEFFERSON HOSPITAL,490077,VA,READM-30-COPD-HRRP,83.0,,1.0008,16.7944,16.7802,14.0,07/01/2021,06/30/2024,0.07243399999999944
VCU HEALTH TAPPAHANNOCK HOSPITAL,490084,VA,READM-30-HF-HRRP,149.0,,1.046,19.3126,18.4641,32.0,07/01/2021,06/30/2024,4.488491000000003
CENTRA BEDFORD MEMORIAL HOSPITAL,490088,VA,READM-30-PN-HRRP,143.0,,1.0138,14.061,13.8694,21.0,07/01/2021,06/30/2024,1.166757999999998
BON SECOURS SOUTHAMPTON MEMORIAL HOSPITAL,490092,VA,READM-30-PN-HRRP,80.0,,1.0919,16.3873,15.0076,19.0,07/01/2021,06/30/2024,6.993920000000001
BON SECOURS SOUTHAMPTON MEMORIAL HOSPITAL,490092,VA,READM-30-HF-HRRP,120.0,,1.0406,19.2749,18.5228,26.0,07/01/2021,06/30/2024,3.772639999999999
SENTARA CAREPLEX HOSPITAL,490093,VA,READM-30-PN-HRRP,349.0,,1.0012,16.8825,16.8626,59.0,07/01/2021,06/30/2024,0.1495260000000016
SENTARA CAREPLEX HOSPITAL,490093,VA,READM-30-HF-HRRP,452.0,,1.0767,21.3627,19.8409,102.0,07/01/2021,06/30/2024,12.319131999999996
COMMUNITY MEMORIAL HOSPITAL,490098,VA,READM-30-HF-HRRP,203.0,,1.002,19.634,19.5953,40.0,07/01/2021,06/30/2024,0.22154099999999488
INOVA FAIR OAKS HOSPITAL,490101,VA,READM-30-PN-HRRP,421.0,,1.0912,15.9639,14.6298,73.0,07/01/2021,06/30/2024,11.408542000000004
RESTON HOSPITAL CENTER,490107,VA,READM-30-PN-HRRP,380.0,,1.0213,14.8977,14.5873,58.0,07/01/2021,06/30/2024,2.568260000000002
RESTON HOSPITAL CENTER,490107,VA,READM-30-HF-HRRP,333.0,,1.0257,18.9749,18.4999,65.0,07/01/2021,06/30/2024,3.395333000000001
RESTON HOSPITAL CENTER,490107,VA,READM-30-AMI-HRRP,98.0,,1.0393,12.3333,11.8671,14.0,07/01/2021,06/30/2024,2.3702419999999993
LEWISGALE HOSPITAL MONTGOMERY,490110,VA,READM-30-PN-HRRP,251.0,,1.0265,16.0383,15.625,42.0,07/01/2021,06/30/2024,2.78125
LEWISGALE HOSPITAL MONTGOMERY,490110,VA,READM-30-HF-HRRP,169.0,,1.0806,21.4893,19.8871,42.0,07/01/2021,06/30/2024,8.390801000000003
LEWISGALE HOSPITAL MONTGOMERY,490110,VA,READM-30-COPD-HRRP,67.0,,1.035,18.5475,17.9198,15.0,07/01/2021,06/30/2024,2.993734
CJW MEDICAL CENTER,490112,VA,READM-30-HF-HRRP,1072.0,,1.0246,19.333,18.8687,209.0,07/01/2021,06/30/2024,6.727536000000015
CJW MEDICAL CENTER,490112,VA,READM-30-COPD-HRRP,234.0,,1.0144,17.5015,17.2539,42.0,07/01/2021,06/30/2024,1.625873999999996
CJW MEDICAL CENTER,490112,VA,READM-30-AMI-HRRP,441.0,,1.0522,14.3754,13.6624,66.0,07/01/2021,06/30/2024,5.748816000000005
SENTARA NORTHERN VIRGINIA MEDICAL CENTER,490113,VA,READM-30-PN-HRRP,443.0,,1.0594,16.9502,16.0002,79.0,07/01/2021,06/30/2024,8.119113999999996
SENTARA NORTHERN VIRGINIA MEDICAL CENTER,490113,VA,READM-30-HF-HRRP,506.0,,1.0877,21.6883,19.9397,116.0,07/01/2021,06/30/2024,15.105118000000004
SENTARA NORTHERN VIRGINIA MEDICAL CENTER,490113,VA,READM-30-COPD-HRRP,136.0,,1.0426,20.4659,19.6298,31.0,07/01/2021,06/30/2024,4.303471999999999
SENTARA NORTHERN VIRGINIA MEDICAL CENTER,490113,VA,READM-30-AMI-HRRP,95.0,,1.033,14.0282,13.5798,15.0,07/01/2021,06/30/2024,2.09919
LONESOME PINE HOSPITAL,490114,VA,READM-30-PN-HRRP,203.0,,1.0454,17.7296,16.96,39.0,07/01/2021,06/30/2024,4.5711999999999975
LONESOME PINE HOSPITAL,490114,VA,READM-30-COPD-HRRP,53.0,,1.0015,20.5446,20.5147,11.0,07/01/2021,06/30/2024,0.1272089999999988
TWIN COUNTY REGIONAL HOSPITAL,490115,VA,READM-30-PN-HRRP,154.0,,1.0347,16.6885,16.129,28.0,07/01/2021,06/30/2024,3.161339999999999
TWIN COUNTY REGIONAL HOSPITAL,490115,VA,READM-30-HF-HRRP,107.0,,1.0363,21.8107,21.0475,26.0,07/01/2021,06/30/2024,3.4791750000000015
LEWISGALE HOSPITAL PULASKI,490116,VA,READM-30-HF-HRRP,92.0,,1.0015,19.4446,19.4148,18.0,07/01/2021,06/30/2024,0.13838400000000206
HENRICO DOCTORS' HOSPITAL,490118,VA,READM-30-PN-HRRP,558.0,,1.0494,15.7348,14.9941,91.0,07/01/2021,06/30/2024,7.332922000000011
HENRICO DOCTORS' HOSPITAL,490118,VA,READM-30-HIP-KNEE-HRRP,164.0,,1.2189,5.9299,4.8649,12.0,07/01/2021,06/30/2024,4.021564000000001
HENRICO DOCTORS' HOSPITAL,490118,VA,READM-30-HF-HRRP,686.0,,1.0119,18.099,17.8853,125.0,07/01/2021,06/30/2024,2.306841999999989
HENRICO DOCTORS' HOSPITAL,490118,VA,READM-30-COPD-HRRP,157.0,,1.0392,17.936,17.2597,31.0,07/01/2021,06/30/2024,3.902270999999999
HENRICO DOCTORS' HOSPITAL,490118,VA,READM-30-CABG-HRRP,127.0,,1.042,11.75,11.2768,16.0,07/01/2021,06/30/2024,1.6784640000000017
HENRICO DOCTORS' HOSPITAL,490118,VA,READM-30-AMI-HRRP,305.0,,1.0599,13.4619,12.7012,44.0,07/01/2021,06/30/2024,5.261339999999997
SENTARA PRINCESS ANNE HOSPITAL,490119,VA,READM-30-HF-HRRP,834.0,,1.0454,21.0709,20.1555,179.0,07/01/2021,06/30/2024,10.903129999999976
SENTARA PRINCESS ANNE HOSPITAL,490119,VA,READM-30-COPD-HRRP,202.0,,1.0863,19.7135,18.148,46.0,07/01/2021,06/30/2024,9.34104
CHESAPEAKE GENERAL HOSPITAL,490120,VA,READM-30-COPD-HRRP,283.0,,1.0167,18.9953,18.6829,55.0,07/01/2021,06/30/2024,2.127392999999998
INOVA MOUNT VERNON HOSPITAL,490122,VA,READM-30-PN-HRRP,263.0,,1.1056,16.4582,14.8862,50.0,07/01/2021,06/30/2024,10.849294
INOVA MOUNT VERNON HOSPITAL,490122,VA,READM-30-COPD-HRRP,88.0,,1.0266,19.314,18.8143,19.0,07/01/2021,06/30/2024,2.443415999999999
BON SECOURS ST FRANCIS MEDICAL CENTER,490136,VA,READM-30-AMI-HRRP,137.0,,1.0444,13.0091,12.4565,20.0,07/01/2021,06/30/2024,2.9345950000000016
"STAFFORD HOSPITAL, LLC",490140,VA,READM-30-PN-HRRP,198.0,,1.0997,15.5373,14.1286,37.0,07/01/2021,06/30/2024,9.025372
"STAFFORD HOSPITAL, LLC",490140,VA,READM-30-HF-HRRP,185.0,,1.0106,19.0493,18.8488,36.0,07/01/2021,06/30/2024,1.129719999999999
"STAFFORD HOSPITAL, LLC",490140,VA,READM-30-COPD-HRRP,82.0,,1.0471,15.5463,14.8463,16.0,07/01/2021,06/30/2024,3.8260340000000017
SPOTSYLVANIA REGIONAL MEDICAL CENTER,490141,VA,READM-30-PN-HRRP,219.0,,1.0756,16.9426,15.752,42.0,07/01/2021,06/30/2024,7.503120000000003
SPOTSYLVANIA REGIONAL MEDICAL CENTER,490141,VA,READM-30-HF-HRRP,295.0,,1.1463,23.3104,20.3357,79.0,07/01/2021,06/30/2024,19.009685000000005
UVA HEALTH HAYMARKET MEDICAL CENTER,490144,VA,READM-30-PN-HRRP,244.0,,1.0806,15.1188,13.9914,42.0,07/01/2021,06/30/2024,7.860983999999995
STONESPRINGS HOSPITAL CENTER,490145,VA,READM-30-HF-HRRP,60.0,,1.0178,19.5363,19.1944,13.0,07/01/2021,06/30/2024,1.4833599999999993
SKAGIT VALLEY HOSPITAL,500003,WA,READM-30-PN-HRRP,235.0,,1.0208,15.1641,14.8549,37.0,07/01/2021,06/30/2024,2.0909849999999963
SKAGIT VALLEY HOSPITAL,500003,WA,READM-30-COPD-HRRP,74.0,,1.0121,16.4069,16.2114,13.0,07/01/2021,06/30/2024,1.003563999999999
SKAGIT VALLEY HOSPITAL,500003,WA,READM-30-AMI-HRRP,217.0,,1.0321,11.7207,11.356,27.0,07/01/2021,06/30/2024,2.3574800000000025
VIRGINIA MASON MEDICAL CENTER,500005,WA,READM-30-PN-HRRP,207.0,,1.0356,15.3021,14.7756,34.0,07/01/2021,06/30/2024,3.4145080000000014
UNIVERSITY OF WASHINGTON MEDICAL CTR,500008,WA,READM-30-HIP-KNEE-HRRP,147.0,,1.0838,6.8467,6.3174,11.0,07/01/2021,06/30/2024,1.7134219999999996
UNIVERSITY OF WASHINGTON MEDICAL CTR,500008,WA,READM-30-COPD-HRRP,128.0,,1.0073,19.1034,18.9653,25.0,07/01/2021,06/30/2024,0.7244160000000015
UNIVERSITY OF WASHINGTON MEDICAL CTR,500008,WA,READM-30-AMI-HRRP,254.0,,1.0015,13.75,13.7297,35.0,07/01/2021,06/30/2024,0.12656199999999984
HIGHLINE MEDICAL CENTER,500011,WA,READM-30-COPD-HRRP,58.0,,1.0372,19.3772,18.683,14.0,07/01/2021,06/30/2024,3.1638599999999997
MULTICARE AUBURN MEDICAL CENTER,500015,WA,READM-30-PN-HRRP,163.0,,1.0122,16.0666,15.8735,27.0,07/01/2021,06/30/2024,1.1261950000000027
MULTICARE AUBURN MEDICAL CENTER,500015,WA,READM-30-COPD-HRRP,51.0,,1.0458,20.8024,19.8916,14.0,07/01/2021,06/30/2024,3.8552839999999993
PROVIDENCE CENTRALIA HOSPITAL,500019,WA,READM-30-HF-HRRP,244.0,,1.0255,18.9347,18.4646,48.0,07/01/2021,06/30/2024,2.9463760000000008
PROVIDENCE ST PETER HOSPITAL,500024,WA,READM-30-HF-HRRP,655.0,,1.0122,18.4943,18.2719,122.0,07/01/2021,06/30/2024,2.319055000000006
PROVIDENCE ST PETER HOSPITAL,500024,WA,READM-30-COPD-HRRP,106.0,,1.0325,16.6912,16.1666,20.0,07/01/2021,06/30/2024,2.8634040000000027
PROVIDENCE ST PETER HOSPITAL,500024,WA,READM-30-AMI-HRRP,426.0,,1.0871,12.8674,11.8367,59.0,07/01/2021,06/30/2024,8.575657999999997
SWEDISH EDMONDS HOSPITAL,500026,WA,READM-30-COPD-HRRP,65.0,,1.0416,19.8916,19.0963,16.0,07/01/2021,06/30/2024,3.5874050000000004
SWEDISH EDMONDS HOSPITAL,500026,WA,READM-30-AMI-HRRP,95.0,,1.0415,13.5842,13.0429,15.0,07/01/2021,06/30/2024,2.6092450000000014
GRAYS HARBOR COMMUNITY HOSPITAL,500031,WA,READM-30-PN-HRRP,261.0,,1.0076,14.7525,14.6414,39.0,07/01/2021,06/30/2024,0.7859459999999956
GRAYS HARBOR COMMUNITY HOSPITAL,500031,WA,READM-30-HF-HRRP,189.0,,1.0019,17.3905,17.3579,33.0,07/01/2021,06/30/2024,0.19356899999999655
GRAYS HARBOR COMMUNITY HOSPITAL,500031,WA,READM-30-COPD-HRRP,70.0,,1.004,16.722,16.6549,12.0,07/01/2021,06/30/2024,0.34156999999999904
SAMARITAN HOSPITAL,500033,WA,READM-30-HF-HRRP,95.0,,1.008,18.3531,18.208,18.0,07/01/2021,06/30/2024,0.7024000000000008
YAKIMA VALLEY MEMORIAL,500036,WA,READM-30-COPD-HRRP,162.0,,1.0148,16.0164,15.782,27.0,07/01/2021,06/30/2024,1.4331600000000009
HARRISON MEDICAL CENTER,500039,WA,READM-30-COPD-HRRP,102.0,,1.0374,17.003,16.3898,20.0,07/01/2021,06/30/2024,3.2824039999999997
DEACONESS MEDICAL CENTER,500044,WA,READM-30-AMI-HRRP,245.0,,1.0323,12.4134,12.0251,32.0,07/01/2021,06/30/2024,2.5385050000000007
PEACEHEALTH SOUTHWEST MEDICAL CENTER,500050,WA,READM-30-PN-HRRP,347.0,,1.0389,17.4053,16.7536,63.0,07/01/2021,06/30/2024,4.865008000000003
PEACEHEALTH SOUTHWEST MEDICAL CENTER,500050,WA,READM-30-COPD-HRRP,110.0,,1.0336,18.6664,18.0587,23.0,07/01/2021,06/30/2024,3.135429999999996
PEACEHEALTH SOUTHWEST MEDICAL CENTER,500050,WA,READM-30-CABG-HRRP,103.0,,1.0302,10.905,10.5851,12.0,07/01/2021,06/30/2024,1.0973469999999992
OVERLAKE HOSPITAL MEDICAL CENTER,500051,WA,READM-30-PN-HRRP,318.0,,1.1451,14.8527,12.9703,56.0,07/01/2021,06/30/2024,14.754445999999994
TRIOS HEALTH,500053,WA,READM-30-COPD-HRRP,80.0,,1.0132,17.5662,17.3378,15.0,07/01/2021,06/30/2024,1.1297599999999992
TRIOS HEALTH,500053,WA,READM-30-AMI-HRRP,146.0,,1.0873,12.2292,11.2478,22.0,07/01/2021,06/30/2024,5.578212000000001
OLYMPIC MEDICAL CENTER,500072,WA,READM-30-HF-HRRP,254.0,,1.0158,17.6755,17.4012,46.0,07/01/2021,06/30/2024,1.8009520000000023
OLYMPIC MEDICAL CENTER,500072,WA,READM-30-COPD-HRRP,65.0,,1.0181,16.4744,16.1819,12.0,07/01/2021,06/30/2024,1.481765000000001
MULTICARE GOOD SAMARITAN HOSPITAL,500079,WA,READM-30-COPD-HRRP,218.0,,1.1106,20.6695,18.6112,53.0,07/01/2021,06/30/2024,12.427584000000003
VALLEY MEDICAL CENTER,500088,WA,READM-30-COPD-HRRP,119.0,,1.014,17.6246,17.3809,22.0,07/01/2021,06/30/2024,1.3167290000000023
ST JOSEPH MEDICAL CENTER,500108,WA,READM-30-COPD-HRRP,62.0,,1.058,20.5086,19.385,17.0,07/01/2021,06/30/2024,4.981299999999999
EVERGREENHEALTH MEDICAL CENTER,500124,WA,READM-30-COPD-HRRP,89.0,,1.0017,18.9612,18.9295,17.0,07/01/2021,06/30/2024,0.15274499999999946
TACOMA GENERAL ALLENMORE HOSPITAL,500129,WA,READM-30-PN-HRRP,562.0,,1.0169,15.6378,15.3775,89.0,07/01/2021,06/30/2024,2.5784500000000037
TACOMA GENERAL ALLENMORE HOSPITAL,500129,WA,READM-30-CABG-HRRP,163.0,,1.1526,11.2579,9.7677,22.0,07/01/2021,06/30/2024,6.078649
TACOMA GENERAL ALLENMORE HOSPITAL,500129,WA,READM-30-AMI-HRRP,242.0,,1.0215,13.1954,12.9171,33.0,07/01/2021,06/30/2024,1.7406179999999978
CAPITAL MEDICAL CENTER,500139,WA,READM-30-HF-HRRP,201.0,,1.1532,20.2492,17.5598,51.0,07/01/2021,06/30/2024,15.704802
CAPITAL MEDICAL CENTER,500139,WA,READM-30-AMI-HRRP,81.0,,1.1026,11.4287,10.3652,14.0,07/01/2021,06/30/2024,5.604188000000001
LEGACY SALMON CREEK MEDICAL CENTER,500150,WA,READM-30-HF-HRRP,350.0,,1.0473,19.6194,18.7339,72.0,07/01/2021,06/30/2024,6.431350000000009
LEGACY SALMON CREEK MEDICAL CENTER,500150,WA,READM-30-AMI-HRRP,73.0,,1.0405,14.965,14.3829,13.0,07/01/2021,06/30/2024,2.500483000000001
ST ANTHONY HOSPITAL,500151,WA,READM-30-COPD-HRRP,97.0,,1.0051,17.1425,17.0555,17.0,07/01/2021,06/30/2024,0.45616500000000215
"WEST VIRGINIA UNIVERSITY HOSPITALS, INC",510001,WV,READM-30-HF-HRRP,597.0,,1.0101,22.3184,22.0948,134.0,07/01/2021,06/30/2024,2.0940439999999967
"WEST VIRGINIA UNIVERSITY HOSPITALS, INC",510001,WV,READM-30-COPD-HRRP,221.0,,1.0736,22.3903,20.8547,55.0,07/01/2021,06/30/2024,8.911113
"CAMC GREENBRIER VALLEY MEDICAL CENTER, INC",510002,WV,READM-30-COPD-HRRP,57.0,,1.0096,19.792,19.6032,12.0,07/01/2021,06/30/2024,0.8261759999999985
"UNITED HOSPITAL CENTER, INC",510006,WV,READM-30-PN-HRRP,524.0,,1.098,18.4358,16.79,103.0,07/01/2021,06/30/2024,15.02040000000001
"UNITED HOSPITAL CENTER, INC",510006,WV,READM-30-HF-HRRP,446.0,,1.0416,22.1857,21.3,102.0,07/01/2021,06/30/2024,7.001999999999995
"UNITED HOSPITAL CENTER, INC",510006,WV,READM-30-AMI-HRRP,291.0,,1.0116,14.2275,14.0638,42.0,07/01/2021,06/30/2024,1.0743419999999944
ST MARYS MEDICAL CENTER,510007,WV,READM-30-HF-HRRP,514.0,,1.0361,21.6672,20.9113,114.0,07/01/2021,06/30/2024,6.515917999999999
ST MARYS MEDICAL CENTER,510007,WV,READM-30-COPD-HRRP,364.0,,1.0168,21.0763,20.7276,78.0,07/01/2021,06/30/2024,2.5515359999999987
BERKELEY MEDICAL CENTER,510008,WV,READM-30-COPD-HRRP,153.0,,1.0268,18.3141,17.8361,30.0,07/01/2021,06/30/2024,2.7107670000000006
BERKELEY MEDICAL CENTER,510008,WV,READM-30-AMI-HRRP,160.0,,1.0452,12.9951,12.433,23.0,07/01/2021,06/30/2024,3.107199999999999
RIVERS HEALTH,510012,WV,READM-30-PN-HRRP,64.0,,1.0253,16.142,15.7434,12.0,07/01/2021,06/30/2024,1.9242240000000006
RIVERS HEALTH,510012,WV,READM-30-HF-HRRP,44.0,,1.0706,18.5152,17.2947,13.0,07/01/2021,06/30/2024,5.390332000000001
REYNOLDS MEMORIAL HOSPITAL,510013,WV,READM-30-PN-HRRP,122.0,,1.0858,16.0152,14.7495,25.0,07/01/2021,06/30/2024,7.005610000000001
REYNOLDS MEMORIAL HOSPITAL,510013,WV,READM-30-HF-HRRP,91.0,,1.0256,21.0303,20.5047,21.0,07/01/2021,06/30/2024,2.3407230000000006
CHARLESTON AREA MEDICAL CENTER,510022,WV,READM-30-PN-HRRP,751.0,,1.0312,17.4307,16.9032,133.0,07/01/2021,06/30/2024,6.056968000000012
CHARLESTON AREA MEDICAL CENTER,510022,WV,READM-30-HF-HRRP,827.0,,1.0771,23.1452,21.4881,197.0,07/01/2021,06/30/2024,19.293413000000015
CHARLESTON AREA MEDICAL CENTER,510022,WV,READM-30-CABG-HRRP,298.0,,1.2837,13.9013,10.829,48.0,07/01/2021,06/30/2024,15.729579999999999
"WEIRTON MEDICAL CENTER, INC",510023,WV,READM-30-PN-HRRP,478.0,,1.0106,17.2145,17.0342,83.0,07/01/2021,06/30/2024,1.5765240000000063
"WEIRTON MEDICAL CENTER, INC",510023,WV,READM-30-COPD-HRRP,172.0,,1.0061,21.2386,21.1095,37.0,07/01/2021,06/30/2024,0.6916599999999988
"WEIRTON MEDICAL CENTER, INC",510023,WV,READM-30-AMI-HRRP,66.0,,1.0679,14.5599,13.6345,13.0,07/01/2021,06/30/2024,4.00123
MON HEALTH MEDICAL CENTER,510024,WV,READM-30-HF-HRRP,306.0,,1.0804,20.7092,19.1677,69.0,07/01/2021,06/30/2024,10.346838000000005
THOMAS MEMORIAL HOSPITAL,510029,WV,READM-30-PN-HRRP,247.0,,1.0338,16.5021,15.962,43.0,07/01/2021,06/30/2024,3.5738600000000034
THOMAS MEMORIAL HOSPITAL,510029,WV,READM-30-HF-HRRP,206.0,,1.0361,20.5859,19.8682,45.0,07/01/2021,06/30/2024,4.071507999999994
THOMAS MEMORIAL HOSPITAL,510029,WV,READM-30-COPD-HRRP,166.0,,1.0639,21.2459,19.9695,40.0,07/01/2021,06/30/2024,6.850629999999995
DAVIS MEDICAL CENTER,510030,WV,READM-30-PN-HRRP,151.0,,1.008,16.2049,16.0764,25.0,07/01/2021,06/30/2024,0.7246360000000003
STONEWALL JACKSON MEMORIAL HOSPITAL,510038,WV,READM-30-PN-HRRP,80.0,,1.0623,15.0828,14.1985,16.0,07/01/2021,06/30/2024,4.6411999999999995
PRINCETON COMMUNITY HOSPITAL ASSN INC,510046,WV,READM-30-PN-HRRP,479.0,,1.0073,15.5567,15.4436,75.0,07/01/2021,06/30/2024,1.0251560000000097
PRINCETON COMMUNITY HOSPITAL ASSN INC,510046,WV,READM-30-COPD-HRRP,133.0,,1.007,18.4039,18.2755,25.0,07/01/2021,06/30/2024,0.6935849999999988
"WHEELING HOSPITAL, INC",510050,WV,READM-30-PN-HRRP,489.0,,1.0994,18.4999,16.8268,97.0,07/01/2021,06/30/2024,14.716948000000016
"WHEELING HOSPITAL, INC",510050,WV,READM-30-COPD-HRRP,136.0,,1.0685,19.1815,17.952,31.0,07/01/2021,06/30/2024,6.585279999999997
"WHEELING HOSPITAL, INC",510050,WV,READM-30-AMI-HRRP,219.0,,1.0725,14.3387,13.3695,35.0,07/01/2021,06/30/2024,5.720794999999999
"CABELL HUNTINGTON HOSPITAL, INC",510055,WV,READM-30-HF-HRRP,156.0,,1.0276,21.152,20.5848,35.0,07/01/2021,06/30/2024,2.8877120000000005
CAMDEN CLARK MEDICAL CENTER,510058,WV,READM-30-PN-HRRP,636.0,,1.0311,17.5955,17.0646,114.0,07/01/2021,06/30/2024,5.469144
CAMDEN CLARK MEDICAL CENTER,510058,WV,READM-30-HIP-KNEE-HRRP,118.0,,1.2106,8.2394,6.8059,12.0,07/01/2021,06/30/2024,3.9690379999999994
CAMDEN CLARK MEDICAL CENTER,510058,WV,READM-30-HF-HRRP,572.0,,1.1656,25.2251,21.6406,156.0,07/01/2021,06/30/2024,32.21576800000001
CAMDEN CLARK MEDICAL CENTER,510058,WV,READM-30-COPD-HRRP,207.0,,1.016,19.7111,19.4012,42.0,07/01/2021,06/30/2024,1.8395160000000033
BECKLEY ARH HOSPITAL,510062,WV,READM-30-PN-HRRP,262.0,,1.0954,19.7244,18.0067,58.0,07/01/2021,06/30/2024,10.822446000000006
BECKLEY ARH HOSPITAL,510062,WV,READM-30-HF-HRRP,143.0,,1.0255,22.4654,21.9075,34.0,07/01/2021,06/30/2024,2.6722750000000026
BECKLEY ARH HOSPITAL,510062,WV,READM-30-AMI-HRRP,84.0,,1.0046,16.38,16.3056,14.0,07/01/2021,06/30/2024,0.30329600000000134
RALEIGH GENERAL HOSPITAL,510070,WV,READM-30-PN-HRRP,343.0,,1.1056,20.6694,18.6952,78.0,07/01/2021,06/30/2024,13.875463999999994
RALEIGH GENERAL HOSPITAL,510070,WV,READM-30-HF-HRRP,204.0,,1.1072,23.6649,21.3744,56.0,07/01/2021,06/30/2024,12.396223999999997
RALEIGH GENERAL HOSPITAL,510070,WV,READM-30-AMI-HRRP,196.0,,1.0569,16.3699,15.4886,35.0,07/01/2021,06/30/2024,4.642344000000001
WETZEL COUNTY HOSPITAL,510072,WV,READM-30-HF-HRRP,43.0,,1.0417,20.9849,20.1442,12.0,07/01/2021,06/30/2024,3.337994
WAUKESHA MEMORIAL HOSPITAL,520008,WI,READM-30-COPD-HRRP,152.0,,1.0226,19.3002,18.8741,31.0,07/01/2021,06/30/2024,2.3113680000000016
WAUKESHA MEMORIAL HOSPITAL,520008,WI,READM-30-AMI-HRRP,184.0,,1.0298,13.8598,13.4593,27.0,07/01/2021,06/30/2024,2.234887999999998
ASCENSION NE WISCONSIN - ST ELIZABETH CAMPUS,520009,WI,READM-30-AMI-HRRP,72.0,29,1.054,11.6875,11.0887,11.0,07/01/2021,06/30/2024,3.0161360000000004
MARSHFIELD MEDICAL CENTER - RICE LAKE,520011,WI,READM-30-PN-HRRP,116.0,,1.0459,14.7279,14.0815,20.0,07/01/2021,06/30/2024,3.6654599999999995
MARSHFIELD MEDICAL CENTER - RICE LAKE,520011,WI,READM-30-HF-HRRP,107.0,,1.0823,20.7791,19.199,28.0,07/01/2021,06/30/2024,7.457069999999998
FROEDTERT SOUTH INC.,520021,WI,READM-30-PN-HRRP,223.0,,1.0361,15.9782,15.4217,38.0,07/01/2021,06/30/2024,3.609608999999999
FROEDTERT SOUTH INC.,520021,WI,READM-30-HF-HRRP,189.0,,1.0523,19.7427,18.7624,41.0,07/01/2021,06/30/2024,5.539064000000003
FROEDTERT SOUTH INC.,520021,WI,READM-30-AMI-HRRP,79.0,,1.0266,12.249,11.9313,11.0,07/01/2021,06/30/2024,1.5742729999999998
THE MONROE CLINIC,520028,WI,READM-30-HF-HRRP,151.0,,1.0121,18.6367,18.4134,29.0,07/01/2021,06/30/2024,1.1957660000000025
AURORA MEDICAL CENTER SHEBOYGAN COUNTY,520035,WI,READM-30-PN-HRRP,188.0,,1.0315,15.925,15.4388,32.0,07/01/2021,06/30/2024,2.975056000000002
AURORA MEDICAL CENTER SHEBOYGAN COUNTY,520035,WI,READM-30-HF-HRRP,224.0,,1.0577,20.4991,19.3811,50.0,07/01/2021,06/30/2024,6.586335999999996
MARSHFIELD MEDICAL CENTER,520037,WI,READM-30-PN-HRRP,231.0,,1.1737,17.8396,15.1997,52.0,07/01/2021,06/30/2024,16.888693000000004
MARSHFIELD MEDICAL CENTER,520037,WI,READM-30-HF-HRRP,285.0,,1.0475,19.8828,18.9816,60.0,07/01/2021,06/30/2024,5.902439999999999
MARSHFIELD MEDICAL CENTER,520037,WI,READM-30-COPD-HRRP,80.0,,1.0492,16.9372,16.1425,17.0,07/01/2021,06/30/2024,4.086000000000002
BELLIN MEMORIAL HOSPITAL,520049,WI,READM-30-COPD-HRRP,63.0,,1.015,18.8823,18.6036,13.0,07/01/2021,06/30/2024,1.2797319999999992
ASCENSION COLUMBIA ST MARYS HOSPITAL MILWAUKEE,520051,WI,READM-30-CABG-HRRP,80.0,29,1.0747,11.3989,10.6065,11.0,07/01/2021,06/30/2024,2.5147999999999993
ASCENSION COLUMBIA ST MARYS HOSPITAL MILWAUKEE,520051,WI,READM-30-AMI-HRRP,131.0,29,1.0006,14.4786,14.4694,19.0,07/01/2021,06/30/2024,0.04508600000000129
OCONOMOWOC MEMORIAL HOSPITAL,520062,WI,READM-30-PN-HRRP,164.0,,1.0332,15.7439,15.2386,28.0,07/01/2021,06/30/2024,3.0086960000000005
OCONOMOWOC MEMORIAL HOSPITAL,520062,WI,READM-30-HF-HRRP,178.0,,1.0696,20.8428,19.4871,42.0,07/01/2021,06/30/2024,7.312961999999999
MERCY HEALTH SYSTEM CORP,520066,WI,READM-30-HF-HRRP,224.0,,1.0429,20.06,19.2345,48.0,07/01/2021,06/30/2024,4.9147199999999955
MERCY HEALTH SYSTEM CORP,520066,WI,READM-30-AMI-HRRP,114.0,,1.0848,13.0497,12.0292,19.0,07/01/2021,06/30/2024,5.286712
MAYO CLINIC HEALTH SYSTEM EAU CLAIRE HOSPITAL,520070,WI,READM-30-CABG-HRRP,118.0,,1.0263,11.2925,11.0027,14.0,07/01/2021,06/30/2024,1.0168139999999983
ASCENSION ST FRANCIS HOSPITAL,520078,WI,READM-30-PN-HRRP,44.0,29,1.0373,19.2702,18.5776,11.0,07/01/2021,06/30/2024,2.825856
SSM HEALTH ST MARY'S HOSPITAL - MADISON,520083,WI,READM-30-PN-HRRP,406.0,,1.0033,14.479,14.4314,59.0,07/01/2021,06/30/2024,0.40851599999999877
SSM HEALTH ST AGNES HOSPITAL-FOND DU LAC,520088,WI,READM-30-PN-HRRP,174.0,,1.0124,15.6203,15.4283,28.0,07/01/2021,06/30/2024,1.154758000000001
UNITYPOINT HEALTH - MERITER,520089,WI,READM-30-PN-HRRP,470.0,,1.0463,14.9014,14.2421,73.0,07/01/2021,06/30/2024,6.062129999999996
UNITYPOINT HEALTH - MERITER,520089,WI,READM-30-HF-HRRP,589.0,,1.0138,18.8483,18.5924,112.0,07/01/2021,06/30/2024,2.4907639999999986
ASCENSION ALL SAINTS HOSPITAL,520096,WI,READM-30-PN-HRRP,241.0,29,1.0406,17.1412,16.473,44.0,07/01/2021,06/30/2024,4.300070000000005
ASCENSION ALL SAINTS HOSPITAL,520096,WI,READM-30-AMI-HRRP,78.0,29,1.0889,13.7777,12.6532,15.0,07/01/2021,06/30/2024,5.130504
UNIVERSITY OF WI  HOSPITALS & CLINICS AUTHORITY,520098,WI,READM-30-HF-HRRP,662.0,,1.0741,20.9649,19.5184,144.0,07/01/2021,06/30/2024,14.78819200000001
BELOIT HEALTH SYSTEM,520100,WI,READM-30-PN-HRRP,164.0,,1.0511,16.2631,15.4728,30.0,07/01/2021,06/30/2024,4.6246079999999985
BELOIT HEALTH SYSTEM,520100,WI,READM-30-HF-HRRP,290.0,,1.0103,19.7418,19.5403,58.0,07/01/2021,06/30/2024,1.3331300000000041
COMMUNITY MEMORIAL HOSPITAL,520103,WI,READM-30-HF-HRRP,380.0,,1.1283,20.3477,18.0337,86.0,07/01/2021,06/30/2024,17.471940000000004
COMMUNITY MEMORIAL HOSPITAL,520103,WI,READM-30-COPD-HRRP,111.0,,1.0055,18.5499,18.4476,21.0,07/01/2021,06/30/2024,0.5231640000000013
HOLY FAMILY MEMORIAL,520107,WI,READM-30-PN-HRRP,80.0,,1.0384,15.6384,15.0596,15.0,07/01/2021,06/30/2024,2.9523200000000003
AURORA MEDICAL CENTER BAY AREA,520113,WI,READM-30-PN-HRRP,211.0,,1.0332,16.9696,16.4244,38.0,07/01/2021,06/30/2024,3.344516000000006
AURORA MEDICAL CENTER BAY AREA,520113,WI,READM-30-HF-HRRP,184.0,,1.1404,23.4619,20.5732,53.0,07/01/2021,06/30/2024,15.145311999999997
ASCENSION SE WISCONSIN HOSPITAL,520136,WI,READM-30-PN-HRRP,192.0,29,1.0001,15.1019,15.1009,29.0,07/01/2021,06/30/2024,0.006271999999999167
ASCENSION SE WISCONSIN HOSPITAL,520136,WI,READM-30-AMI-HRRP,74.0,29,1.0904,15.5501,14.2613,16.0,07/01/2021,06/30/2024,5.446638
AURORA ST LUKES MEDICAL CENTER,520138,WI,READM-30-PN-HRRP,504.0,,1.1373,19.8637,17.4658,109.0,07/01/2021,06/30/2024,20.972368000000003
WEST ALLIS MEMORIAL HOSPITAL,520139,WI,READM-30-HF-HRRP,286.0,,1.0287,20.6049,20.0308,61.0,07/01/2021,06/30/2024,3.711912000000005
FROEDTERT MEMORIAL LUTHERAN HOSPITAL,520177,WI,READM-30-PN-HRRP,436.0,,1.0454,18.1066,17.3201,82.0,07/01/2021,06/30/2024,6.484363999999999
FROEDTERT MEMORIAL LUTHERAN HOSPITAL,520177,WI,READM-30-COPD-HRRP,176.0,,1.0558,21.4759,20.3413,42.0,07/01/2021,06/30/2024,6.199311999999999
FROEDTERT MEMORIAL LUTHERAN HOSPITAL,520177,WI,READM-30-CABG-HRRP,72.0,,1.1628,12.5667,10.8069,13.0,07/01/2021,06/30/2024,5.2190319999999994
FROEDTERT MEMORIAL LUTHERAN HOSPITAL,520177,WI,READM-30-AMI-HRRP,152.0,,1.1482,16.2872,14.185,32.0,07/01/2021,06/30/2024,10.4388
AURORA MEDICAL CTR OSHKOSH,520198,WI,READM-30-PN-HRRP,101.0,,1.0008,14.8,14.7883,15.0,07/01/2021,06/30/2024,0.06381700000000201
MARSHFIELD MEDICAL CENTER - WESTON,520202,WI,READM-30-PN-HRRP,131.0,,1.036,15.015,14.4939,22.0,07/01/2021,06/30/2024,3.0129909999999995
MARSHFIELD MEDICAL CENTER - WESTON,520202,WI,READM-30-HF-HRRP,179.0,,1.0283,18.996,18.473,36.0,07/01/2021,06/30/2024,2.933330000000005
MIDWEST ORTHOPEDIC SPECIALTY HOSPITAL,520205,WI,READM-30-HIP-KNEE-HRRP,245.0,29,1.2628,5.855,4.6367,17.0,07/01/2021,06/30/2024,5.640084999999999
AURORA MEDICAL CENTER - SUMMIT,520206,WI,READM-30-HF-HRRP,185.0,,1.0124,20.0574,19.8113,38.0,07/01/2021,06/30/2024,1.3490950000000055
AURORA MEDICAL CENTER - SUMMIT,520206,WI,READM-30-COPD-HRRP,63.0,,1.0276,17.5103,17.04,13.0,07/01/2021,06/30/2024,2.264800000000001
AURORA MEDICAL CENTER - SUMMIT,520206,WI,READM-30-AMI-HRRP,113.0,,1.0092,13.7438,13.6191,16.0,07/01/2021,06/30/2024,0.610417
AURORA MEDICAL CENTER,520207,WI,READM-30-HF-HRRP,352.0,,1.0442,20.9736,20.0855,77.0,07/01/2021,06/30/2024,6.299039999999991
AURORA MEDICAL CENTER,520207,WI,READM-30-CABG-HRRP,94.0,,1.0854,10.5048,9.6784,12.0,07/01/2021,06/30/2024,2.902304000000001
AURORA MEDICAL CENTER,520207,WI,READM-30-AMI-HRRP,138.0,,1.0121,12.6013,12.4501,18.0,07/01/2021,06/30/2024,0.8188619999999993
SSM HEALTH ST MARY'S HOSPITAL - JANESVILLE,520208,WI,READM-30-HF-HRRP,106.0,,1.0099,18.2081,18.0296,20.0,07/01/2021,06/30/2024,0.8886240000000001
CHEYENNE REGIONAL MEDICAL CENTER,530014,WY,READM-30-PN-HRRP,499.0,,1.0438,15.2649,14.6244,79.0,07/01/2021,06/30/2024,6.02424400000001
METHODIST MANSFIELD MEDICAL CENTER,670023,TX,READM-30-COPD-HRRP,85.0,,1.0237,22.5664,22.0449,21.0,07/01/2021,06/30/2024,2.2618350000000014
METHODIST MANSFIELD MEDICAL CENTER,670023,TX,READM-30-AMI-HRRP,127.0,,1.0082,13.0598,12.9538,17.0,07/01/2021,06/30/2024,0.5486740000000019
ST LUKE'S PATIENTS MEDICAL CENTER,670031,TX,READM-30-PN-HRRP,81.0,,1.0248,16.4655,16.0662,15.0,07/01/2021,06/30/2024,1.986378000000002
BAYLOR SCOTT & WHITE MEDICAL CENTER - ROUND ROCK,670034,TX,READM-30-HF-HRRP,442.0,,1.0281,19.682,19.144,89.0,07/01/2021,06/30/2024,4.3835200000000185
BAYLOR SCOTT & WHITE MEDICAL CENTER - ROUND ROCK,670034,TX,READM-30-CABG-HRRP,75.0,,1.1645,10.8201,9.2914,12.0,07/01/2021,06/30/2024,5.03145
ASCENSION SETON WILLIAMSON,670041,TX,READM-30-HF-HRRP,226.0,29,1.0137,20.3564,20.0819,47.0,07/01/2021,06/30/2024,1.6149059999999977
CEDAR PARK REGIONAL MEDICAL CENTER,670043,TX,READM-30-PN-HRRP,302.0,,1.0925,15.6157,14.293,53.0,07/01/2021,06/30/2024,9.835140000000003
CEDAR PARK REGIONAL MEDICAL CENTER,670043,TX,READM-30-HF-HRRP,122.0,,1.0617,20.2144,19.0396,29.0,07/01/2021,06/30/2024,5.7716879999999975
CEDAR PARK REGIONAL MEDICAL CENTER,670043,TX,READM-30-COPD-HRRP,77.0,,1.0134,16.9237,16.6992,14.0,07/01/2021,06/30/2024,1.141615999999999
CEDAR PARK REGIONAL MEDICAL CENTER,670043,TX,READM-30-AMI-HRRP,94.0,,1.1124,13.4225,12.0664,18.0,07/01/2021,06/30/2024,6.657584
TEXAS HEALTH PRESBYTERIAN HOSPITAL ROCKWALL,670044,TX,READM-30-HF-HRRP,193.0,,1.0052,20.0119,19.9088,39.0,07/01/2021,06/30/2024,0.5760160000000027
THE HOSPITALS OF PROVIDENCE - EAST CAMPUS,670047,TX,READM-30-PN-HRRP,184.0,,1.1082,17.4152,15.7154,39.0,07/01/2021,06/30/2024,10.083663999999999
THE HOSPITALS OF PROVIDENCE - EAST CAMPUS,670047,TX,READM-30-AMI-HRRP,55.0,,1.0638,15.8556,14.905,12.0,07/01/2021,06/30/2024,3.802250000000001
ST LUKE'S SUGAR LAND HOSPITAL,670053,TX,READM-30-PN-HRRP,97.0,,1.0169,19.3943,19.0728,20.0,07/01/2021,06/30/2024,1.4993839999999992
ST LUKE'S SUGAR LAND HOSPITAL,670053,TX,READM-30-HF-HRRP,80.0,,1.0035,20.9198,20.8462,17.0,07/01/2021,06/30/2024,0.3230399999999989
METHODIST HOSPITAL  STONE OAK,670055,TX,READM-30-PN-HRRP,499.0,,1.0454,16.0411,15.3443,83.0,07/01/2021,06/30/2024,6.431943000000004
ASCENSION  SETON HAYS,670056,TX,READM-30-COPD-HRRP,67.0,29,1.0122,18.0725,17.8539,13.0,07/01/2021,06/30/2024,1.0378869999999996
ASCENSION  SETON HAYS,670056,TX,READM-30-AMI-HRRP,96.0,29,1.0904,14.1076,12.9381,18.0,07/01/2021,06/30/2024,5.5794239999999995
BAYLOR SCOTT AND WHITE MEDICAL CENTER SUNNYVALE,670060,TX,READM-30-PN-HRRP,143.0,,1.0806,15.9729,14.7817,28.0,07/01/2021,06/30/2024,6.862168999999998
BAYLOR SCOTT AND WHITE MEDICAL CENTER SUNNYVALE,670060,TX,READM-30-HF-HRRP,132.0,,1.0075,18.5334,18.3957,25.0,07/01/2021,06/30/2024,0.7176759999999973
METHODIST MCKINNEY HOSPITAL,670069,TX,READM-30-HIP-KNEE-HRRP,276.0,,1.2551,4.8726,3.8821,16.0,07/01/2021,06/30/2024,5.285404
ST LUKE'S HOSPITAL AT THE VINTAGE,670075,TX,READM-30-HF-HRRP,107.0,,1.0132,19.675,19.4184,22.0,07/01/2021,06/30/2024,1.2223119999999987
HOUSTON METHODIST WEST HOSPITAL,670077,TX,READM-30-HF-HRRP,496.0,,1.0285,21.1527,20.5668,107.0,07/01/2021,06/30/2024,4.988671999999994
SETON MEDICAL CENTER HARKER HEIGHTS,670080,TX,READM-30-PN-HRRP,146.0,,1.0883,17.9572,16.5006,32.0,07/01/2021,06/30/2024,7.909124000000002
SETON MEDICAL CENTER HARKER HEIGHTS,670080,TX,READM-30-HF-HRRP,110.0,,1.0275,19.1372,18.6253,23.0,07/01/2021,06/30/2024,2.512170000000001
SETON MEDICAL CENTER HARKER HEIGHTS,670080,TX,READM-30-COPD-HRRP,67.0,,1.071,19.2575,17.981,18.0,07/01/2021,06/30/2024,5.952729999999999
BAYLOR SCOTT AND WHITE  MEDICAL CENTER  MCKINNEY,670082,TX,READM-30-PN-HRRP,410.0,,1.0104,14.9555,14.8018,62.0,07/01/2021,06/30/2024,1.3126199999999955
BAYLOR SCOTT AND WHITE  MEDICAL CENTER  MCKINNEY,670082,TX,READM-30-HF-HRRP,380.0,,1.0101,20.0712,19.8708,77.0,07/01/2021,06/30/2024,1.4909600000000012
BAYLOR SCOTT AND WHITE  MEDICAL CENTER  MCKINNEY,670082,TX,READM-30-COPD-HRRP,179.0,,1.0684,21.1715,19.8152,43.0,07/01/2021,06/30/2024,7.530791999999998
BAYLOR SCOTT & WHITE MEDICAL CENTER- COLLEGE STATI,670088,TX,READM-30-HF-HRRP,272.0,,1.03,18.707,18.1624,53.0,07/01/2021,06/30/2024,3.5982719999999944
BAYLOR SCOTT & WHITE MEDICAL CENTER- COLLEGE STATI,670088,TX,READM-30-COPD-HRRP,122.0,,1.0733,20.2149,18.8346,30.0,07/01/2021,06/30/2024,7.021788000000001
RESOLUTE HEALTH HOSPITAL,670098,TX,READM-30-PN-HRRP,184.0,,1.054,15.5011,14.7074,32.0,07/01/2021,06/30/2024,4.938383999999999
RESOLUTE HEALTH HOSPITAL,670098,TX,READM-30-HF-HRRP,192.0,,1.069,20.8952,19.5462,45.0,07/01/2021,06/30/2024,7.471296000000002
MEDICAL CITY ALLIANCE,670103,TX,READM-30-HF-HRRP,109.0,,1.0003,19.2442,19.2378,21.0,07/01/2021,06/30/2024,0.03079800000000077
HCA HOUSTON HEALTHCARE PEARLAND,670106,TX,READM-30-PN-HRRP,63.0,,1.0381,19.6355,18.9157,15.0,07/01/2021,06/30/2024,3.0831089999999985
HCA HOUSTON HEALTHCARE PEARLAND,670106,TX,READM-30-HF-HRRP,93.0,,1.0298,21.3087,20.6915,22.0,07/01/2021,06/30/2024,2.7569049999999997
THE HOSPITALS OF PROVIDENCE TRANSMOUNTAIN CAMPUS,670120,TX,READM-30-PN-HRRP,173.0,,1.1214,17.5053,15.6097,38.0,07/01/2021,06/30/2024,10.995218999999999
THE HOSPITALS OF PROVIDENCE TRANSMOUNTAIN CAMPUS,670120,TX,READM-30-HF-HRRP,115.0,,1.0277,19.1619,18.6446,24.0,07/01/2021,06/30/2024,2.5587100000000014
HOUSTON METHODIST THE WOODLANDS HOSPITAL,670122,TX,READM-30-COPD-HRRP,115.0,,1.0193,19.6037,19.2324,24.0,07/01/2021,06/30/2024,1.8827400000000019
HOUSTON METHODIST THE WOODLANDS HOSPITAL,670122,TX,READM-30-CABG-HRRP,123.0,,1.0583,11.0069,10.4002,15.0,07/01/2021,06/30/2024,2.2077539999999996
TEXAS HEALTH HOSPITAL FRISCO,670260,TX,READM-30-HF-HRRP,112.0,,1.0088,19.9632,19.7893,23.0,07/01/2021,06/30/2024,0.8359839999999998
TEXAS HEALTH HOSPITAL FRISCO,670260,TX,READM-30-COPD-HRRP,41.0,,1.0483,18.3891,17.5418,11.0,07/01/2021,06/30/2024,3.807862
